Date,adj_close,Volume,log_ret,ret,entropy,entropy_norm,vol_rolling,low_entropy,signal,strategy_ret,bench_ret,strategy_ret_net
2008-01-02,6179.39990234375,0,0.0056881873117958625,0.005704395766912729,,,,0,0,,0.005704395766912729,
2008-01-03,6178.5498046875,0,-0.0001375790770708634,-0.00013756961350364083,,,,0,0,-0.0,-0.00013756961350364083,-0.0001
2008-01-04,6274.2998046875,0,0.01537830938434316,0.015497164063864366,,,,0,0,0.0,0.015497164063864366,0.0
2008-01-07,6279.10009765625,0,0.0007647797791931744,0.0007650722978145286,,,,0,0,0.0,0.0007650722978145286,0.0
2008-01-08,6287.85009765625,0,0.0013925417508606917,0.0013935117873444813,,,,0,0,0.0,0.0013935117873444813,0.0
2008-01-09,6272.0,0,-0.0025239323633770325,-0.00252074992407314,,,,0,0,-0.0,-0.00252074992407314,-0.0
2008-01-10,6156.9501953125,0,-0.018513726267797494,-0.018343399982063135,,,,0,0,-0.0,-0.018343399982063135,-0.0
2008-01-11,6200.10009765625,0,0.00698387992367707,0.007008324084966766,,,,0,0,0.0,0.007008324084966766,0.0
2008-01-14,6206.7998046875,0,0.0010799970557015361,0.0010805804625286797,,,,0,0,0.0,0.0010805804625286797,0.0
2008-01-15,6074.25,0,-0.021586908944616102,-0.021355579180658557,,,,0,0,-0.0,-0.021355579180658557,-0.0
2008-01-16,5935.75,0,-0.02306513573985711,-0.02280116886858463,,,,0,0,-0.0,-0.02280116886858463,-0.0
2008-01-17,5913.2001953125,0,-0.003806216000501475,-0.003798981541928148,,,,0,0,-0.0,-0.003798981541928148,-0.0
2008-01-18,5705.2998046875,0,-0.0357916399254026,-0.035158693052504186,,,,0,0,-0.0,-0.035158693052504186,-0.0
2008-01-21,5208.7998046875,0,-0.09104606770543645,-0.08702434876289467,,,,0,0,-0.0,-0.08702434876289467,-0.0
2008-01-22,4899.2998046875,0,-0.06125716754059375,-0.05941867831462344,,,,0,0,-0.0,-0.05941867831462344,-0.0
2008-01-23,5203.39990234375,0,0.06021994140590446,0.06207011405288898,,,,0,0,0.0,0.06207011405288898,0.0
2008-01-24,5033.4501953125,0,-0.033206566814185656,-0.03266128112788336,,,,0,0,-0.0,-0.03266128112788336,-0.0
2008-01-25,5383.35009765625,0,0.0672052026164198,0.0695149229189953,,,,0,0,0.0,0.0695149229189953,0.0
2008-01-28,5274.10009765625,0,-0.02050280790342567,-0.02029405444902499,,,,0,0,-0.0,-0.02029405444902499,-0.0
2008-01-29,5280.7998046875,0,0.0012694971990299326,0.001270303351699198,,,,0,0,0.0,0.001270303351699198,0.0
2008-01-30,5167.60009765625,0,-0.021669181405218584,-0.02143609135320157,,,,0,0,-0.0,-0.02143609135320157,-0.0
2008-01-31,5137.4501953125,0,-0.005851497569508025,-0.00583441090138237,,,,0,0,-0.0,-0.00583441090138237,-0.0
2008-02-01,5317.25,0,0.03439936698022044,0.03499786817428463,,,,0,0,0.0,0.03499786817428463,0.0
2008-02-04,5463.5,0,0.027133357616145614,0.027504819220461663,,,,0,0,0.0,0.027504819220461663,0.0
2008-02-05,5483.89990234375,0,0.0037268988322754614,0.0037338523554040215,,,,0,0,0.0,0.0037338523554040215,0.0
2008-02-06,5322.5498046875,0,-0.029864033733124365,-0.029422509624453808,,,,0,0,-0.0,-0.029422509624453808,-0.0
2008-02-07,5133.25,0,-0.03621348827434316,-0.03556562392723617,,,,0,0,-0.0,-0.03556562392723617,-0.0
2008-02-08,5120.35009765625,0,-0.0025161716912677824,-0.0025130087846393367,,,,0,0,-0.0,-0.0025130087846393367,-0.0
2008-02-11,4857.0,0,-0.05280185179859542,-0.051432049104766064,,,,0,0,-0.0,-0.051432049104766064,-0.0
2008-02-12,4838.25,0,-0.0038678782652841076,-0.0038604076590488257,,,,0,0,-0.0,-0.0038604076590488257,-0.0
2008-02-13,4929.4501953125,0,0.018674374488220825,0.01884983109853766,,,,0,0,0.0,0.01884983109853766,0.0
2008-02-14,5202.0,0,0.05381570743991515,0.05529010211862406,,,,0,0,0.0,0.05529010211862406,0.0
2008-02-15,5302.89990234375,0,0.019210655284488846,0.01939636723255478,,,,0,0,0.0,0.01939636723255478,0.0
2008-02-18,5276.89990234375,0,-0.004915036734418354,-0.004902977706312872,,,,0,0,-0.0,-0.004902977706312872,-0.0
2008-02-19,5280.7998046875,0,0.0007387788304930346,0.0007390517947891695,,,,0,0,0.0,0.0007390517947891695,0.0
2008-02-20,5154.4501953125,0,-0.02421710726966097,-0.02392622595972027,,,,0,0,-0.0,-0.02392622595972027,-0.0
2008-02-21,5191.7998046875,0,0.007219963101829013,0.007246089875689643,,,,0,0,0.0,0.007246089875689643,0.0
2008-02-22,5110.75,0,-0.015734255756211124,-0.015611119021639253,,,,0,0,-0.0,-0.015611119021639253,-0.0
2008-02-25,5200.7001953125,0,0.01744710498421904,0.017600194748813802,,,,0,0,0.0,0.017600194748813802,0.0
2008-02-26,5270.0498046875,0,0.013246543646253755,0.01333466778906156,,,,0,0,0.0,0.01333466778906156,0.0
2008-02-27,5268.39990234375,0,-0.0003131205069242277,-0.0003130714898145204,,,,0,0,-0.0,-0.0003130714898145204,-0.0
2008-02-28,5285.10009765625,0,0.0031648664901924527,0.0031698799677433165,,,,0,0,0.0,0.0031698799677433165,0.0
2008-02-29,5223.5,0,-0.011723883801295562,-0.011655426863829366,,,,0,0,-0.0,-0.011655426863829366,-0.0
2008-03-03,4953.0,0,-0.05317422168932492,-0.05178520149325161,,,,0,0,-0.0,-0.05178520149325161,-0.0
2008-03-04,4864.25,0,-0.01808091223675228,-0.01791843327276399,,,,0,0,-0.0,-0.01791843327276399,-0.0
2008-03-05,4921.39990234375,0,0.011680481659729272,0.011748964864830125,,,,0,0,0.0,0.011748964864830125,0.0
2008-03-07,4771.60009765625,0,-0.03091132413728073,-0.03043845402934231,,,,0,0,-0.0,-0.03043845402934231,-0.0
2008-03-10,4800.39990234375,0,0.006017528539995237,0.006035670235996049,,,,0,0,0.0,0.006035670235996049,0.0
2008-03-11,4865.89990234375,0,0.01355244588847619,0.013644696552889357,,,,0,0,0.0,0.013644696552889357,0.0
2008-03-12,4872.0,0,0.0012528570873274933,0.0012536422406288494,,,,0,0,0.0,0.0012536422406288494,0.0
2008-03-13,4623.60009765625,0,-0.052330886848362665,-0.050985201630490584,,,,0,0,-0.0,-0.050985201630490584,-0.0
2008-03-14,4745.7998046875,0,0.02608633166147549,0.026429558017613708,,,,0,0,0.0,0.026429558017613708,0.0
2008-03-17,4503.10009765625,0,-0.05249390504412863,-0.05113989570135924,,,,0,0,-0.0,-0.05113989570135924,-0.0
2008-03-18,4533.0,0,0.006617901782132095,0.006639848481118982,,,,0,0,0.0,0.006639848481118982,0.0
2008-03-19,4573.9501953125,0,0.008993234932070661,0.00903379556860795,,,,0,0,0.0,0.00903379556860795,0.0
2008-03-24,4609.85009765625,0,0.007818132811706334,0.00784877421283281,,,,0,0,0.0,0.00784877421283281,0.0
2008-03-25,4877.5,0,0.05643745381264009,0.05806043508439229,,,,0,0,0.0,0.05806043508439229,0.0
2008-03-26,4828.85009765625,0,-0.010024429214414106,-0.009974352095079464,,,,0,0,-0.0,-0.009974352095079464,-0.0
2008-03-27,4830.25,0,0.00028986185864062055,0.00028990387264848927,,,,0,0,0.0,0.00028990387264848927,0.0
2008-03-28,4942.0,0,0.022871881407062488,0.023135448475751774,,,,0,0,0.0,0.023135448475751774,0.0
2008-03-31,4734.5,0,-0.04289398312500061,-0.04198704977741807,,,,0,0,-0.0,-0.04198704977741807,-0.0
2008-04-01,4739.5498046875,0,0.0010660288408502233,0.001066597251557777,,,,0,0,0.0,0.001066597251557777,0.0
2008-04-02,4754.2001953125,0,0.0030863256888461164,0.003091093295508829,,,,0,0,0.0,0.003091093295508829,0.0
2008-04-03,4771.60009765625,0,0.0036532199206828287,0.003659901061992654,,,,0,0,0.0,0.003659901061992654,0.0
2008-04-04,4647.0,0,-0.02645984878895571,-0.02611285420114151,,,,0,0,-0.0,-0.02611285420114151,-0.0
2008-04-07,4761.2001953125,0,0.02427792823044179,0.02457503664998928,,,,0,0,0.0,0.02457503664998928,0.0
2008-04-08,4709.64990234375,0,-0.010886203780200618,-0.010827163499552594,,,,0,0,-0.0,-0.010827163499552594,-0.0
2008-04-09,4747.0498046875,0,0.007909756784843095,0.007941121552397679,,,,0,0,0.0,0.007941121552397679,0.0
2008-04-10,4733.0,0,-0.00296408041381469,-0.002959691864540037,,,,0,0,-0.0,-0.002959691864540037,-0.0
2008-04-11,4777.7998046875,0,0.009420897706035044,0.009465414047644227,,,,0,0,0.0,0.009465414047644227,0.0
2008-04-15,4879.64990234375,0,0.02109332733837611,0.02131736402105533,,,,0,0,0.0,0.02131736402105533,0.0
2008-04-16,4887.2998046875,0,0.0015664878263013712,0.001567715409270587,,,,0,0,0.0,0.001567715409270587,0.0
2008-04-17,4958.39990234375,0,0.014443124561409898,0.014547930451914715,,,,0,0,0.0,0.014547930451914715,0.0
2008-04-21,5037.0,0,0.015727578407280188,0.01585190771302991,,,,0,0,0.0,0.01585190771302991,0.0
2008-04-22,5049.2998046875,0,0.0024389143734745633,0.0024418909445105275,,,,0,0,0.0,0.0024418909445105275,0.0
2008-04-23,5022.7998046875,0,-0.005262072889500719,-0.00524825243599103,,,,0,0,-0.0,-0.00524825243599103,-0.0
2008-04-24,4999.85009765625,0,-0.0045795767315603185,-0.00456910645927644,,,,0,0,-0.0,-0.00456910645927644,-0.0
2008-04-25,5111.7001953125,0,0.02212413660015115,0.02237069021502891,,,,0,0,0.0,0.02237069021502891,0.0
2008-04-28,5089.64990234375,0,-0.004323021384082487,-0.004313690577739782,,,,0,0,-0.0,-0.004313690577739782,-0.0
2008-04-29,5195.5,0,0.0205838195785686,0.020797127442401697,,,,0,0,0.0,0.020797127442401697,0.0
2008-04-30,5165.89990234375,0,-0.005713548064716786,-0.005697256790732408,,,,0,0,-0.0,-0.005697256790732408,-0.0
2008-05-02,5228.2001953125,0,0.011987769688960374,0.01205991098288317,,,,0,0,0.0,0.01205991098288317,0.0
2008-05-05,5192.25,0,-0.00689995869070044,-0.006876208631936498,,,,0,0,-0.0,-0.006876208631936498,-0.0
2008-05-06,5144.64990234375,0,-0.0092098084650326,-0.009167528076700848,,,,0,0,-0.0,-0.009167528076700848,-0.0
2008-05-07,5135.5,0,-0.0017801111553528285,-0.0017785276972066555,,,,0,0,-0.0,-0.0017785276972066555,-0.0
2008-05-08,5081.7001953125,0,-0.010531319910933291,-0.01047605971911203,,,,0,0,-0.0,-0.01047605971911203,-0.0
2008-05-09,4982.60009765625,0,-0.019694026964064176,-0.019501366441818546,,,,0,0,-0.0,-0.019501366441818546,-0.0
2008-05-12,5012.64990234375,0,0.006012835141285264,0.006030948520559631,,,,0,0,0.0,0.006030948520559631,0.0
2008-05-13,4957.7998046875,0,-0.01100264333194762,-0.01094233563580893,,,,0,0,-0.0,-0.01094233563580893,-0.0
2008-05-14,5011.75,0,0.010823100944386392,0.010881882576519342,1.584962500721156,1.0,0.40475108030346824,0,0,0.0,0.010881882576519342,0.0
2008-05-15,5115.25,0,0.020441118562082982,0.020651469047737736,1.584962500721156,1.0,0.40632155476287307,0,0,0.0,0.020651469047737736,0.0
2008-05-16,5157.7001953125,0,0.008264507492955415,0.008298752810224297,1.584962500721156,1.0,0.40667953232560106,0,0,0.0,0.008298752810224297,0.0
2008-05-20,5104.9501953125,0,-0.010280086048683846,-0.010227426566581155,1.584962500721156,1.0,0.4058393525543117,0,0,-0.0,-0.010227426566581155,-0.0
2008-05-21,5117.64990234375,0,0.0024846347197979898,0.002487723982676826,1.584962500721156,1.0,0.40588622826933723,0,0,0.0,0.002487723982676826,0.0
2008-05-22,5025.4501953125,0,-0.018180289189540084,-0.018016024697004918,1.584962500721156,1.0,0.40670635529912025,0,0,-0.0,-0.018016024697004918,-0.0
2008-05-23,4946.5498046875,0,-0.01582471663631613,-0.015700163678588397,1.584962500721156,1.0,0.40731801113022004,0,0,-0.0,-0.015700163678588397,-0.0
2008-05-26,4875.0498046875,0,-0.014560003658967207,-0.014454519376767339,1.584962500721156,1.0,0.4069352237777985,0,0,-0.0,-0.014454519376767339,-0.0
2008-05-27,4859.7998046875,0,-0.0031330761309393933,-0.0031281731697051507,1.584962500721156,1.0,0.40661300816469875,0,0,-0.0,-0.0031281731697051507,-0.0
2008-05-28,4918.35009765625,0,0.011975883645505798,0.012047881666293225,1.584962500721156,1.0,0.407308458504866,0,0,0.0,0.012047881666293225,0.0
2008-05-29,4835.2998046875,0,-0.017029994101201647,-0.01688580343402679,1.584962500721156,1.0,0.40677755256587883,0,0,-0.0,-0.01688580343402679,-0.0
2008-05-30,4870.10009765625,0,0.007171356659648312,0.007197132416693952,1.584962500721156,1.0,0.4056013901552614,0,0,0.0,0.007197132416693952,0.0
2008-06-02,4739.60009765625,0,-0.027161726252020037,-0.02679616381248584,1.584962500721156,1.0,0.40774066275841675,0,0,-0.0,-0.02679616381248584,-0.0
2008-06-03,4715.89990234375,0,-0.005013007232851876,-0.005000463082153295,1.584962500721156,1.0,0.4038502583543775,0,0,-0.0,-0.005000463082153295,-0.0
2008-06-04,4585.60009765625,0,-0.0280187773839173,-0.027629891937007045,1.584962500721156,1.0,0.3774614280434205,0,0,-0.0,-0.027629891937007045,-0.0
2008-06-05,4676.9501953125,0,0.019725249885616313,0.019921078094651046,1.584962500721156,1.0,0.3652354211579583,0,0,0.0,0.019921078094651046,0.0
2008-06-06,4627.7998046875,0,-0.010564678851926567,-0.010509068639272923,1.584962500721156,1.0,0.35082804344224866,0,0,-0.0,-0.010509068639272923,-0.0
2008-06-09,4500.9501953125,0,-0.027793021981505187,-0.027410349351437824,1.584962500721156,1.0,0.3495487230285835,0,0,-0.0,-0.027410349351437824,-0.0
2008-06-10,4449.7998046875,0,-0.011429421544689062,-0.011364353837612029,1.584962500721156,1.0,0.33017874309302514,0,0,-0.0,-0.011364353837612029,-0.0
2008-06-11,4523.60009765625,0,0.016449051147708362,0.016585081623449183,1.584962500721156,1.0,0.33014197139819834,0,0,0.0,0.016585081623449183,0.0
2008-06-12,4539.35009765625,0,0.003475692907089307,0.0034817401317503993,1.584962500721156,1.0,0.33021889492304934,0,0,0.0,0.0034817401317503993,0.0
2008-06-13,4517.10009765625,0,-0.0049136348760890885,-0.004901582720285957,1.584962500721156,1.0,0.3285331526615994,0,0,-0.0,-0.004901582720285957,-0.0
2008-06-16,4572.5,0,0.012189884648677788,0.01226448410397074,1.584962500721156,1.0,0.32924201601734326,0,0,0.0,0.01226448410397074,0.0
2008-06-17,4653.0,0,0.017452071579627682,0.017605248769819504,1.584962500721156,1.0,0.32523671516671876,0,0,0.0,0.017605248769819504,0.0
2008-06-18,4582.39990234375,0,-0.015289315829534852,-0.015173027650171922,1.584962500721156,1.0,0.3224025686724511,0,0,-0.0,-0.015173027650171922,-0.0
2008-06-19,4504.25,0,-0.017201461519304104,-0.017054361035530485,1.584962500721156,1.0,0.32325921715386424,0,0,-0.0,-0.017054361035530485,-0.0
2008-06-20,4347.5498046875,0,-0.035408972395669855,-0.03478940896098126,1.584962500721156,1.0,0.32473327137194624,0,0,-0.0,-0.03478940896098126,-0.0
2008-06-23,4266.39990234375,0,-0.018842065703361617,-0.01866566364720068,1.584962500721156,1.0,0.3208666049726354,0,0,-0.0,-0.01866566364720068,-0.0
2008-06-24,4191.10009765625,0,-0.017807104801721943,-0.017649495221048972,1.584962500721156,1.0,0.32194715268491647,0,0,-0.0,-0.017649495221048972,-0.0
2008-06-25,4252.64990234375,0,0.014579042457853951,0.014685835044102147,1.584962500721156,1.0,0.31155060790485556,0,0,0.0,0.014685835044102147,0.0
2008-06-26,4315.85009765625,0,0.014752019946292822,0.014861368032592637,1.584962500721156,1.0,0.31270174516622834,0,0,0.0,0.014861368032592637,0.0
2008-06-27,4136.64990234375,0,-0.04240805709320918,-0.04152141322281233,1.584962500721156,1.0,0.3183247690229673,0,0,-0.0,-0.04152141322281233,-0.0
2008-06-30,4040.550048828125,0,-0.023505424518432384,-0.02323132384521509,1.584962500721156,1.0,0.3060287973153936,0,0,-0.0,-0.02323132384521509,-0.0
2008-07-01,3896.75,0,-0.036237961018401016,-0.035589225994077545,1.584962500721156,1.0,0.3087858160142951,0,0,-0.0,-0.035589225994077545,-0.0
2008-07-02,4093.35009765625,0,0.049220857174104585,0.050452325054532565,1.584962500721156,1.0,0.32108776992960364,0,0,0.0,0.050452325054532565,0.0
2008-07-03,3925.75,0,-0.04180631377820185,-0.04094448157566921,1.584962500721156,1.0,0.327578555857025,0,0,-0.0,-0.04094448157566921,-0.0
2008-07-04,4016.0,0,0.022728966606501914,0.02298923772527539,1.584962500721156,1.0,0.3285063993205661,0,0,0.0,0.02298923772527539,0.0
2008-07-07,4030.0,0,0.0034799935691636496,0.003486055776892538,1.584962500721156,1.0,0.32824377462494503,0,0,0.0,0.003486055776892538,0.0
2008-07-08,3988.550048828125,0,-0.010338607384927605,-0.010285347685328738,1.584962500721156,1.0,0.32776627383440665,0,0,-0.0,-0.010285347685328738,-0.0
2008-07-09,4157.10009765625,0,0.04138997070841422,0.04225847658039217,1.584962500721156,1.0,0.3343276042660552,0,0,0.0,0.04225847658039217,0.0
2008-07-10,4162.2001953125,0,0.001226088280398324,0.0012268402339230544,1.584962500721156,1.0,0.33332929109932025,0,0,0.0,0.0012268402339230544,0.0
2008-07-11,4049.0,0,-0.027573890512452303,-0.027197200999602766,1.584962500721156,1.0,0.3359058991202613,0,0,-0.0,-0.027197200999602766,-0.0
2008-07-14,4039.699951171875,0,-0.0022995173469942992,-0.0022968754823722293,1.584962500721156,1.0,0.33574980297432,0,0,-0.0,-0.0022968754823722293,-0.0
2008-07-15,3861.10009765625,0,-0.045218277438091696,-0.04421116807544456,1.584962500721156,1.0,0.3428215077103319,0,0,-0.0,-0.04421116807544456,-0.0
2008-07-16,3816.699951171875,0,-0.011565980139766415,-0.01149935131475266,1.584962500721156,1.0,0.33262013656134454,0,0,-0.0,-0.01149935131475266,-0.0
2008-07-17,3947.199951171875,0,0.033620292297464015,0.034191841556717506,1.584962500721156,1.0,0.3371567190214404,0,0,0.0,0.034191841556717506,0.0
2008-07-18,4092.25,0,0.0360884866196913,0.03674758072112905,1.584962500721156,1.0,0.342458863563873,0,0,0.0,0.03674758072112905,0.0
2008-07-21,4159.5,0,0.016299933699478398,0.0164335023520068,1.584962500721156,1.0,0.3402981273855435,0,0,0.0,0.0164335023520068,0.0
2008-07-22,4240.10009765625,0,0.01919200216119292,0.019377352483772148,1.584962500721156,1.0,0.34183556117854574,0,0,0.0,0.019377352483772148,0.0
2008-07-23,4476.7998046875,0,0.054321584958322885,0.055824084710190514,1.584962500721156,1.0,0.3534865763264893,0,0,0.0,0.055824084710190514,0.0
2008-07-24,4433.5498046875,0,-0.009707888368776924,-0.009660918934707441,1.584962500721156,1.0,0.35377097443585753,0,0,-0.0,-0.009660918934707441,-0.0
2008-07-25,4311.85009765625,0,-0.027833504484506066,-0.02744972141794355,1.584962500721156,1.0,0.3460056506807631,0,0,-0.0,-0.02744972141794355,-0.0
2008-07-28,4332.10009765625,0,0.004685366432601327,0.00469635992471229,1.584962500721156,1.0,0.34314262304481064,0,0,0.0,0.00469635992471229,0.0
2008-07-29,4189.85009765625,0,-0.03338747836226951,-0.032836268043981764,1.584962500721156,1.0,0.33645047119754773,0,0,-0.0,-0.032836268043981764,-0.0
2008-07-30,4313.5498046875,0,0.029096228625124503,0.029523659354888654,1.584962500721156,1.0,0.33993834739029977,0,0,0.0,0.029523659354888654,0.0
2008-07-31,4332.9501953125,0,0.004487462714620029,0.004497546453252399,1.584962500721156,1.0,0.33966363828539986,0,0,0.0,0.004497546453252399,0.0
2008-08-01,4413.5498046875,0,0.018430661620246206,0.018601554539490195,1.584962500721156,1.0,0.34087055813982026,0,0,0.0,0.018601554539490195,0.0
2008-08-04,4395.35009765625,0,-0.004132123903968879,-0.004123598426808428,1.584962500721156,1.0,0.3270184854885034,0,0,-0.0,-0.004123598426808428,-0.0
2008-08-05,4502.85009765625,0,0.02416336519195173,0.0244576649439876,1.584962500721156,1.0,0.32938866118175625,0,0,0.0,0.0244576649439876,0.0
2008-08-06,4517.5498046875,0,0.0032592169311085736,0.003264533953484472,1.584962500721156,1.0,0.329453352415067,0,0,0.0,0.003264533953484472,0.0
2008-08-07,4523.85009765625,0,0.0013936545350367135,0.0013946261228183765,1.584962500721156,1.0,0.327045632620453,0,0,0.0,0.0013946261228183765,0.0
2008-08-08,4529.5,0,0.001248135334716441,0.0012489145797907053,1.584962500721156,1.0,0.3192771771639297,0,0,0.0,0.0012489145797907053,0.0
2008-08-11,4620.39990234375,0,0.01986970216929604,0.020068418665139642,1.584962500721156,1.0,0.32108226527614925,0,0,0.0,0.020068418665139642,0.0
2008-08-12,4552.25,0,-0.01485964406668586,-0.014749784387533271,1.584962500721156,1.0,0.3219521394838915,0,0,-0.0,-0.014749784387533271,-0.0
2008-08-13,4529.0498046875,0,-0.005109454876393555,-0.005096423815146411,1.584962500721156,1.0,0.32196733148065115,0,0,-0.0,-0.005096423815146411,-0.0
2008-08-14,4430.7001953125,0,-0.021954532153550886,-0.0217152854608067,1.584962500721156,1.0,0.3210288286342917,0,0,-0.0,-0.0217152854608067,-0.0
2008-08-18,4393.0498046875,0,-0.008533926986748298,-0.008497616395898855,1.584962500721156,1.0,0.3185349710734525,0,0,-0.0,-0.008497616395898855,-0.0
2008-08-19,4368.25,0,-0.0056612309761121336,-0.005645236405250387,1.584962500721156,1.0,0.31819069536235467,0,0,-0.0,-0.005645236405250387,-0.0
2008-08-20,4415.75,0,0.010815223816405003,0.010873919761918316,1.584962500721156,1.0,0.31845385100760126,0,0,0.0,0.010873919761918316,0.0
2008-08-21,4283.85009765625,0,-0.03032553429014587,-0.029870328334654417,1.584962500721156,1.0,0.32224803009110564,0,0,-0.0,-0.029870328334654417,-0.0
2008-08-22,4327.4501953125,0,0.010126338356580568,0.010177783223578318,1.584962500721156,1.0,0.3223154466568428,0,0,0.0,0.010177783223578318,0.0
2008-08-25,4335.35009765625,0,0.0018238685567018873,0.0018255328166012497,1.584962500721156,1.0,0.32016425669624926,0,0,0.0,0.0018255328166012497,0.0
2008-08-26,4337.5,0,0.0004957775964252001,0.0004959005144502537,1.584962500721156,1.0,0.3201419920832347,0,0,0.0,0.0004959005144502537,0.0
2008-08-27,4292.10009765625,0,-0.010521998862159846,-0.010466836275216163,1.584962500721156,1.0,0.31938479076934184,0,0,-0.0,-0.010466836275216163,-0.0
2008-08-28,4214.0,0,-0.018363831028820478,-0.0181962433026428,1.584962500721156,1.0,0.3192412945145318,0,0,-0.0,-0.0181962433026428,-0.0
2008-08-29,4360.0,0,0.034059741978945554,0.034646416706217265,1.584962500721156,1.0,0.32481738270089894,0,0,0.0,0.034646416706217265,0.0
2008-09-01,4348.64990234375,0,-0.002606627711540453,-0.0026032334073967656,1.584962500721156,1.0,0.32476371621641137,0,0,-0.0,-0.0026032334073967656,-0.0
2008-09-02,4504.0,0,0.03510046118798673,0.03572375361201696,1.584962500721156,1.0,0.33047067301147515,0,0,0.0,0.03572375361201696,0.0
2008-09-04,4447.75,0,-0.012567540504641407,-0.012488898756660705,1.584962500721156,1.0,0.32864311180835903,0,0,-0.0,-0.012488898756660705,-0.0
2008-09-05,4352.2998046875,0,-0.021693954207102673,-0.021460332822775596,1.584962500721156,1.0,0.33033978883509507,0,0,-0.0,-0.021460332822775596,-0.0
2008-09-08,4482.2998046875,0,0.02943186784319624,0.029869265867206174,1.584962500721156,1.0,0.33235836405420527,0,0,0.0,0.029869265867206174,0.0
2008-09-09,4468.7001953125,0,-0.0030386816756627945,-0.0030340695552710795,1.584962500721156,1.0,0.33229568327978976,0,0,-0.0,-0.0030340695552710795,-0.0
2008-09-10,4400.25,0,-0.015436224801236593,-0.0153176969411154,1.584962500721156,1.0,0.3322865612929174,0,0,-0.0,-0.0153176969411154,-0.0
2008-09-11,4290.2998046875,0,-0.025304742451286402,-0.024987261022101026,1.584962500721156,1.0,0.33448813401379945,0,0,-0.0,-0.024987261022101026,-0.0
2008-09-12,4228.4501953125,0,-0.014521073204396558,-0.01441615089636028,1.584962500721156,1.0,0.3349246737555281,0,0,-0.0,-0.01441615089636028,-0.0
2008-09-15,4072.89990234375,0,-0.037480289375793695,-0.03678659692886699,1.584962500721156,1.0,0.3400918640306079,0,0,-0.0,-0.03678659692886699,-0.0
2008-09-16,4074.89990234375,0,0.000490930088640157,0.0004910506145385796,1.584962500721156,1.0,0.33986185314303463,0,0,0.0,0.0004910506145385796,0.0
2008-09-17,4008.25,0,-0.016491445462295706,-0.01635620602739596,1.584962500721156,1.0,0.33944384040448317,0,0,-0.0,-0.01635620602739596,-0.0
2008-09-18,4038.14990234375,0,0.007431905033011946,0.007459590181188691,1.584962500721156,1.0,0.3395519226097094,0,0,0.0,0.007459590181188691,0.0
2008-09-19,4245.25,0,0.050014068724451716,0.051285886523442015,1.584962500721156,1.0,0.35035439996734524,0,0,0.0,0.051285886523442015,0.0
2008-09-22,4223.0498046875,0,-0.005243141287491266,-0.005229420013544539,1.584962500721156,1.0,0.3497561910105841,0,0,-0.0,-0.005229420013544539,-0.0
2008-09-23,4126.89990234375,0,-0.02303107341928404,-0.022767882641835158,1.584962500721156,1.0,0.3494572520902751,0,0,-0.0,-0.022767882641835158,-0.0
2008-09-24,4161.25,0,0.008289013769599644,0.008323462761173905,1.584962500721156,1.0,0.3494593691758064,0,0,0.0,0.008323462761173905,0.0
2008-09-25,4110.5498046875,0,-0.012258717915639393,-0.012183885926704718,1.584962500721156,1.0,0.34960159133403945,0,0,-0.0,-0.012183885926704718,-0.0
2008-09-26,3985.25,0,-0.030956746459839278,-0.030482492766445324,1.584962500721156,1.0,0.3527409493003855,0,0,-0.0,-0.030482492766445324,-0.0
2008-09-29,3850.050048828125,0,-0.034513897620804514,-0.03392508654962045,1.584962500721156,1.0,0.35580577861520435,0,0,-0.0,-0.03392508654962045,-0.0
2008-09-30,3921.199951171875,0,0.018311569042277057,0.01848025387758434,1.584962500721156,1.0,0.35689455364203976,0,0,0.0,0.01848025387758434,0.0
2008-10-01,3950.75,0,0.00750771735398448,0.007535970926270563,1.584962500721156,1.0,0.3567075731667882,0,0,0.0,0.007535970926270563,0.0
2008-10-03,3818.300048828125,0,-0.034100124132218405,-0.033525267650920676,1.584962500721156,1.0,0.36064550905429016,0,0,-0.0,-0.033525267650920676,-0.0
2008-10-06,3602.35009765625,0,-0.05821887279271458,-0.05655656926127428,1.584962500721156,1.0,0.3715317584986437,0,0,-0.0,-0.05655656926127428,-0.0
2008-10-07,3606.60009765625,0,0.0011790899859858098,0.0011797853858694918,1.584962500721156,1.0,0.3708974772121964,0,0,0.0,0.0011797853858694918,0.0
2008-10-08,3513.64990234375,0,-0.026110171950808763,-0.025772248875860604,1.584962500721156,1.0,0.37242562728624423,0,0,-0.0,-0.025772248875860604,-0.0
2008-10-10,3279.949951171875,0,-0.06882719192674666,-0.06651201959990027,1.584962500721156,1.0,0.38615357042621573,0,0,-0.0,-0.06651201959990027,-0.0
2008-10-13,3490.699951171875,0,0.06227411168951559,0.06425402921916601,1.584962500721156,1.0,0.40179613953179566,0,0,0.0,0.06425402921916601,0.0
2008-10-14,3518.64990234375,0,0.00797509038509584,0.008006976125946252,1.584962500721156,1.0,0.4000474388476786,0,0,0.0,0.008006976125946252,0.0
2008-10-15,3338.39990234375,0,-0.052585744522390884,-0.05122703451682897,1.584962500721156,1.0,0.4066896631062383,0,0,-0.0,-0.05122703451682897,-0.0
2008-10-16,3269.300048828125,0,-0.020915711392244338,-0.020698494948766633,1.584962500721156,1.0,0.4075489743294698,0,0,-0.0,-0.020698494948766633,-0.0
2008-10-17,3074.35009765625,0,-0.0614823810853935,-0.059630486116364456,1.584962500721156,1.0,0.4169410188620642,0,0,-0.0,-0.059630486116364456,-0.0
2008-10-20,3122.800048828125,0,0.015636522334850276,0.015759412439335208,1.584962500721156,1.0,0.41807698707043145,0,0,0.0,0.015759412439335208,0.0
2008-10-21,3234.89990234375,0,0.03526793448565593,0.035897224209949785,1.584962500721156,1.0,0.4218439151564324,0,0,0.0,0.035897224209949785,0.0
2008-10-22,3065.14990234375,0,-0.053901509414070264,-0.05247457575951975,1.584962500721156,1.0,0.42991906812561387,0,0,-0.0,-0.05247457575951975,-0.0
2008-10-23,2943.14990234375,0,-0.04061607280037005,-0.03980229479371089,1.584962500721156,1.0,0.43417825017430145,0,0,-0.0,-0.03980229479371089,-0.0
2008-10-24,2584.0,0,-0.13014181725086665,-0.12202908932968193,1.584962500721156,1.0,0.4812195863088026,0,0,-0.0,-0.12202908932968193,-0.0
2008-10-27,2524.199951171875,0,-0.023414424421962517,-0.023142433757014302,1.584962500721156,1.0,0.4803562476796841,0,0,-0.0,-0.023142433757014302,-0.0
2008-10-29,2697.050048828125,0,0.06623443970916182,0.06847718128510505,1.584962500721156,1.0,0.4954088767992515,0,0,0.0,0.06847718128510505,0.0
2008-10-31,2885.60009765625,0,0.06757428324225186,0.06990973300997894,1.584962500721156,1.0,0.5100223248067592,0,0,0.0,0.06990973300997894,0.0
2008-11-03,3043.85009765625,0,0.05339030915184837,0.05484127898683333,1.584962500721156,1.0,0.5166079403694555,0,0,0.0,0.05484127898683333,0.0
2008-11-04,3142.10009765625,0,0.03176820366711214,0.03227819926994835,1.584962500721156,1.0,0.5194138398278025,0,0,0.0,0.03227819926994835,0.0
2008-11-05,2994.949951171875,0,-0.04796387663501306,-0.046831781900944836,1.584962500721156,1.0,0.5242115533232746,0,0,-0.0,-0.046831781900944836,-0.0
2008-11-06,2892.64990234375,0,-0.0347545173986808,-0.034157515316106224,1.584962500721156,1.0,0.5258291697508751,0,0,-0.0,-0.034157515316106224,-0.0
2008-11-07,2973.0,0,0.027398540780887326,0.027777332331557547,1.584962500721156,1.0,0.5275483570199208,0,0,0.0,0.027777332331557547,0.0
2008-11-10,3148.25,0,0.057275198887858175,0.05894719138916926,1.584962500721156,1.0,0.5334123028533228,0,0,0.0,0.05894719138916926,0.0
2008-11-11,2938.64990234375,0,-0.06889648391547641,-0.06657670059755416,1.584962500721156,1.0,0.5436541329547153,0,0,-0.0,-0.06657670059755416,-0.0
2008-11-12,2848.449951171875,0,-0.03117528944420671,-0.030694350864978848,1.584962500721156,1.0,0.5428573418117129,0,0,-0.0,-0.030694350864978848,-0.0
2008-11-14,2810.35009765625,0,-0.013465904045903586,-0.013375644357012662,1.584962500721156,1.0,0.5357127099869516,0,0,-0.0,-0.013375644357012662,-0.0
2008-11-17,2799.550048828125,0,-0.0038503580772936584,-0.003842954953239386,1.584962500721156,1.0,0.5319155323648737,0,0,-0.0,-0.003842954953239386,-0.0
2008-11-18,2683.14990234375,0,-0.042467266370184525,-0.04157816236687728,1.584962500721156,1.0,0.5339074353364485,0,0,-0.0,-0.04157816236687728,-0.0
2008-11-19,2635.0,0,-0.018108259057428137,-0.017945289714037527,1.584962500721156,1.0,0.5342179688505744,0,0,-0.0,-0.017945289714037527,-0.0
2008-11-20,2553.14990234375,0,-0.03155532930269107,-0.03106265565702082,1.584962500721156,1.0,0.5360263175953947,0,0,-0.0,-0.03106265565702082,-0.0
2008-11-21,2693.449951171875,0,0.05349502893932693,0.05495174752541243,1.584962500721156,1.0,0.5393621840293478,0,0,0.0,0.05495174752541243,0.0
2008-11-24,2708.25,0,0.005479788213578264,0.005494829715207983,1.584962500721156,1.0,0.5395441791099641,0,0,0.0,0.005494829715207983,0.0
2008-11-25,2654.0,0,-0.02023473393352405,-0.02003138558109485,1.584962500721156,1.0,0.53880533399194,0,0,-0.0,-0.02003138558109485,-0.0
2008-11-26,2752.25,0,0.03635082305835962,0.03701959306706848,1.584962500721156,1.0,0.5431555147233437,0,0,0.0,0.03701959306706848,0.0
2008-11-28,2755.10009765625,0,0.0010350160640398135,0.0010355518780089668,1.584962500721156,1.0,0.5387773322205027,0,0,0.0,0.0010355518780089668,0.0
2008-12-01,2682.89990234375,0,-0.026555512393819494,-0.0262060153001048,1.584962500721156,1.0,0.5399755477489532,0,0,-0.0,-0.0262060153001048,-0.0
2008-12-02,2657.800048828125,0,-0.009399531351692986,-0.009355493842203355,1.584962500721156,1.0,0.536293693116474,0,0,-0.0,-0.009355493842203355,-0.0
2008-12-03,2656.449951171875,0,-0.0005081046940946947,-0.0005079756307647676,1.584962500721156,1.0,0.5319503245327101,0,0,-0.0,-0.0005079756307647676,-0.0
2008-12-04,2788.0,0,0.04833386630546942,0.049520996535279194,1.584962500721156,1.0,0.5382121226520766,0,0,0.0,0.049520996535279194,0.0
2008-12-05,2714.39990234375,0,-0.026753594387498327,-0.02639888725116568,1.584962500721156,1.0,0.537989776742878,0,0,-0.0,-0.02639888725116568,-0.0
2008-12-08,2784.0,0,0.0253178439613942,0.025641062540620485,1.584962500721156,1.0,0.5310860107012481,0,0,0.0,0.025641062540620485,0.0
2008-12-10,2928.25,0,0.05051623249567385,0.05181393678160928,1.584962500721156,1.0,0.5391632462146817,0,0,0.0,0.05181393678160928,0.0
2008-12-11,2920.14990234375,0,-0.0027700235862329696,-0.002766190610859698,1.584962500721156,1.0,0.5377355944096087,0,0,-0.0,-0.002766190610859698,-0.0
2008-12-12,2921.35009765625,0,0.000410920253150051,0.0004110046924428179,1.584962500721156,1.0,0.5375802216590476,0,0,0.0,0.0004110046924428179,0.0
2008-12-15,2981.199951171875,0,0.020280016011956118,0.020487052737582445,1.584962500721156,1.0,0.5368804330676763,0,0,0.0,0.020487052737582445,0.0
2008-12-16,3041.75,0,0.02010712003870125,0.02031062988724508,1.584962500721156,1.0,0.5355307838015945,0,0,0.0,0.02031062988724508,0.0
2008-12-17,2954.35009765625,0,-0.029154314127445423,-0.028733427251993127,1.584962500721156,1.0,0.5369988931167996,0,0,-0.0,-0.028733427251993127,-0.0
2008-12-18,3060.75,0,0.03538129041391165,0.03601465595704423,1.584962500721156,1.0,0.5397684110788793,0,0,0.0,0.03601465595704423,0.0
2008-12-19,3077.5,0,0.005457595104583804,0.005472514906477155,1.584962500721156,1.0,0.5400036019699722,0,0,0.0,0.005472514906477155,0.0
2008-12-22,3039.300048828125,0,-0.012490337265284769,-0.0124126567577173,1.584962500721156,1.0,0.5380781739538931,0,0,-0.0,-0.0124126567577173,-0.0
2008-12-23,2968.64990234375,0,-0.023519970684070027,-0.023245531980830902,1.584962500721156,1.0,0.5388687013558568,0,0,-0.0,-0.023245531980830902,-0.0
2008-12-24,2916.85009765625,0,-0.017602970778235815,-0.017448943591025667,1.584962500721156,1.0,0.539201386417733,0,0,-0.0,-0.017448943591025667,-0.0
2008-12-26,2857.25,0,-0.02064467655331063,-0.020433034150140195,1.584962500721156,1.0,0.5397414953260044,0,0,-0.0,-0.020433034150140195,-0.0
2008-12-29,2922.199951171875,0,0.02247711675090526,0.022731630474013498,1.584962500721156,1.0,0.5401008216437113,0,0,0.0,0.022731630474013498,0.0
2008-12-30,2979.5,0,0.019418760658421116,0.019608531170205,1.584962500721156,1.0,0.5413894859528539,0,0,0.0,0.019608531170205,0.0
2008-12-31,2959.14990234375,0,-0.006853469271492079,-0.00683003781045477,1.584962500721156,1.0,0.5414009981177151,0,0,-0.0,-0.00683003781045477,-0.0
2009-01-02,3046.75,0,0.029173416788070172,0.02960312946189969,1.584962500721156,1.0,0.5435504205675997,0,0,0.0,0.02960312946189969,0.0
2009-01-05,3121.449951171875,0,0.024222173087035313,0.024517912914375994,1.584962500721156,1.0,0.5455640937543597,0,0,0.0,0.024517912914375994,0.0
2009-01-06,3112.800048828125,0,-0.002774963434064196,-0.0027711167819629567,1.584962500721156,1.0,0.5455575449828579,0,0,-0.0,-0.0027711167819629567,-0.0
2009-01-07,2920.39990234375,0,-0.06380209861399314,-0.061809349610106756,1.584962500721156,1.0,0.5541316315017939,0,0,-0.0,-0.061809349610106756,-0.0
2009-01-09,2873.0,0,-0.016363779763300036,-0.016230620438560273,1.584962500721156,1.0,0.5527867780264836,0,0,-0.0,-0.016230620438560273,-0.0
2009-01-12,2773.10009765625,0,-0.03539091677149253,-0.03477198132396453,1.584962500721156,1.0,0.5546350064642777,0,0,-0.0,-0.03477198132396453,-0.0
2009-01-13,2744.949951171875,0,-0.010203021154655566,-0.010151146908893294,1.584962500721156,1.0,0.5545845455078092,0,0,-0.0,-0.010151146908893294,-0.0
2009-01-14,2835.300048828125,0,0.0323849268374807,0.03291502550626757,1.584962500721156,1.0,0.5580483599283471,0,0,0.0,0.03291502550626757,0.0
2009-01-15,2736.699951171875,0,-0.03539497176044313,-0.03477589530497949,1.584962500721156,1.0,0.5603275095836159,0,0,-0.0,-0.03477589530497949,-0.0
2009-01-16,2828.449951171875,0,0.032976044019506844,0.03352577982131799,1.584962500721156,1.0,0.5634375470977123,0,0,0.0,0.03352577982131799,0.0
2009-01-19,2846.199951171875,0,0.006255912944324117,0.006275522037307413,1.584962500721156,1.0,0.5599698225223207,0,0,0.0,0.006275522037307413,0.0
2009-01-20,2796.60009765625,0,-0.01758032556762567,-0.017426693263487336,1.584962500721156,1.0,0.5603688087668707,0,0,-0.0,-0.017426693263487336,-0.0
2009-01-21,2706.14990234375,0,-0.032877504046247,-0.03234291359293873,1.584962500721156,1.0,0.558168171949807,0,0,-0.0,-0.03234291359293873,-0.0
2009-01-22,2713.800048828125,0,0.002822960224243932,0.002826948528516171,1.584962500721156,1.0,0.5582230261350319,0,0,0.0,0.002826948528516171,0.0
2009-01-23,2678.550048828125,0,-0.01307426316382555,-0.012989166248715267,1.584962500721156,1.0,0.5577006353795879,0,0,-0.0,-0.012989166248715267,-0.0
2009-01-27,2771.35009765625,0,0.03405897977599281,0.03464562809596394,1.584962500721156,1.0,0.558571821054806,0,0,0.0,0.03464562809596394,0.0
2009-01-28,2849.5,0,0.027808938958505707,0.028199216840139263,1.584962500721156,1.0,0.5613103371074484,0,0,0.0,0.028199216840139263,0.0
2009-01-29,2823.949951171875,0,-0.009006943491818803,-0.008966502483988448,1.584962500721156,1.0,0.56107490440577,0,0,-0.0,-0.008966502483988448,-0.0
2009-01-30,2874.800048828125,0,0.017846526795929192,0.018006727645845322,1.584962500721156,1.0,0.5612837468500184,0,0,0.0,0.018006727645845322,0.0
2009-02-02,2766.64990234375,0,-0.038345956874768494,-0.03762005866406637,1.584962500721156,1.0,0.5639040324959014,0,0,-0.0,-0.03762005866406637,-0.0
2009-02-03,2783.89990234375,0,0.0062156204856254945,0.006234977539220532,1.584962500721156,1.0,0.5614497447604787,0,0,0.0,0.006234977539220532,0.0
2009-02-04,2803.050048828125,0,0.0068553402659932376,0.006878891898466799,1.584962500721156,1.0,0.561702145771498,0,0,0.0,0.006878891898466799,0.0
2009-02-05,2780.050048828125,0,-0.008239196757802842,-0.008205347603270852,1.584962500721156,1.0,0.5613586842443479,0,0,-0.0,-0.008205347603270852,-0.0
2009-02-06,2843.10009765625,0,0.02242610979455669,0.022679465376784336,1.584962500721156,1.0,0.5627871117761524,0,0,0.0,0.022679465376784336,0.0
2009-02-09,2919.89990234375,0,0.026654295162721622,0.0270126981286416,1.584962500721156,1.0,0.5577861551584827,0,0,0.0,0.0270126981286416,0.0
2009-02-10,2934.5,0,0.0049877453428987,0.005000204851039802,1.584962500721156,1.0,0.5579924950099021,0,0,0.0,0.005000204851039802,0.0
2009-02-11,2925.699951171875,0,-0.0030033294140615428,-0.002998823931887884,1.584962500721156,1.0,0.5570685604391079,0,0,-0.0,-0.002998823931887884,-0.0
2009-02-12,2893.050048828125,0,-0.011222425782679828,-0.011159689267066564,1.584962500721156,1.0,0.5568241624360477,0,0,-0.0,-0.011159689267066564,-0.0
2009-02-13,2948.35009765625,0,0.018934399141738875,0.019114791619496918,1.584962500721156,1.0,0.55796559102332,0,0,0.0,0.019114791619496918,0.0
2009-02-16,2848.5,0,-0.03445318502293645,-0.03386643185136817,1.584962500721156,1.0,0.558479782700491,0,0,-0.0,-0.03386643185136817,-0.0
2009-02-17,2770.5,0,-0.027764730613045917,-0.02738283307003686,1.584962500721156,1.0,0.5575398606624816,0,0,-0.0,-0.02738283307003686,-0.0
2009-02-18,2776.14990234375,0,0.0020372312647437417,0.002039307830265402,1.584962500721156,1.0,0.5563881120273902,0,0,0.0,0.002039307830265402,0.0
2009-02-19,2789.35009765625,0,0.004743588200394986,0.004754856825762932,1.584962500721156,1.0,0.5562477366294064,0,0,0.0,0.004754856825762932,0.0
2009-02-20,2736.449951171875,0,-0.019147186713807076,-0.01896504369559937,1.584962500721156,1.0,0.5545066282064318,0,0,-0.0,-0.01896504369559937,-0.0
2009-02-24,2733.89990234375,0,-0.0009323166090364684,-0.0009318821369390662,1.584962500721156,1.0,0.54679117647566,0,0,-0.0,-0.0009318821369390662,-0.0
2009-02-25,2762.5,0,0.010406941376308907,0.010461281933450195,1.584962500721156,1.0,0.5472118471773291,0,0,0.0,0.010461281933450195,0.0
2009-02-26,2785.64990234375,0,0.008345137424263965,0.008380055147058751,1.584962500721156,1.0,0.5461212008804797,0,0,0.0,0.008380055147058751,0.0
2009-02-27,2763.64990234375,0,-0.00792896979194595,-0.007897618427028408,1.584962500721156,1.0,0.534589749285113,0,0,-0.0,-0.007897618427028408,-0.0
2009-03-02,2674.60009765625,0,-0.03275236150716165,-0.032221810950793794,1.584962500721156,1.0,0.5258657482990368,0,0,-0.0,-0.032221810950793794,-0.0
2009-03-03,2622.39990234375,0,-0.019709981200865638,-0.019517009424415588,1.584962500721156,1.0,0.5262762263189598,0,0,-0.0,-0.019517009424415588,-0.0
2009-03-04,2645.199951171875,0,0.008656766591065127,0.008694344751823513,1.584962500721156,1.0,0.5199653835152016,0,0,0.0,0.008694344751823513,0.0
2009-03-05,2576.699951171875,0,-0.026237166850943634,-0.025895962976127063,1.584962500721156,1.0,0.5205724291909971,0,0,-0.0,-0.025895962976127063,-0.0
2009-03-06,2620.14990234375,0,0.016722039263046325,0.016862635151645877,1.584962500721156,1.0,0.5119211829283306,0,0,0.0,0.016862635151645877,0.0
2009-03-09,2573.14990234375,0,-0.018100739416035568,-0.01793790498702308,1.584962500721156,1.0,0.511784652904216,0,0,-0.0,-0.01793790498702308,-0.0
2009-03-12,2617.449951171875,0,0.017069751373213142,0.017216272082622996,1.584962500721156,1.0,0.5089151239526057,0,0,0.0,0.017216272082622996,0.0
2009-03-13,2719.25,0,0.038155564263315164,0.03889283490694728,1.584962500721156,1.0,0.5058166870965133,0,0,0.0,0.03889283490694728,0.0
2009-03-16,2777.25,0,0.02110512248787214,0.021329410683092798,1.584962500721156,1.0,0.5027782183590525,0,0,0.0,0.021329410683092798,0.0
2009-03-17,2757.449951171875,0,-0.007154907572551497,-0.007129372158835134,1.584962500721156,1.0,0.452711669736694,0,0,-0.0,-0.007129372158835134,-0.0
2009-03-18,2794.699951171875,0,0.013418426941530072,0.013508858060748974,1.584962500721156,1.0,0.4513447870374783,0,0,0.0,0.013508858060748974,0.0
2009-03-19,2807.14990234375,0,0.004444950148910318,0.004454843593014068,1.584962500721156,1.0,0.4377466299673266,0,0,0.0,0.004454843593014068,0.0
2009-03-20,2807.050048828125,0,-3.5571770333755804e-05,-3.5571137665835195e-05,1.584962500721156,1.0,0.4227520129323043,0,0,-0.0,-3.5571137665835195e-05,-0.0
2009-03-23,2939.89990234375,0,0.04624140672188046,0.04732721227079173,1.584962500721156,1.0,0.42034332787318246,0,0,0.0,0.04732721227079173,0.0
2009-03-24,2938.699951171875,0,-0.00040824387386155725,-0.0004081605536699895,1.584962500721156,1.0,0.41680750995424776,0,0,-0.0,-0.0004081605536699895,-0.0
2009-03-25,2984.35009765625,0,0.01541471033603829,0.0155341297998699,1.584962500721156,1.0,0.4099121061250971,0,0,0.0,0.0155341297998699,0.0
2009-03-26,3082.25,0,0.032277849355218144,0.03280442948722251,1.584962500721156,1.0,0.40918388909512377,0,0,0.0,0.03280442948722251,0.0
2009-03-27,3108.64990234375,0,0.008528667167411222,0.008565139863330407,1.584962500721156,1.0,0.4069103907998711,0,0,0.0,0.008565139863330407,0.0
2009-03-30,2978.14990234375,0,-0.04288624735610465,-0.041979638781970974,1.584962500721156,1.0,0.4018219498009834,0,0,-0.0,-0.041979638781970974,-0.0
2009-03-31,3020.949951171875,0,0.014269065715578424,0.014371354777824363,1.584962500721156,1.0,0.3855778466565828,0,0,0.0,0.014371354777824363,0.0
2009-04-01,3060.35009765625,0,0.012957985125214675,0.013042303620121487,1.584962500721156,1.0,0.3824340893598046,0,0,0.0,0.013042303620121487,0.0
2009-04-02,3211.050048828125,0,0.04806868124685913,0.04924271614783149,1.584962500721156,1.0,0.3897278829101442,0,0,0.0,0.04924271614783149,0.0
2009-04-06,3256.60009765625,0,0.014085734669678393,0.014185406062029005,1.584962500721156,1.0,0.3901885234396611,0,0,0.0,0.014185406062029005,0.0
2009-04-08,3342.949951171875,0,0.026169899758864138,0.026515338367081087,1.584962500721156,1.0,0.38506945140531484,0,0,0.0,0.026515338367081087,0.0
2009-04-09,3342.050048828125,0,-0.0002692303213719887,-0.0002691940821413219,1.584962500721156,1.0,0.3835276114338039,0,0,-0.0,-0.0002691940821413219,-0.0
2009-04-13,3382.60009765625,0,0.012060267655323522,0.012133285928002113,1.584962500721156,1.0,0.3794386451361116,0,0,0.0,0.012133285928002113,0.0
2009-04-15,3484.14990234375,0,0.0295794105677314,0.03002122679469621,1.584962500721156,1.0,0.3724963595409076,0,0,0.0,0.03002122679469621,0.0
2009-04-16,3369.5,0,-0.03345971859157479,-0.03290613365016992,1.584962500721156,1.0,0.377387660471901,0,0,-0.0,-0.03290613365016992,-0.0
2009-04-17,3384.39990234375,0,0.004412243809254642,0.004421992088959881,1.584962500721156,1.0,0.3754455172864834,0,0,0.0,0.004421992088959881,0.0
2009-04-20,3377.10009765625,0,-0.0021592272494664116,-0.0021568977952176605,1.584962500721156,1.0,0.3711785501279134,0,0,-0.0,-0.0021568977952176605,-0.0
2009-04-21,3365.300048828125,0,-0.003500255285772585,-0.0034941365333868157,1.584962500721156,1.0,0.37129895174033545,0,0,-0.0,-0.0034941365333868157,-0.0
2009-04-22,3330.300048828125,0,-0.010454721991796463,-0.010400261341388495,1.584962500721156,1.0,0.36873408368428073,0,0,-0.0,-0.010400261341388495,-0.0
2009-04-23,3423.699951171875,0,0.027659418670333946,0.028045491689740132,1.584962500721156,1.0,0.3705854740861179,0,0,0.0,0.028045491689740132,0.0
2009-04-24,3480.75,0,0.016525964450570363,0.01666327354667807,1.584962500721156,1.0,0.37124873192867947,0,0,0.0,0.01666327354667807,0.0
2009-04-27,3470.0,0,-0.003093193848489998,-0.0030884148531207245,1.584962500721156,1.0,0.36335831938887897,0,0,-0.0,-0.0030884148531207245,-0.0
2009-04-28,3362.35009765625,0,-0.031514430647232416,-0.031023026612031712,1.584962500721156,1.0,0.3645264977497251,0,0,-0.0,-0.031023026612031712,-0.0
2009-04-29,3473.949951171875,0,0.03265209771732386,0.033191027190599964,1.584962500721156,1.0,0.3660367848682517,0,0,0.0,0.033191027190599964,0.0
2009-05-04,3654.0,0,0.05053019692695566,0.051828624867605866,1.584962500721156,1.0,0.3660419766656489,0,0,0.0,0.051828624867605866,0.0
2009-05-05,3661.89990234375,0,0.002159653773205986,0.002161987505131302,1.584962500721156,1.0,0.36593546530870036,0,0,0.0,0.002161987505131302,0.0
2009-05-06,3625.050048828125,0,-0.010114016944416868,-0.01006304227268462,1.584962500721156,1.0,0.3665301325559269,0,0,-0.0,-0.01006304227268462,-0.0
2009-05-07,3683.89990234375,0,0.016103852322857194,0.016234218210214646,1.584962500721156,1.0,0.366019500431956,0,0,0.0,0.016234218210214646,0.0
2009-05-08,3620.699951171875,0,-0.017304583283461062,-0.01715571889770029,1.584962500721156,1.0,0.3662343278294585,0,0,-0.0,-0.01715571889770029,-0.0
2009-05-11,3554.60009765625,0,-0.018424797007042516,-0.018256098104520113,1.584962500721156,1.0,0.36408909557205893,0,0,-0.0,-0.018256098104520113,-0.0
2009-05-12,3681.10009765625,0,0.03496908027085117,0.03558768821376246,1.584962500721156,1.0,0.3639829001874752,0,0,0.0,0.03558768821376246,0.0
2009-05-13,3635.25,0,-0.012533762676350726,-0.012455542212895132,1.584962500721156,1.0,0.36475027207710675,0,0,-0.0,-0.012455542212895132,-0.0
2009-05-14,3593.449951171875,0,-0.011565154181398902,-0.011498534854033404,1.584962500721156,1.0,0.36465054739214275,0,0,-0.0,-0.011498534854033404,-0.0
2009-05-15,3671.64990234375,0,0.021528395483821135,0.0217618033462168,1.584962500721156,1.0,0.36356210996529453,0,0,0.0,0.0217618033462168,0.0
2009-05-18,4323.14990234375,0,0.16334315490680712,0.17744066491310173,1.584962500721156,1.0,0.45099484987910227,0,0,0.0,0.17744066491310173,0.0
2009-05-19,4318.4501953125,0,-0.001087693816303243,-0.0010871024917969985,1.584962500721156,1.0,0.44910655522887344,0,0,-0.0,-0.0010871024917969985,-0.0
2009-05-20,4270.2998046875,0,-0.011212550157980046,-0.0111499238030498,1.584962500721156,1.0,0.4488451936193066,0,0,-0.0,-0.0111499238030498,-0.0
2009-05-21,4210.89990234375,0,-0.014007658268312618,-0.013910007507797695,1.584962500721156,1.0,0.44912423190331946,0,0,-0.0,-0.013910007507797695,-0.0
2009-05-22,4238.5,0,0.00653305468823182,0.0065544416386835724,1.584962500721156,1.0,0.4487799289663476,0,0,0.0,0.0065544416386835724,0.0
2009-05-25,4237.5498046875,0,-0.00022420711024016018,-0.0002241819777043519,1.584962500721156,1.0,0.44680105161438893,0,0,-0.0,-0.0002241819777043519,-0.0
2009-05-26,4116.7001953125,0,-0.02893330697304976,-0.028518746668491857,1.584962500721156,1.0,0.44872571816527596,0,0,-0.0,-0.028518746668491857,-0.0
2009-05-27,4276.0498046875,0,0.03797772160667217,0.03870809187330293,1.584962500721156,1.0,0.45238799353654113,0,0,0.0,0.03870809187330293,0.0
2009-05-28,4337.10009765625,0,0.014176303927149506,0.014277264240894816,1.584962500721156,1.0,0.4381195370806447,0,0,0.0,0.014277264240894816,0.0
2009-05-29,4448.9501953125,0,0.025462212664147377,0.02578914369919505,1.584962500721156,1.0,0.43809860577627086,0,0,0.0,0.02578914369919505,0.0
2009-06-01,4529.89990234375,0,0.018031685456947947,0.01819523786005517,1.584962500721156,1.0,0.43329526370505567,0,0,0.0,0.01819523786005517,0.0
2009-06-02,4525.25,0,-0.0010270183934249677,-0.0010264911905325524,1.584962500721156,1.0,0.43262805049680364,0,0,-0.0,-0.0010264911905325524,-0.0
2009-06-03,4530.7001953125,0,0.0012036718075930097,0.0012043965112424893,1.584962500721156,1.0,0.43029264643341564,0,0,0.0,0.0012043965112424893,0.0
2009-06-04,4572.64990234375,0,0.009216388147472976,0.00925898983001594,1.584962500721156,1.0,0.4248136869997579,0,0,0.0,0.00925898983001594,0.0
2009-06-05,4586.89990234375,0,0.003111509146328134,0.0031163549154935577,1.584962500721156,1.0,0.42231701651030573,0,0,0.0,0.0031163549154935577,0.0
2009-06-08,4429.89990234375,0,-0.03482740495188661,-0.034227910646094206,1.584962500721156,1.0,0.42763530771407565,0,0,-0.0,-0.034227910646094206,-0.0
2009-06-09,4550.9501953125,0,0.02695905690062911,0.027325740002546173,1.584962500721156,1.0,0.42749563453957,0,0,0.0,0.027325740002546173,0.0
2009-06-10,4655.25,0,0.022659569685072888,0.02291824788478891,1.584962500721156,1.0,0.4234939595234562,0,0,0.0,0.02291824788478891,0.0
2009-06-11,4637.7001953125,0,-0.0037770191773879485,-0.0037698952123945695,1.584962500721156,1.0,0.42377926869043137,0,0,-0.0,-0.0037698952123945695,-0.0
2009-06-12,4583.39990234375,0,-0.011777536315623243,-0.011708452612705145,1.584962500721156,1.0,0.4236199317050544,0,0,-0.0,-0.011708452612705145,-0.0
2009-06-15,4484.0,0,-0.02192555427681002,-0.021686936436186022,1.584962500721156,1.0,0.42346676955334767,0,0,-0.0,-0.021686936436186022,-0.0
2009-06-16,4517.7998046875,0,0.007509601249351286,0.007537869020405985,1.584962500721156,1.0,0.4217768832353526,0,0,0.0,0.007537869020405985,0.0
2009-06-17,4356.14990234375,0,-0.03643648913774111,-0.03578066964720927,1.584962500721156,1.0,0.4268452896249598,0,0,-0.0,-0.03578066964720927,-0.0
2009-06-18,4251.39990234375,0,-0.02434029983501015,-0.024046463585571498,1.584962500721156,1.0,0.42903050102644325,0,0,-0.0,-0.024046463585571498,-0.0
2009-06-19,4313.60009765625,0,0.01452452744843538,0.01463052094398587,1.584962500721156,1.0,0.4232157010665436,0,0,0.0,0.01463052094398587,0.0
2009-06-22,4235.25,0,-0.018330486696030126,-0.018163505165632032,1.584962500721156,1.0,0.4249947407851266,0,0,-0.0,-0.018163505165632032,-0.0
2009-06-23,4247.0,0,0.0027704930922153406,0.00277433445487274,1.584962500721156,1.0,0.424990018909762,0,0,0.0,0.00277433445487274,0.0
2009-06-24,4292.9501953125,0,0.010761336472574526,0.010819447919119485,1.584962500721156,1.0,0.42455164034126547,0,0,0.0,0.010819447919119485,0.0
2009-06-25,4241.85009765625,0,-0.011974669943257217,-0.01190325890853483,1.584962500721156,1.0,0.424416485340126,0,0,-0.0,-0.01190325890853483,-0.0
2009-06-26,4375.5,0,0.03102128113329754,0.03150745530060006,1.584962500721156,1.0,0.42512582755142675,0,0,0.0,0.03150745530060006,0.0
2009-06-29,4390.9501953125,0,0.003524850073885381,0.003531069663466946,1.584962500721156,1.0,0.4251280656066247,0,0,0.0,0.003531069663466946,0.0
2009-06-30,4291.10009765625,0,-0.02300251598093086,-0.022739974997403434,1.584962500721156,1.0,0.42743544052533144,0,0,-0.0,-0.022739974997403434,-0.0
2009-07-01,4340.89990234375,0,0.011538544301859693,0.011605370080903121,1.584962500721156,1.0,0.42679808203485126,0,0,0.0,0.011605370080903121,0.0
2009-07-02,4348.85009765625,0,0.001829787400255588,0.0018314624827464598,1.584962500721156,1.0,0.42612025978759455,0,0,0.0,0.0018314624827464598,0.0
2009-07-03,4424.25,0,0.01718930778033886,0.017337894075582394,1.584962500721156,1.0,0.421553374634,0,0,0.0,0.017337894075582394,0.0
2009-07-06,4165.7001953125,0,-0.06021639695929826,-0.05843923934847717,1.584962500721156,1.0,0.43203863579264223,0,0,-0.0,-0.05843923934847717,-0.0
2009-07-07,4202.14990234375,0,0.008711900223230998,0.008749959267895902,1.584962500721156,1.0,0.4320738807818293,0,0,0.0,0.008749959267895902,0.0
2009-07-08,4078.89990234375,0,-0.02976895555269576,-0.029330224495622392,1.584962500721156,1.0,0.43588536661121735,0,0,-0.0,-0.029330224495622392,-0.0
2009-07-09,4080.949951171875,0,0.0005024722042830826,0.0005025984645876669,1.584962500721156,1.0,0.43413905205653625,0,0,0.0,0.0005025984645876669,0.0
2009-07-10,4003.89990234375,0,-0.019060930758841594,-0.018880419938989812,1.584962500721156,1.0,0.43583085257199644,0,0,-0.0,-0.018880419938989812,-0.0
2009-07-13,3974.050048828125,0,-0.007483123607038943,-0.0074551947460405055,1.584962500721156,1.0,0.4361419993368377,0,0,-0.0,-0.0074551947460405055,-0.0
2009-07-14,4111.39990234375,0,0.03397784123808458,0.034561681868130245,1.584962500721156,1.0,0.43895828885340193,0,0,0.0,0.034561681868130245,0.0
2009-07-15,4233.5,0,0.029265494743313428,0.02969793757757433,1.584962500721156,1.0,0.4404280385138295,0,0,0.0,0.02969793757757433,0.0
2009-07-16,4231.39990234375,0,-0.000496189612060596,-0.0004960665303531675,1.584962500721156,1.0,0.4359379381735446,0,0,-0.0,-0.0004960665303531675,-0.0
2009-07-17,4374.9501953125,0,0.03336225132807462,0.03392501211933152,1.584962500721156,1.0,0.43643205972964827,0,0,0.0,0.03392501211933152,0.0
2009-07-20,4502.25,0,0.028682136001716218,0.02909742945734428,1.584962500721156,1.0,0.4381011240262244,0,0,0.0,0.02909742945734428,0.0
2009-07-21,4469.10009765625,0,-0.0073902038949700795,-0.007362963483536045,1.584962500721156,1.0,0.43531164564808333,0,0,-0.0,-0.007362963483536045,-0.0
2009-07-22,4398.89990234375,0,-0.015832580454101436,-0.015707904002713047,1.584962500721156,1.0,0.43647324797898224,0,0,-0.0,-0.015707904002713047,-0.0
2009-07-23,4523.75,0,0.02798680842696153,0.028382118354120633,1.584962500721156,1.0,0.43615324740059436,0,0,0.0,0.028382118354120633,0.0
2009-07-24,4568.5498046875,0,0.009854529260629578,0.009903245026250396,1.584962500721156,1.0,0.43581430840367325,0,0,0.0,0.009903245026250396,0.0
2009-07-27,4572.2998046875,0,0.0008204927048645212,0.0008208294010831896,1.584962500721156,1.0,0.43252568575243705,0,0,0.0,0.0008208294010831896,0.0
2009-07-28,4564.10009765625,0,-0.0017949541001751161,-0.0017933441334804234,1.584962500721156,1.0,0.4319243759812839,0,0,-0.0,-0.0017933441334804234,-0.0
2009-07-29,4513.5,0,-0.011148458005061479,-0.011086544241708074,1.584962500721156,1.0,0.4323077113395345,0,0,-0.0,-0.011086544241708074,-0.0
2009-07-30,4571.4501953125,0,0.012757578201762492,0.01283930327074323,1.584962500721156,1.0,0.4322747434583475,0,0,0.0,0.01283930327074323,0.0
2009-07-31,4636.4501953125,0,0.014118545371051477,0.014218682742436872,1.584962500721156,1.0,0.4325129346747296,0,0,0.0,0.014218682742436872,0.0
2009-08-03,4711.39990234375,0,0.016036053719832168,0.01616532128545778,1.584962500721156,1.0,0.43275860439906655,0,0,0.0,0.01616532128545778,0.0
2009-08-04,4680.5,0,-0.0065801412190565145,-0.006558539496589577,1.584962500721156,1.0,0.4277634137901388,0,0,-0.0,-0.006558539496589577,-0.0
2009-08-05,4694.14990234375,0,0.002912089972889983,0.002916334225777195,1.584962500721156,1.0,0.4276769541274589,0,0,0.0,0.002916334225777195,0.0
2009-08-06,4585.5,0,-0.02341788078569043,-0.02314581012623862,1.584962500721156,1.0,0.42998194480576507,0,0,-0.0,-0.02314581012623862,-0.0
2009-08-07,4481.39990234375,0,-0.022963675199383395,-0.022702016717097373,1.584962500721156,1.0,0.4299122512837745,0,0,-0.0,-0.022702016717097373,-0.0
2009-08-10,4437.64990234375,0,-0.009810540776643808,-0.009762574408304636,1.584962500721156,1.0,0.430479283216144,0,0,-0.0,-0.009762574408304636,-0.0
2009-08-11,4471.35009765625,0,0.007565463251027612,0.007594153674606252,1.584962500721156,1.0,0.42315100344142076,0,0,0.0,0.007594153674606252,0.0
2009-08-12,4457.5,0,-0.0031023275367038786,-0.0030975202911330824,1.584962500721156,1.0,0.4230156275537777,0,0,-0.0,-0.0030975202911330824,-0.0
2009-08-13,4605.0,0,0.03255459895211175,0.033090297251822776,1.584962500721156,1.0,0.4254125324344279,0,0,0.0,0.033090297251822776,0.0
2009-08-14,4580.0498046875,0,-0.005432797254385226,-0.005418066300217128,1.584962500721156,1.0,0.41928811460321536,0,0,-0.0,-0.005418066300217128,-0.0
2009-08-17,4387.89990234375,0,-0.042859141981096416,-0.041953670928882025,1.584962500721156,1.0,0.426159865507856,0,0,-0.0,-0.041953670928882025,-0.0
2009-08-18,4458.89990234375,0,0.016051346467611378,0.016180861364243126,1.584962500721156,1.0,0.4249578731782859,0,0,0.0,0.016180861364243126,0.0
2009-08-19,4394.10009765625,0,-0.014639322704762736,-0.014532688803675309,1.584962500721156,1.0,0.42596919026533175,0,0,-0.0,-0.014532688803675309,-0.0
2009-08-20,4453.4501953125,0,0.013416366323839432,0.013506769608618185,1.584962500721156,1.0,0.4260565274069335,0,0,0.0,0.013506769608618185,0.0
2009-08-21,4528.7998046875,0,0.016777840055069108,0.016919378475212188,1.584962500721156,1.0,0.42433504323585725,0,0,0.0,0.016919378475212188,0.0
2009-08-24,4642.7998046875,0,0.024860629830958582,0.02517223214018105,1.584962500721156,1.0,0.421391684391633,0,0,0.0,0.02517223214018105,0.0
2009-08-25,4659.35009765625,0,0.0035583839447752407,0.003564722509042939,1.584962500721156,1.0,0.421389226762632,0,0,0.0,0.003564722509042939,0.0
2009-08-26,4680.85009765625,0,0.004603763843200937,0.0046143774452180875,1.584962500721156,1.0,0.42128162612274483,0,0,0.0,0.0046143774452180875,0.0
2009-08-27,4688.2001953125,0,0.0015690169087143328,0.0015702484597681643,1.584962500721156,1.0,0.4211241502385625,0,0,0.0,0.0015702484597681643,0.0
2009-08-28,4732.35009765625,0,0.009373173372637477,0.009417239133237887,1.584962500721156,1.0,0.42054588682555655,0,0,0.0,0.009417239133237887,0.0
2009-08-31,4662.10009765625,0,-0.014955917162028142,-0.014844632909723265,1.584962500721156,1.0,0.419774937190471,0,0,-0.0,-0.014844632909723265,-0.0
2009-09-01,4625.35009765625,0,-0.007913946461732439,-0.007882713633384886,1.584962500721156,1.0,0.41960819023935103,0,0,-0.0,-0.007882713633384886,-0.0
2009-09-02,4608.35009765625,0,-0.0036821683286419565,-0.003675397459883989,1.584962500721156,1.0,0.419634194795474,0,0,-0.0,-0.003675397459883989,-0.0
2009-09-03,4593.5498046875,0,-0.0032167934640254477,-0.0032116251272396035,1.584962500721156,1.0,0.41566778856080183,0,0,-0.0,-0.0032116251272396035,-0.0
2009-09-04,4680.39990234375,0,0.018730452400324605,0.018906967671847852,1.584962500721156,1.0,0.4135474565415915,0,0,0.0,0.018906967671847852,0.0
2009-09-07,4782.89990234375,0,0.02166348118377279,0.021899838077654943,1.584962500721156,1.0,0.40698398966820426,0,0,0.0,0.021899838077654943,0.0
2009-09-08,4805.25,0,0.004662033523602062,0.004672917709462876,1.584962500721156,1.0,0.4069910501593873,0,0,0.0,0.004672917709462876,0.0
2009-09-09,4814.25,0,0.0018711996727566542,0.0018729514593414098,1.584962500721156,1.0,0.40638965764878576,0,0,0.0,0.0018729514593414098,0.0
2009-09-10,4819.39990234375,0,0.0010691488452491261,0.0010697205886172068,1.584962500721156,1.0,0.4058112585832354,0,0,0.0,0.0010697205886172068,0.0
2009-09-11,4829.5498046875,0,0.002103836457989509,0.0021060510747019645,1.584962500721156,1.0,0.404360572078537,0,0,0.0,0.0021060510747019645,0.0
2009-09-14,4808.60009765625,0,-0.004347253412091281,-0.004337817783950926,1.584962500721156,1.0,0.40291235167063494,0,0,-0.0,-0.004337817783950926,-0.0
2009-09-15,4892.10009765625,0,0.017215677346227053,0.017364721187918875,1.584962500721156,1.0,0.40005344358660394,0,0,0.0,0.017364721187918875,0.0
2009-09-16,4958.39990234375,0,0.013461409240998598,0.013552421938231252,1.584962500721156,1.0,0.3995304511059772,0,0,0.0,0.013552421938231252,0.0
2009-09-17,4965.5498046875,0,0.0014409391002453732,0.001441977751808654,1.584962500721156,1.0,0.3987385098539657,0,0,0.0,0.001441977751808654,0.0
2009-09-18,4976.0498046875,0,0.0021123369109170504,0.002114569466222571,1.584962500721156,1.0,0.3975876976998049,0,0,0.0,0.002114569466222571,0.0
2009-09-22,5020.2001953125,0,0.008833448085396973,0.00887257812078368,1.584962500721156,1.0,0.29147060418767956,0,0,0.0,0.00887257812078368,0.0
2009-09-23,4969.9501953125,0,-0.010059993458349821,-0.010009560982631727,1.584962500721156,1.0,0.2920961762703755,0,0,-0.0,-0.010009560982631727,-0.0
2009-09-24,4986.5498046875,0,0.0033344297203069546,0.0033399951151735774,1.584962500721156,1.0,0.29130810358030423,0,0,0.0,0.0033399951151735774,0.0
2009-09-25,4958.9501953125,0,-0.005550184550685771,-0.005534810732072848,1.584962500721156,1.0,0.29035718167914687,0,0,-0.0,-0.005534810732072848,-0.0
2009-09-29,5006.85009765625,0,0.009612930180802755,0.009659282803248903,1.584962500721156,1.0,0.29054450306012386,0,0,0.0,0.009659282803248903,0.0
2009-09-30,5083.9501953125,0,0.01528156257568173,0.01539892270638199,1.584962500721156,1.0,0.29138819827241486,0,0,0.0,0.01539892270638199,0.0
2009-10-01,5083.39990234375,0,-0.0001082470779508545,-0.00010824121944730258,1.584962500721156,1.0,0.2866711945577046,0,0,-0.0,-0.00010824121944730258,-0.0
2009-10-05,5003.2001953125,0,-0.01590256308364279,-0.01577678494156498,1.584962500721156,1.0,0.281844549925176,0,0,-0.0,-0.01577678494156498,-0.0
2009-10-06,5027.39990234375,0,0.004825185681401467,0.004836845636103648,1.584962500721156,1.0,0.28111011267840297,0,0,0.0,0.004836845636103648,0.0
2009-10-07,4985.75,0,-0.00831908898916255,-0.008284581125987844,1.584962500721156,1.0,0.2786775658821181,0,0,-0.0,-0.008284581125987844,-0.0
2009-10-08,5002.25,0,0.003303967763271161,0.003309431880860414,1.584962500721156,1.0,0.2772547725976747,0,0,0.0,0.003309431880860414,0.0
2009-10-09,4945.2001953125,0,-0.011470362568461737,-0.011404828764555952,1.584962500721156,1.0,0.2780314758973269,0,0,-0.0,-0.011404828764555952,-0.0
2009-10-12,5054.25,0,0.021812024866295583,0.022051646117555945,1.584962500721156,1.0,0.28020719201220295,0,0,0.0,0.022051646117555945,0.0
2009-10-14,5118.2001953125,0,0.012573379386921655,0.012652756652816954,1.584962500721156,1.0,0.280534727844895,0,0,0.0,0.012652756652816954,0.0
2009-10-15,5108.85009765625,0,-0.0018285038194818342,-0.001826833124818572,1.584962500721156,1.0,0.2805638139344304,0,0,-0.0,-0.001826833124818572,-0.0
2009-10-16,5142.14990234375,0,0.00649691187573945,0.0065180625876606335,1.584962500721156,1.0,0.27398395477851617,0,0,0.0,0.0065180625876606335,0.0
2009-10-20,5114.4501953125,0,-0.00540135602667101,-0.005386794931556693,1.584962500721156,1.0,0.27085525531253124,0,0,-0.0,-0.005386794931556693,-0.0
2009-10-21,5063.60009765625,0,-0.009992192862338394,-0.009942436765315477,1.584962500721156,1.0,0.26906826306563497,0,0,-0.0,-0.009942436765315477,-0.0
2009-10-22,4988.60009765625,0,-0.014922383214037875,-0.014811596206958488,1.584962500721156,1.0,0.27026449407695596,0,0,-0.0,-0.014811596206958488,-0.0
2009-10-23,4997.0498046875,0,0.0016923703776181042,0.0016938032445654727,1.584962500721156,1.0,0.2694266656174885,0,0,0.0,0.0016938032445654727,0.0
2009-10-26,4970.89990234375,0,-0.00524680864216922,-0.005233068183394973,1.584962500721156,1.0,0.26684841467205783,0,0,-0.0,-0.005233068183394973,-0.0
2009-10-27,4846.7001953125,0,-0.025302789297137664,-0.024985356670065073,1.584962500721156,1.0,0.2702594047610958,0,0,-0.0,-0.024985356670065073,-0.0
2009-10-28,4826.14990234375,0,-0.004249073164630616,-0.004240058625583076,1.584962500721156,1.0,0.2629776663829048,0,0,-0.0,-0.004240058625583076,-0.0
2009-10-29,4750.5498046875,0,-0.0157886684226227,-0.01566468078820671,1.584962500721156,1.0,0.2610137032030208,0,0,-0.0,-0.01566468078820671,-0.0
2009-10-30,4711.7001953125,0,-0.008211541160985762,-0.008177918550957175,1.584962500721156,1.0,0.26050776532240444,0,0,-0.0,-0.008177918550957175,-0.0
2009-11-03,4563.89990234375,0,-0.03187131878499145,-0.03136878129805265,1.584962500721156,1.0,0.2643075729139863,0,0,-0.0,-0.03136878129805265,-0.0
2009-11-04,4710.7998046875,0,0.03168020376716393,0.03218736288854873,1.584962500721156,1.0,0.2692884582967628,0,0,0.0,0.03218736288854873,0.0
2009-11-05,4765.5498046875,0,0.01155521091005473,0.011622230251754795,1.584962500721156,1.0,0.2693719368998543,0,0,0.0,0.011622230251754795,0.0
2009-11-06,4796.14990234375,0,0.006400577943453908,0.006421105414982975,1.584962500721156,1.0,0.2685886312867217,0,0,0.0,0.006421105414982975,0.0
2009-11-09,4898.39990234375,0,0.0210951088670664,0.021319183528861974,1.584962500721156,1.0,0.26598627428192584,0,0,0.0,0.021319183528861974,0.0
2009-11-10,4881.7001953125,0,-0.0034150413788274323,-0.0034092167573455123,1.584962500721156,1.0,0.2660720195083123,0,0,-0.0,-0.0034092167573455123,-0.0
2009-11-11,5003.9501953125,0,0.0247340797135903,0.025042504682566635,1.584962500721156,1.0,0.26577893553346565,0,0,0.0,0.025042504682566635,0.0
2009-11-12,4952.64990234375,0,-0.010304872432620345,-0.010251959145557876,1.584962500721156,1.0,0.2660044306563176,0,0,-0.0,-0.010251959145557876,-0.0
2009-11-13,4998.9501953125,0,0.009305162304323626,0.009348589922909545,1.584962500721156,1.0,0.26632737582113875,0,0,0.0,0.009348589922909545,0.0
2009-11-16,5058.0498046875,0,0.0117530654631769,0.011822404118052132,1.584962500721156,1.0,0.2655776716701664,0,0,0.0,0.011822404118052132,0.0
2009-11-17,5062.25,0,0.0008300535823478282,0.0008303981721586862,1.584962500721156,1.0,0.24420286441919417,0,0,0.0,0.0008303981721586862,0.0
2009-11-18,5054.7001953125,0,-0.0014925063271494336,-0.0014913930934861153,1.584962500721156,1.0,0.24402526073995073,0,0,-0.0,-0.0014913930934861153,-0.0
2009-11-19,4989.0,0,-0.013083053291191901,-0.012997842161524664,1.584962500721156,1.0,0.23941818070447232,0,0,-0.0,-0.012997842161524664,-0.0
2009-11-20,5052.4501953125,0,0.01263782393371543,0.01271801870364797,1.584962500721156,1.0,0.2400294837545687,0,0,0.0,0.01271801870364797,0.0
2009-11-23,5103.5498046875,0,0.010063024928878886,0.010113827430185962,1.584962500721156,1.0,0.23760081689214105,0,0,0.0,0.010113827430185962,0.0
2009-11-24,5090.5498046875,0,-0.0025504963744246104,-0.0025472466219610412,1.584962500721156,1.0,0.2371453808478444,0,0,-0.0,-0.0025472466219610412,-0.0
2009-11-25,5108.14990234375,0,0.003451442955186688,0.0034574060428684827,1.584962500721156,1.0,0.2311904447583862,0,0,0.0,0.0034574060428684827,0.0
2009-11-26,5005.5498046875,0,-0.020290026501848146,-0.02008556906467729,1.584962500721156,1.0,0.22975907239532448,0,0,-0.0,-0.02008556906467729,-0.0
2009-11-27,4941.75,0,-0.012827738340506812,-0.012745813582306975,1.584962500721156,1.0,0.23104036386864735,0,0,-0.0,-0.012745813582306975,-0.0
2009-11-30,5032.7001953125,0,0.018237138750004357,0.01840445091566756,1.584962500721156,1.0,0.22651785503816083,0,0,0.0,0.01840445091566756,0.0
2009-12-01,5122.0,0,0.01758832954742736,0.01774391504001671,1.584962500721156,1.0,0.22349676051929715,0,0,0.0,0.01774391504001671,0.0
2009-12-02,5123.25,0,0.00024401552059781837,0.00024404529480670512,1.584962500721156,1.0,0.22300795076915259,0,0,0.0,0.00024404529480670512,0.0
2009-12-03,5131.7001953125,0,0.0016480230647846364,0.001649381801102745,1.584962500721156,1.0,0.22106698070167147,0,0,0.0,0.001649381801102745,0.0
2009-12-04,5108.89990234375,0,-0.004452928622557845,-0.004443029035401724,1.584962500721156,1.0,0.216772642335095,0,0,-0.0,-0.004443029035401724,-0.0
2009-12-07,5066.7001953125,0,-0.008294341082044564,-0.0082600379412191,1.584962500721156,1.0,0.2168841889354014,0,0,-0.0,-0.0082600379412191,-0.0
2009-12-08,5147.9501953125,0,0.01590885845874608,0.016036078091845374,1.584962500721156,1.0,0.21828432665217432,0,0,0.0,0.016036078091845374,0.0
2009-12-09,5112.0,0,-0.007007898041626141,-0.006983399984179073,1.584962500721156,1.0,0.21866874542821288,0,0,-0.0,-0.006983399984179073,-0.0
2009-12-10,5134.64990234375,0,0.00442094527483114,0.004430732070373589,1.584962500721156,1.0,0.21771714497680067,0,0,0.0,0.004430732070373589,0.0
2009-12-11,5117.2998046875,0,-0.00338474431036693,-0.003379022520762387,1.584962500721156,1.0,0.2170141055207341,0,0,-0.0,-0.003379022520762387,-0.0
2009-12-14,5105.7001953125,0,-0.0022693170992805064,-0.002266744145882349,1.584962500721156,1.0,0.21599342462143326,0,0,-0.0,-0.002266744145882349,-0.0
2009-12-15,5033.0498046875,0,-0.014331477568789911,-0.014229270784778869,1.584962500721156,1.0,0.21601341162167054,0,0,-0.0,-0.014229270784778869,-0.0
2009-12-16,5042.0498046875,0,0.0017865833079278638,0.001788180198737166,1.584962500721156,1.0,0.215664705132456,0,0,0.0,0.001788180198737166,0.0
2009-12-17,5041.75,0,-5.94626417412698e-05,-5.946087387342924e-05,1.584962500721156,1.0,0.21564066877320118,0,0,-0.0,-5.946087387342924e-05,-0.0
2009-12-18,4987.7001953125,0,-0.010778323216369252,-0.010720445219913666,1.584962500721156,1.0,0.2126387336975245,0,0,-0.0,-0.010720445219913666,-0.0
2009-12-21,4952.60009765625,0,-0.007062209894237859,-0.007037331090837706,1.584962500721156,1.0,0.2092158169229489,0,0,-0.0,-0.007037331090837706,-0.0
2009-12-22,4985.85009765625,0,0.006691209072439182,0.0067136452256129076,1.584962500721156,1.0,0.2085980240534592,0,0,0.0,0.0067136452256129076,0.0
2009-12-23,5144.60009765625,0,0.031343719862452074,0.03184010688059491,1.584962500721156,1.0,0.2143378704329409,0,0,0.0,0.03184010688059491,0.0
2009-12-24,5178.39990234375,0,0.006548469528681985,0.00656995763439383,1.584962500721156,1.0,0.2143520266240229,0,0,0.0,0.00656995763439383,0.0
2009-12-29,5187.9501953125,0,0.0018425570390217326,0.0018442555903084301,1.584962500721156,1.0,0.20788369549068664,0,0,0.0,0.0018442555903084301,0.0
2009-12-30,5169.4501953125,0,-0.0035723287651930414,-0.003565955590073999,1.584962500721156,1.0,0.207735723692948,0,0,-0.0,-0.003565955590073999,-0.0
2009-12-31,5201.0498046875,0,0.006094153063461107,0.00611276019327045,1.584962500721156,1.0,0.1939326900351055,0,0,0.0,0.00611276019327045,0.0
2010-01-04,5232.2001953125,0,0.005971386324858452,0.005989250592625561,1.584962500721156,1.0,0.19257717522341813,0,0,0.0,0.005989250592625561,0.0
2010-01-05,5277.89990234375,0,0.0086963957751834,0.008734319277804437,1.584962500721156,1.0,0.19089613684584983,0,0,0.0,0.008734319277804437,0.0
2010-01-06,5281.7998046875,0,0.0007386389062683265,0.0007389117671630085,1.584962500721156,1.0,0.18993249971189935,0,0,0.0,0.0007389117671630085,0.0
2010-01-07,5263.10009765625,0,-0.0035466864183382987,-0.0035404043550939512,1.584962500721156,1.0,0.18846242694686086,0,0,-0.0,-0.0035404043550939512,-0.0
2010-01-08,5244.75,0,-0.003492649046092997,-0.003486556842120736,1.584962500721156,1.0,0.18451401439444862,0,0,-0.0,-0.003486556842120736,-0.0
2010-01-11,5249.39990234375,0,0.0008861894848711219,0.0008865822667905032,1.584962500721156,1.0,0.18447781974611685,0,0,0.0,0.0008865822667905032,0.0
2010-01-12,5210.39990234375,0,-0.0074571562473284584,-0.007429420643412454,1.584962500721156,1.0,0.1849741096130471,0,0,-0.0,-0.007429420643412454,-0.0
2010-01-13,5233.9501953125,0,0.004509678948100578,0.0045198628531673,1.584962500721156,1.0,0.18505656339043217,0,0,0.0,0.0045198628531673,0.0
2010-01-14,5259.89990234375,0,0.004945708140283072,0.004957958341768487,1.584962500721156,1.0,0.1846523421114445,0,0,0.0,0.004957958341768487,0.0
2010-01-15,5252.2001953125,0,-0.0014649229624307774,-0.0014638504865499558,1.584962500721156,1.0,0.1826849222527465,0,0,-0.0,-0.0014638504865499558,-0.0
2010-01-18,5274.85009765625,0,0.004303187818976659,0.004312459826638859,1.584962500721156,1.0,0.18207845501666745,0,0,0.0,0.004312459826638859,0.0
2010-01-19,5225.64990234375,0,-0.00937108811281388,-0.009327316303142097,1.584962500721156,1.0,0.18278085623736054,0,0,-0.0,-0.009327316303142097,-0.0
2010-01-20,5221.7001953125,0,-0.0007561165620956245,-0.0007558307780011209,1.584962500721156,1.0,0.18265132620415236,0,0,-0.0,-0.0007558307780011209,-0.0
2010-01-21,5094.14990234375,0,-0.024730253416518803,-0.024426965968527115,1.584962500721156,1.0,0.18544782702205165,0,0,-0.0,-0.024426965968527115,-0.0
2010-01-22,5036.0,0,-0.011480687178891941,-0.011415035571881393,1.584962500721156,1.0,0.18324130619649173,0,0,-0.0,-0.011415035571881393,-0.0
2010-01-25,5007.89990234375,0,-0.005595470135225262,-0.005579844649771681,1.584962500721156,1.0,0.18339699428713077,0,0,-0.0,-0.005579844649771681,-0.0
2010-01-27,4853.10009765625,0,-0.03139894990280727,-0.030911121968522637,1.584962500721156,1.0,0.19096521462222504,0,0,-0.0,-0.030911121968522637,-0.0
2010-01-28,4867.25,0,0.002911399732814308,0.0029156419729696736,1.584962500721156,1.0,0.19101685351860961,0,0,0.0,0.0029156419729696736,0.0
2010-01-29,4882.0498046875,0,0.003036077739411096,0.0030406912912834816,1.584962500721156,1.0,0.19105077546659138,0,0,0.0,0.0030406912912834816,0.0
2010-02-01,4899.7001953125,0,0.0036088449983292152,0.0036153647199692607,1.584962500721156,1.0,0.19098785410859698,0,0,0.0,0.0036153647199692607,0.0
2010-02-02,4830.10009765625,0,-0.01430682701245135,-0.014204970688377228,1.584962500721156,1.0,0.1903226089942755,0,0,-0.0,-0.014204970688377228,-0.0
2010-02-03,4931.85009765625,0,0.020846999413257735,0.02106581601680957,1.584962500721156,1.0,0.1922091680587171,0,0,0.0,0.02106581601680957,0.0
2010-02-04,4845.35009765625,0,-0.017694688705123994,-0.017539057004410386,1.584962500721156,1.0,0.19444031717164598,0,0,-0.0,-0.017539057004410386,-0.0
2010-02-05,4718.64990234375,0,-0.026496781268445523,-0.026148821603992345,1.584962500721156,1.0,0.19927983375874925,0,0,-0.0,-0.026148821603992345,-0.0
2010-02-08,4760.39990234375,0,0.008808956769992533,0.008847869806840825,1.584962500721156,1.0,0.19927655868374186,0,0,0.0,0.008847869806840825,0.0
2010-02-09,4792.64990234375,0,0.006751796164294356,0.006774640925465425,1.584962500721156,1.0,0.19899997229393976,0,0,0.0,0.006774640925465425,0.0
2010-02-10,4757.2001953125,0,-0.007424173049006029,-0.0073966819512341075,1.584962500721156,1.0,0.19924191467996494,0,0,-0.0,-0.0073966819512341075,-0.0
2010-02-11,4826.85009765625,0,0.014534800298261869,0.014640944144494794,1.584962500721156,1.0,0.20063675528695493,0,0,0.0,0.014640944144494794,0.0
2010-02-15,4801.9501953125,0,-0.005171975135166793,-0.005158623499793458,1.584962500721156,1.0,0.2000929824458806,0,0,-0.0,-0.005158623499793458,-0.0
2010-02-16,4855.75,0,0.011141443639869172,0.011203740667701467,1.584962500721156,1.0,0.1992888140988957,0,0,0.0,0.011203740667701467,0.0
2010-02-17,4914.0,0,0.011924704368882228,0.011996087113216314,1.584962500721156,1.0,0.20037176405624582,0,0,0.0,0.011996087113216314,0.0
2010-02-18,4887.75,0,-0.005356199200524958,-0.005341880341880323,1.584962500721156,1.0,0.19882910775659943,0,0,-0.0,-0.005341880341880323,-0.0
2010-02-19,4844.89990234375,0,-0.008805489760123469,-0.008766834976471793,1.584962500721156,1.0,0.19915010648432538,0,0,-0.0,-0.008766834976471793,-0.0
2010-02-22,4856.39990234375,0,0.002370817440569972,0.0023736300505272645,1.584962500721156,1.0,0.19875109646880315,0,0,0.0,0.0023736300505272645,0.0
2010-02-23,4870.0498046875,0,0.0028067612985113975,0.002810703940827164,1.584962500721156,1.0,0.1987273644754524,0,0,0.0,0.002810703940827164,0.0
2010-02-24,4858.60009765625,0,-0.002353813207905825,-0.0023510451618440342,1.584962500721156,1.0,0.19785972024857887,0,0,-0.0,-0.0023510451618440342,-0.0
2010-02-25,4859.75,0,0.00023664559057058937,0.00023667359334722526,1.584962500721156,1.0,0.19432676176764996,0,0,0.0,0.00023667359334722526,0.0
2010-02-26,4922.2998046875,0,0.012788865005232845,0.012870992270692883,1.584962500721156,1.0,0.19436793832548852,0,0,0.0,0.012870992270692883,0.0
2010-03-02,5017.0,0,0.01905628423679781,0.01923901409302964,1.584962500721156,1.0,0.19706652142099523,0,0,0.0,0.01923901409302964,0.0
2010-03-03,5088.10009765625,0,0.014072353623684244,0.014171835291259649,1.584962500721156,1.0,0.19820004499316698,0,0,0.0,0.014171835291259649,0.0
2010-03-04,5080.25,0,-0.0015440261478846663,-0.001542834752772615,1.584962500721156,1.0,0.1980138827409503,0,0,-0.0,-0.001542834752772615,-0.0
2010-03-05,5088.7001953125,0,0.0016619605947973564,0.0016633424167118438,1.584962500721156,1.0,0.19732020036306677,0,0,0.0,0.0016633424167118438,0.0
2010-03-08,5124.0,0,0.006912950461775033,0.0069369000594723396,1.584962500721156,1.0,0.19600581037769937,0,0,0.0,0.0069369000594723396,0.0
2010-03-09,5101.5,0,-0.004400769901265003,-0.0043911007025760895,1.584962500721156,1.0,0.19614816715243455,0,0,-0.0,-0.0043911007025760895,-0.0
2010-03-10,5116.25,0,0.002887134691252988,0.002891306478486788,1.584962500721156,1.0,0.19597726643662686,0,0,0.0,0.002891306478486788,0.0
2010-03-11,5133.39990234375,0,0.0033464398319566976,0.0033520454129001287,1.584962500721156,1.0,0.19117591926171829,0,0,0.0,0.0033520454129001287,0.0
2010-03-12,5137.0,0,0.0007010628286984394,0.0007013086306808525,1.584962500721156,1.0,0.1909969416294933,0,0,0.0,0.0007013086306808525,0.0
2010-03-15,5128.89990234375,0,-0.0015780592864252823,-0.0015768148055771425,1.584962500721156,1.0,0.18899440254947275,0,0,-0.0,-0.0015768148055771425,-0.0
2010-03-16,5198.10009765625,0,0.013402000790980504,0.01349221014839408,1.584962500721156,1.0,0.18951944054596082,0,0,0.0,0.01349221014839408,0.0
2010-03-17,5231.89990234375,0,0.006481289167163449,0.006502338172121647,1.584962500721156,1.0,0.18132031506315527,0,0,0.0,0.006502338172121647,0.0
2010-03-18,5245.89990234375,0,0.0026723183478340206,0.002675892173267469,1.584962500721156,1.0,0.174006807594363,0,0,0.0,0.002675892173267469,0.0
2010-03-19,5262.7998046875,0,0.0032163668929633504,0.003221544950981592,1.584962500721156,1.0,0.17315847990106176,0,0,0.0,0.003221544950981592,0.0
2010-03-22,5205.2001953125,0,-0.011005003954608747,-0.010944670424988812,1.584962500721156,1.0,0.17409751898568587,0,0,-0.0,-0.010944670424988812,-0.0
2010-03-23,5225.2998046875,0,0.003854011649290952,0.003861447902253623,1.584962500721156,1.0,0.17079645387813516,0,0,0.0,0.003861447902253623,0.0
2010-03-25,5260.39990234375,0,0.006694875828928294,0.006717336606171909,1.584962500721156,1.0,0.17094152448903993,0,0,0.0,0.006717336606171909,0.0
2010-03-26,5282.0,0,0.004097762953683076,0.004106170264094544,1.584962500721156,1.0,0.1661925052406865,0,0,0.0,0.004106170264094544,0.0
2010-03-29,5302.85009765625,0,0.003939616419884685,0.003947386909551209,1.584962500721156,1.0,0.16525243964509584,0,0,0.0,0.003947386909551209,0.0
2010-03-30,5262.4501953125,0,-0.007647695404744314,-0.007618526188701069,1.584962500721156,1.0,0.16520485728893977,0,0,-0.0,-0.007618526188701069,-0.0
2010-03-31,5249.10009765625,0,-0.0025400829491546485,-0.0025368596681716316,1.584962500721156,1.0,0.1641936721762924,0,0,-0.0,-0.0025368596681716316,-0.0
2010-04-01,5290.5,0,0.00785610742115299,0.007887047603118758,1.584962500721156,1.0,0.16466457003774146,0,0,0.0,0.007887047603118758,0.0
2010-04-05,5368.39990234375,0,0.014617134988492871,0.014724487731547109,1.584962500721156,1.0,0.16631361055460556,0,0,0.0,0.014724487731547109,0.0
2010-04-06,5366.0,0,-0.0004471423471397832,-0.00044704239389881106,1.584962500721156,1.0,0.16469133919776682,0,0,-0.0,-0.00044704239389881106,-0.0
2010-04-07,5374.64990234375,0,0.0016106854412794307,0.0016119832917909083,1.584962500721156,1.0,0.16347806051131233,0,0,0.0,0.0016119832917909083,0.0
2010-04-08,5304.4501953125,0,-0.013147309710539474,-0.013061261348508935,1.584962500721156,1.0,0.16432013890176198,0,0,-0.0,-0.013061261348508935,-0.0
2010-04-09,5361.75,0,0.010744286598761555,0.010802213722005627,1.584962500721156,1.0,0.16514143474090198,0,0,0.0,0.010802213722005627,0.0
2010-04-12,5339.7001953125,0,-0.004120906136825128,-0.0041124268545716935,1.584962500721156,1.0,0.16525427047001168,0,0,-0.0,-0.0041124268545716935,-0.0
2010-04-13,5322.9501953125,0,-0.0031418105563994977,-0.0031368802343442193,1.584962500721156,1.0,0.1615987854363977,0,0,-0.0,-0.0031368802343442193,-0.0
2010-04-15,5273.60009765625,0,-0.009314437828800527,-0.009271192824555907,1.584962500721156,1.0,0.16087238058954845,0,0,-0.0,-0.009271192824555907,-0.0
2010-04-16,5262.60009765625,0,-0.0020880400510003044,-0.0020858616118595297,1.584962500721156,1.0,0.1581792210917881,0,0,-0.0,-0.0020858616118595297,-0.0
2010-04-19,5203.64990234375,0,-0.011264936095264202,-0.01120172428430466,1.584962500721156,1.0,0.15671301233324983,0,0,-0.0,-0.01120172428430466,-0.0
2010-04-20,5230.10009765625,0,0.005070133360250802,0.0050830082363124696,1.584962500721156,1.0,0.1569268955692747,0,0,0.0,0.0050830082363124696,0.0
2010-04-21,5244.89990234375,0,0.0028257402454029998,0.0028297364125271507,1.584962500721156,1.0,0.1569694103748703,0,0,0.0,0.0028297364125271507,0.0
2010-04-22,5269.35009765625,0,0.004650876550451328,0.004661708663224351,1.584962500721156,1.0,0.1569375428551797,0,0,0.0,0.004661708663224351,0.0
2010-04-23,5304.10009765625,0,0.006573090991872485,0.006594741164656526,1.584962500721156,1.0,0.1565919915914659,0,0,0.0,0.006594741164656526,0.0
2010-04-26,5322.4501953125,0,0.0034536355429986695,0.003459606213758848,1.584962500721156,1.0,0.15449663508048087,0,0,0.0,0.003459606213758848,0.0
2010-04-27,5308.35009765625,0,-0.002652689456282345,-0.0026491741846016437,1.584962500721156,1.0,0.1540790315881986,0,0,-0.0,-0.0026491741846016437,-0.0
2010-04-28,5215.4501953125,0,-0.017655659171124917,-0.017500711263329638,1.584962500721156,1.0,0.1568587239865796,0,0,-0.0,-0.017500711263329638,-0.0
2010-04-29,5254.14990234375,0,0.007392810217539679,0.0074202045043076925,1.584962500721156,1.0,0.15720282345436432,0,0,0.0,0.0074202045043076925,0.0
2010-04-30,5278.0,0,0.004529016135379945,0.0045392876296908025,1.584962500721156,1.0,0.15730061013910318,0,0,0.0,0.0045392876296908025,0.0
2010-05-03,5222.75,0,-0.010523154984110675,-0.010467980295566504,1.584962500721156,1.0,0.15641950718869851,0,0,-0.0,-0.010467980295566504,-0.0
2010-05-04,5148.5,0,-0.014318672982353193,-0.014216648317457281,1.584962500721156,1.0,0.15832837784456866,0,0,-0.0,-0.014216648317457281,-0.0
2010-05-05,5124.89990234375,0,-0.004594416530933983,-0.004583878344420755,1.584962500721156,1.0,0.15853374464842276,0,0,-0.0,-0.004583878344420755,-0.0
2010-05-06,5090.85009765625,0,-0.006666163674476285,-0.006643994094778005,1.584962500721156,1.0,0.15787675666984718,0,0,-0.0,-0.006643994094778005,-0.0
2010-05-07,5018.0498046875,0,-0.014403456807526558,-0.014300223257853517,1.584962500721156,1.0,0.15930795740053236,0,0,-0.0,-0.014300223257853517,-0.0
2010-05-10,5193.60009765625,0,0.03438574403959364,0.034983768555816974,1.584962500721156,1.0,0.16897664764805118,0,0,0.0,0.034983768555816974,0.0
2010-05-11,5136.14990234375,0,-0.011123364586176314,-0.011061728710769603,1.584962500721156,1.0,0.16178404968548754,0,0,-0.0,-0.011061728710769603,-0.0
2010-05-12,5156.64990234375,0,0.003983372356512285,0.003991316528874078,1.584962500721156,1.0,0.16154601182770748,0,0,0.0,0.003991316528874078,0.0
2010-05-13,5178.89990234375,0,0.004305534740252186,0.004314816871684002,1.584962500721156,1.0,0.16168008870783884,0,0,0.0,0.004314816871684002,0.0
2010-05-14,5093.5,0,-0.016627442603929482,-0.01648996967581895,1.584962500721156,1.0,0.16395224972405628,0,0,-0.0,-0.01648996967581895,-0.0
2010-05-17,5059.89990234375,0,-0.0066185160897830105,-0.0065966619527338954,1.584962500721156,1.0,0.1639581990822618,0,0,-0.0,-0.0065966619527338954,-0.0
2010-05-18,5066.2001953125,0,0.0012443672728817412,0.001245141819076645,1.584962500721156,1.0,0.16363626225052225,0,0,0.0,0.001245141819076645,0.0
2010-05-19,4919.64990234375,0,-0.02935369831893425,-0.028927063147710874,1.584962500721156,1.0,0.16994013778105302,0,0,-0.0,-0.028927063147710874,-0.0
2010-05-20,4947.60009765625,0,0.005665260344674226,0.005681338279617032,1.584962500721156,1.0,0.17026452272086398,0,0,0.0,0.005681338279617032,0.0
2010-05-21,4931.14990234375,0,-0.0033304234883113635,-0.003324883779570742,1.584962500721156,1.0,0.1702547636475103,0,0,-0.0,-0.003324883779570742,-0.0
2010-05-24,4943.9501953125,0,0.002592439572484712,0.0025958028496895214,1.584962500721156,1.0,0.17027904534108212,0,0,0.0,0.0025958028496895214,0.0
2010-05-25,4806.75,0,-0.02814346627068717,-0.027751128124750002,1.584962500721156,1.0,0.1763547712099347,0,0,-0.0,-0.027751128124750002,-0.0
2010-05-26,4917.39990234375,0,0.022758735608322447,0.02301969154704331,1.584962500721156,1.0,0.18041311987559921,0,0,0.0,0.02301969154704331,0.0
2010-05-27,5003.10009765625,0,0.01727782415402294,0.01742794912239165,1.584962500721156,1.0,0.18269629211501956,0,0,0.0,0.01742794912239165,0.0
2010-05-28,5066.5498046875,0,0.012602334221159585,0.012682078270025654,1.584962500721156,1.0,0.18378861278681727,0,0,0.0,0.012682078270025654,0.0
2010-05-31,5086.2998046875,0,0.0038905382570750065,0.003898116225311332,1.584962500721156,1.0,0.18392050902437448,0,0,0.0,0.003898116225311332,0.0
2010-06-01,4970.2001953125,0,-0.023090492266616938,-0.02282594692275186,1.584962500721156,1.0,0.18763006961813603,0,0,-0.0,-0.02282594692275186,-0.0
2010-06-02,5019.85009765625,0,0.009939952188865392,0.009989517603451015,1.584962500721156,1.0,0.18787416139087515,0,0,0.0,0.009989517603451015,0.0
2010-06-03,5110.5,0,0.01789717455385668,0.018058288709870807,1.584962500721156,1.0,0.19036342846077367,0,0,0.0,0.018058288709870807,0.0
2010-06-04,5135.5,0,0.004879962836728166,0.004891889247627512,1.584962500721156,1.0,0.18597447335231043,0,0,0.0,0.004891889247627512,0.0
2010-06-07,5034.0,0,-0.019962312910597833,-0.01976438516210688,1.584962500721156,1.0,0.1879991273131426,0,0,-0.0,-0.01976438516210688,-0.0
2010-06-08,4987.10009765625,0,-0.009360298632856782,-0.009316627402413569,1.584962500721156,1.0,0.18842122971322506,0,0,-0.0,-0.009316627402413569,-0.0
2010-06-09,5000.2998046875,0,0.0026432734937479525,0.0026467700212100542,1.584962500721156,1.0,0.18084047884274487,0,0,0.0,0.0026467700212100542,0.0
2010-06-10,5078.60009765625,0,0.015537780712110243,0.01565911965825495,1.584962500721156,1.0,0.18257629309699797,0,0,0.0,0.01565911965825495,0.0
2010-06-11,5119.35009765625,0,0.007991844656968942,0.008023864690351656,1.584962500721156,1.0,0.18296125287379048,0,0,0.0,0.008023864690351656,0.0
2010-06-14,5197.7001953125,0,0.01518876068179503,0.015304696135574059,1.584962500721156,1.0,0.18453280599691663,0,0,0.0,0.015304696135574059,0.0
2010-06-15,5222.35009765625,0,0.004731253234392907,0.004742463285200671,1.584962500721156,1.0,0.18290448327530023,0,0,0.0,0.004742463285200671,0.0
2010-06-16,5233.35009765625,0,0.0021041161955454323,0.002106331401438677,1.584962500721156,1.0,0.17976949298047995,0,0,0.0,0.002106331401438677,0.0
2010-06-17,5274.85009765625,0,0.007898634397593373,0.00792991090326356,1.584962500721156,1.0,0.17745710081249466,0,0,0.0,0.00792991090326356,0.0
2010-06-18,5262.60009765625,0,-0.002325041692512812,-0.0023223408766521736,1.584962500721156,1.0,0.17137929965679805,0,0,-0.0,-0.0023223408766521736,-0.0
2010-06-21,5353.2998046875,0,0.017087936936644132,0.017234770901867202,1.584962500721156,1.0,0.17297091840077924,0,0,0.0,0.017234770901867202,0.0
2010-06-22,5316.5498046875,0,-0.006888596684940277,-0.006864924689594432,1.584962500721156,1.0,0.17326024875146526,0,0,-0.0,-0.006864924689594432,-0.0
2010-06-23,5323.14990234375,0,0.001240655034366222,0.0012414249651966358,1.584962500721156,1.0,0.17265133843754774,0,0,0.0,0.0012414249651966358,0.0
2010-06-24,5320.60009765625,0,-0.00047911774257688094,-0.00047900298399961017,1.584962500721156,1.0,0.17120180106013352,0,0,-0.0,-0.00047900298399961017,-0.0
2010-06-25,5269.0498046875,0,-0.009736053722463615,-0.009688811792387453,1.584962500721156,1.0,0.17184302942791238,0,0,-0.0,-0.009688811792387453,-0.0
2010-06-28,5333.5,0,0.01215763950246269,0.012231844013917526,1.584962500721156,1.0,0.1720206316268965,0,0,0.0,0.012231844013917526,0.0
2010-06-29,5256.14990234375,0,-0.014608882074956035,-0.014502690101481197,1.584962500721156,1.0,0.17299503735212765,0,0,-0.0,-0.014502690101481197,-0.0
2010-06-30,5312.5,0,0.01066373324209074,0.010720793490140546,1.584962500721156,1.0,0.173470772582671,0,0,0.0,0.010720793490140546,0.0
2010-07-01,5251.39990234375,0,-0.011567845125803692,-0.01150119485294121,1.584962500721156,1.0,0.17397040750640905,0,0,-0.0,-0.01150119485294121,-0.0
2010-07-02,5237.10009765625,0,-0.002726760461016281,-0.002723046226420056,1.584962500721156,1.0,0.17405707295110967,0,0,-0.0,-0.002723046226420056,-0.0
2010-07-05,5235.89990234375,0,-0.00022919799823436973,-0.0002291717343797517,1.584962500721156,1.0,0.1740340032973555,0,0,-0.0,-0.0002291717343797517,-0.0
2010-07-06,5289.0498046875,0,0.010099878028875301,0.010151053942027977,1.584962500721156,1.0,0.17464059602595308,0,0,0.0,0.010151053942027977,0.0
2010-07-07,5241.10009765625,0,-0.009107190095395111,-0.009065845246674309,1.584962500721156,1.0,0.1754456738584666,0,0,-0.0,-0.009065845246674309,-0.0
2010-07-08,5296.85009765625,0,0.010580904083332588,0.010637079804091343,1.584962500721156,1.0,0.17505834532736558,0,0,0.0,0.010637079804091343,0.0
2010-07-09,5352.4501953125,0,0.010442113816835361,0.010496822947821727,1.584962500721156,1.0,0.17309925797799444,0,0,0.0,0.010496822947821727,0.0
2010-07-12,5383.0,0,0.005691403079691351,0.00570762988402107,1.584962500721156,1.0,0.17183210845881464,0,0,0.0,0.00570762988402107,0.0
2010-07-13,5400.64990234375,0,0.0032734590355328547,0.0032788226534925524,1.584962500721156,1.0,0.17184893185408348,0,0,0.0,0.0032788226534925524,0.0
2010-07-14,5386.14990234375,0,-0.0026884727623095483,-0.002684862055899462,1.584962500721156,1.0,0.17193267846863747,0,0,-0.0,-0.002684862055899462,-0.0
2010-07-15,5378.75,0,-0.0013748206813710688,-0.001373876048368028,1.584962500721156,1.0,0.17163434615854525,0,0,-0.0,-0.001373876048368028,-0.0
2010-07-16,5393.89990234375,0,0.002812662152533556,0.0028166213978619847,1.584962500721156,1.0,0.17147085145736932,0,0,0.0,0.0028166213978619847,0.0
2010-07-19,5386.4501953125,0,-0.0013820902196343338,-0.001381135572800063,1.584962500721156,1.0,0.17145978501707762,0,0,-0.0,-0.001381135572800063,-0.0
2010-07-20,5368.0,0,-0.0034311774341907633,-0.0034252976716568906,1.584962500721156,1.0,0.1715243026109344,0,0,-0.0,-0.0034252976716568906,-0.0
2010-07-21,5399.35009765625,0,0.005823194372050832,0.0058401821267231036,1.584962500721156,1.0,0.1717555842410156,0,0,0.0,0.0058401821267231036,0.0
2010-07-22,5441.9501953125,0,0.007858894368978778,0.007889856535648887,1.584962500721156,1.0,0.17214943817755995,0,0,0.0,0.007889856535648887,0.0
2010-07-23,5449.10009765625,0,0.0013129869348835793,0.0013138492796036516,1.584962500721156,1.0,0.1707987403876536,0,0,0.0,0.0013138492796036516,0.0
2010-07-26,5418.60009765625,0,-0.005612977820209495,-0.0055972544921900624,1.584962500721156,1.0,0.17080327629743933,0,0,-0.0,-0.0055972544921900624,-0.0
2010-07-27,5430.60009765625,0,0.0022121455365479116,0.002214594135705017,1.584962500721156,1.0,0.17078759762850265,0,0,0.0,0.002214594135705017,0.0
2010-07-28,5397.5498046875,0,-0.006104532335174015,-0.006085937534419772,1.584962500721156,1.0,0.17106194197600924,0,0,-0.0,-0.006085937534419772,-0.0
2010-07-29,5408.89990234375,0,0.002100616231522225,0.0021028240714691115,1.584962500721156,1.0,0.1700162105944231,0,0,0.0,0.0021028240714691115,0.0
2010-07-30,5367.60009765625,0,-0.00766482751966219,-0.007635527636516981,1.584962500721156,1.0,0.17045072723140062,0,0,-0.0,-0.007635527636516981,-0.0
2010-08-02,5431.64990234375,0,0.011862037773378627,0.011932670750838481,1.584962500721156,1.0,0.1712173291845248,0,0,0.0,0.011932670750838481,0.0
2010-08-03,5439.5498046875,0,0.0014533637403788082,0.0014544203852941973,1.584962500721156,1.0,0.1711108415848965,0,0,0.0,0.0014544203852941973,0.0
2010-08-04,5467.85009765625,0,0.005189203059859094,0.0052026902932964525,1.584962500721156,1.0,0.1711983038460362,0,0,0.0,0.0052026902932964525,0.0
2010-08-05,5447.10009765625,0,-0.003802129121223046,-0.0037949101803090857,1.584962500721156,1.0,0.1708107362228735,0,0,-0.0,-0.0037949101803090857,-0.0
2010-08-06,5439.25,0,-0.0014421911745366375,-0.0014411517166037502,1.584962500721156,1.0,0.17076740870378398,0,0,-0.0,-0.0014411517166037502,-0.0
2010-08-09,5486.14990234375,0,0.008585532950855656,0.008622494340901676,1.584962500721156,1.0,0.17086197794057623,0,0,0.0,0.008622494340901676,0.0
2010-08-10,5460.7001953125,0,-0.004649694232652821,-0.004638901139098928,1.584962500721156,1.0,0.16935880169487877,0,0,-0.0,-0.004638901139098928,-0.0
2010-08-11,5420.60009765625,0,-0.007370493986963361,-0.007343398506050924,1.584962500721156,1.0,0.16982806766949973,0,0,-0.0,-0.007343398506050924,-0.0
2010-08-12,5416.4501953125,0,-0.0007658730806648022,-0.0007655798747345788,1.584962500721156,1.0,0.16981526402346564,0,0,-0.0,-0.0007655798747345788,-0.0
2010-08-13,5452.10009765625,0,0.006560218103885612,0.006581783466707014,1.584962500721156,1.0,0.16866484921297328,0,0,0.0,0.006581783466707014,0.0
2010-08-16,5418.2998046875,0,-0.006218796401868112,-0.0061994997089800385,1.584962500721156,1.0,0.16807950963182075,0,0,-0.0,-0.0061994997089800385,-0.0
2010-08-17,5414.14990234375,0,-0.000766198350143573,-0.0007659048951407232,1.584962500721156,1.0,0.16793371202978905,0,0,-0.0,-0.0007659048951407232,-0.0
2010-08-18,5479.14990234375,0,0.011934082898280511,0.012005578192776367,1.584962500721156,1.0,0.1689874567362541,0,0,0.0,0.012005578192776367,0.0
2010-08-19,5540.2001953125,0,0.0110806748273832,0.011142292884273042,1.584962500721156,1.0,0.16914063710788646,0,0,0.0,0.011142292884273042,0.0
2010-08-20,5530.64990234375,0,-0.0017253047875308014,-0.001723817304802533,1.584962500721156,1.0,0.16912571891266495,0,0,-0.0,-0.001723817304802533,-0.0
2010-08-23,5543.5,0,0.0023207385735129846,0.0023234335716684207,1.584962500721156,1.0,0.16796182579288665,0,0,0.0,0.0023234335716684207,0.0
2010-08-24,5505.10009765625,0,-0.006951117177111686,-0.006927014042346857,1.584962500721156,1.0,0.16828103488811735,0,0,-0.0,-0.006927014042346857,-0.0
2010-08-25,5462.35009765625,0,-0.007795835084648713,-0.0077655263740255,1.584962500721156,1.0,0.16881551706357067,0,0,-0.0,-0.0077655263740255,-0.0
2010-08-26,5477.89990234375,0,0.002842680040908752,0.0028467242870742204,1.584962500721156,1.0,0.16871523935655958,0,0,0.0,0.0028467242870742204,0.0
2010-08-27,5408.7001953125,0,-0.012712993664487983,-0.012632524921027177,1.584962500721156,1.0,0.16981024286292634,0,0,-0.0,-0.012632524921027177,-0.0
2010-08-30,5415.4501953125,0,0.0012472112140708633,0.0012479893054249125,1.584962500721156,1.0,0.16973128327827056,0,0,0.0,0.0012479893054249125,0.0
2010-08-31,5402.39990234375,0,-0.00241273435696224,-0.0024098260528822024,1.584962500721156,1.0,0.16972036886492461,0,0,-0.0,-0.0024098260528822024,-0.0
2010-09-01,5471.85009765625,0,0.012773504308811986,0.012855433986360465,1.584962500721156,1.0,0.16829024403612003,0,0,0.0,0.012855433986360465,0.0
2010-09-02,5486.14990234375,0,0.002609931156180491,0.0026133399914638478,1.584962500721156,1.0,0.16792815980108805,0,0,0.0,0.0026133399914638478,0.0
2010-09-03,5479.39990234375,0,-0.0012311285750001095,-0.0012303710471193163,1.584962500721156,1.0,0.16781148955185005,0,0,-0.0,-0.0012303710471193163,-0.0
2010-09-06,5576.9501953125,0,0.017646478902998107,0.01780309791351864,1.584962500721156,1.0,0.16922623881298315,0,0,0.0,0.01780309791351864,0.0
2010-09-07,5604.0,0,0.004838561479732106,0.004850286220995148,1.584962500721156,1.0,0.16742953360188825,0,0,0.0,0.004850286220995148,0.0
2010-09-08,5607.85009765625,0,0.0006867908104461945,0.0006870267052552226,1.584962500721156,1.0,0.167168081829359,0,0,0.0,0.0006870267052552226,0.0
2010-09-09,5640.0498046875,0,0.005725476804122235,0.0057418986724890875,1.584962500721156,1.0,0.16684458179072673,0,0,0.0,0.0057418986724890875,0.0
2010-09-13,5760.0,0,0.021044578618470873,0.02126757732047113,1.584962500721156,1.0,0.16803465593026765,0,0,0.0,0.02126757732047113,0.0
2010-09-14,5795.5498046875,0,0.006152873284535868,0.006171841091579866,1.584962500721156,1.0,0.15879189613139716,0,0,0.0,0.006171841091579866,0.0
2010-09-15,5860.9501953125,0,0.011221391822531002,0.011284587800816315,1.584962500721156,1.0,0.15827563929626795,0,0,0.0,0.011284587800816315,0.0
2010-09-16,5828.7001953125,0,-0.005517715371069107,-0.005502520739008032,1.584962500721156,1.0,0.15864593290478368,0,0,-0.0,-0.005502520739008032,-0.0
2010-09-17,5884.9501953125,0,0.009604253244100887,0.009650522091569691,1.584962500721156,1.0,0.15917127485181176,0,0,0.0,0.009650522091569691,0.0
2010-09-20,5980.4501953125,0,0.016097570938055195,0.01622783487208923,1.584962500721156,1.0,0.15808080268204297,0,0,0.0,0.01622783487208923,0.0
2010-09-21,6009.0498046875,0,0.004770785040215841,0.004782183354259173,1.584962500721156,1.0,0.15751454481829422,0,0,0.0,0.004782183354259173,0.0
2010-09-22,5991.0,0,-0.0030082905643817803,-0.0030037701923222304,1.584962500721156,1.0,0.15772604577989474,0,0,-0.0,-0.0030037701923222304,-0.0
2010-09-23,5959.5498046875,0,-0.005263401003784735,-0.005249573579118705,1.584962500721156,1.0,0.14914369215282078,0,0,-0.0,-0.005249573579118705,-0.0
2010-09-24,6018.2998046875,0,0.009809852862910048,0.00985812719507595,1.584962500721156,1.0,0.1495824108649059,0,0,0.0,0.00985812719507595,0.0
2010-09-27,6035.64990234375,0,0.00287874266275489,0.00288289022137711,1.584962500721156,1.0,0.14929570277386753,0,0,0.0,0.00288289022137711,0.0
2010-09-28,6029.5,0,-0.0010194490621581462,-0.0010189296004995407,1.584962500721156,1.0,0.14939425156898525,0,0,-0.0,-0.0010189296004995407,-0.0
2010-09-29,5991.2998046875,0,-0.006355704200122867,-0.0063355494340326945,1.584962500721156,1.0,0.1410790095867499,0,0,-0.0,-0.0063355494340326945,-0.0
2010-09-30,6029.9501953125,0,0.0064303668597660915,0.006451086055610178,1.584962500721156,1.0,0.13700992330092077,0,0,0.0,0.006451086055610178,0.0
2010-10-01,6143.39990234375,0,0.018639567709410974,0.018814368834993322,1.584962500721156,1.0,0.13745061846920542,0,0,0.0,0.018814368834993322,0.0
2010-10-04,6159.4501953125,0,0.002609200623776862,0.0026126075501982093,1.584962500721156,1.0,0.1363386212827036,0,0,0.0,0.0026126075501982093,0.0
2010-10-05,6145.7998046875,0,-0.002218629645768462,-0.002216170306140075,1.584962500721156,1.0,0.13650351030109206,0,0,-0.0,-0.002216170306140075,-0.0
2010-10-06,6186.4501953125,0,0.006592558187392446,0.006614336932028841,1.584962500721156,1.0,0.12986721883038255,0,0,0.0,0.006614336932028841,0.0
2010-10-07,6120.2998046875,0,-0.01075036507755265,-0.01069278641815019,1.584962500721156,1.0,0.13108959950597962,0,0,-0.0,-0.01069278641815019,-0.0
2010-10-08,6103.4501953125,0,-0.0027568659448782853,-0.0027530692797262946,1.584962500721156,1.0,0.12862049383984372,0,0,-0.0,-0.0027530692797262946,-0.0
2010-10-11,6135.85009765625,0,0.0052944167152087305,0.005308456906657932,1.584962500721156,1.0,0.12864888431749127,0,0,0.0,0.005308456906657932,0.0
2010-10-12,6090.89990234375,0,-0.007352795767714826,-0.007325830096414854,1.584962500721156,1.0,0.12421388140648341,0,0,-0.0,-0.007325830096414854,-0.0
2010-10-13,6233.89990234375,0,0.023206286464976675,0.023477647357982967,1.584962500721156,1.0,0.12760073811381392,0,0,0.0,0.023477647357982967,0.0
2010-10-14,6177.35009765625,0,-0.009112731758761925,-0.009071336654962847,1.584962500721156,1.0,0.12906591392843333,0,0,-0.0,-0.009071336654962847,-0.0
2010-10-15,6062.64990234375,0,-0.018742410609534424,-0.018567863808790497,1.584962500721156,1.0,0.13186376653129644,0,0,-0.0,-0.018567863808790497,-0.0
2010-10-18,6075.9501953125,0,0.0021914056290457356,0.0021938085132719998,1.584962500721156,1.0,0.13147010384082528,0,0,0.0,0.0021938085132719998,0.0
2010-10-19,6027.2998046875,0,-0.008039270881310663,-0.008007042365576478,1.584962500721156,1.0,0.1305663616198979,0,0,-0.0,-0.008007042365576478,-0.0
2010-10-20,5982.10009765625,0,-0.007527423655550523,-0.007499163555145794,1.584962500721156,1.0,0.1313549508600008,0,0,-0.0,-0.007499163555145794,-0.0
2010-10-21,6101.5,0,0.019762949379863604,0.01995952932825884,1.584962500721156,1.0,0.13485827973966985,0,0,0.0,0.01995952932825884,0.0
2010-10-22,6066.0498046875,0,-0.005827022890950839,-0.0058100787203966275,1.584962500721156,1.0,0.13502915170352756,0,0,-0.0,-0.0058100787203966275,-0.0
2010-10-25,6105.7998046875,0,0.006531487421865502,0.006552864100997535,1.584962500721156,1.0,0.13512219255779304,0,0,0.0,0.006552864100997535,0.0
2010-10-26,6082.0,0,-0.003905517865498991,-0.003897901249436453,1.584962500721156,1.0,0.13287911684983836,0,0,-0.0,-0.003897901249436453,-0.0
2010-10-27,6012.64990234375,0,-0.011468022351340748,-0.011402515234503419,1.584962500721156,1.0,0.13390665920096692,0,0,-0.0,-0.011402515234503419,-0.0
2010-10-28,5987.7001953125,0,-0.004158169182956317,-0.004149535967747697,1.584962500721156,1.0,0.13422545334260674,0,0,-0.0,-0.004149535967747697,-0.0
2010-10-29,6017.7001953125,0,0.004997761252085383,0.005010270892234381,1.584962500721156,1.0,0.13433190541978096,0,0,0.0,0.005010270892234381,0.0
2010-11-01,6117.5498046875,0,0.01645649867513474,0.016592652696918675,1.584962500721156,1.0,0.13534761869854617,0,0,0.0,0.016592652696918675,0.0
2010-11-02,6119.0,0,0.00023702683230754845,0.000237054925386726,1.584962500721156,1.0,0.13419443390597538,0,0,0.0,0.000237054925386726,0.0
2010-11-03,6160.5,0,0.0067592586021823315,0.006782153946723213,1.584962500721156,1.0,0.1316591477492389,0,0,0.0,0.006782153946723213,0.0
2010-11-04,6281.7998046875,0,0.019498589440667992,0.019689928526499534,1.584962500721156,1.0,0.13415643176730033,0,0,0.0,0.019689928526499534,0.0
2010-11-08,6273.2001953125,0,-0.0013699101106928303,-0.0013689722121649206,1.584962500721156,1.0,0.1323388012294279,0,0,-0.0,-0.0013689722121649206,-0.0
2010-11-09,6301.5498046875,0,0.004508981475751922,0.0045191622285836175,1.584962500721156,1.0,0.13216459139783804,0,0,0.0,0.0045191622285836175,0.0
2010-11-10,6275.7001953125,0,-0.004110540185239915,-0.004102103478698438,1.584962500721156,1.0,0.13251371908270468,0,0,-0.0,-0.004102103478698438,-0.0
2010-11-11,6194.25,0,-0.013063621326274108,-0.012978662583871925,1.584962500721156,1.0,0.13416931154140355,0,0,-0.0,-0.012978662583871925,-0.0
2010-11-12,6071.64990234375,0,-0.01999106166251395,-0.019792565307543253,1.584962500721156,1.0,0.13784990621366314,0,0,-0.0,-0.019792565307543253,-0.0
2010-11-15,6121.60009765625,0,0.0081931355022444,0.008226791089060992,1.584962500721156,1.0,0.13746850098806435,0,0,0.0,0.008226791089060992,0.0
2010-11-16,5988.7001953125,0,-0.021949123410368025,-0.021709994155716394,1.584962500721156,1.0,0.14217902867612905,0,0,-0.0,-0.021709994155716394,-0.0
2010-11-18,5998.7998046875,0,0.0016850238606307781,0.0016864443110551353,1.584962500721156,1.0,0.141982421820736,0,0,0.0,0.0016864443110551353,0.0
2010-11-19,5890.2998046875,0,-0.018252519672628757,-0.018086951312363708,1.584962500721156,1.0,0.1456163042214404,0,0,-0.0,-0.018086951312363708,-0.0
2010-11-22,6010.0,0,0.020117851552952617,0.020321579424062985,1.584962500721156,1.0,0.14895875153043825,0,0,0.0,0.020321579424062985,0.0
2010-11-23,5934.75,0,-0.01259984437184087,-0.012520798668885225,1.584962500721156,1.0,0.15068613348011856,0,0,-0.0,-0.012520798668885225,-0.0
2010-11-24,5865.75,0,-0.01169455300758192,-0.01162643750789838,1.584962500721156,1.0,0.1521654364647199,0,0,-0.0,-0.01162643750789838,-0.0
2010-11-25,5799.75,0,-0.011315537992575984,-0.011251758087201136,1.584962500721156,1.0,0.15349516949451517,0,0,-0.0,-0.011251758087201136,-0.0
2010-11-26,5751.9501953125,0,-0.00827585146692871,-0.008241700881503555,1.584962500721156,1.0,0.15408814250903466,0,0,-0.0,-0.008241700881503555,-0.0
2010-11-29,5830.0,0,0.013478038654212304,0.01356927686041276,1.584962500721156,1.0,0.15532668901823515,0,0,0.0,0.01356927686041276,0.0
2010-11-30,5862.7001953125,0,0.005593281281109418,0.005608952883790819,1.584962500721156,1.0,0.1550834055572429,0,0,0.0,0.005608952883790819,0.0
2010-12-01,5960.89990234375,0,0.016611178361988586,0.016749911092121872,1.584962500721156,1.0,0.15731567238840102,0,0,0.0,0.016749911092121872,0.0
2010-12-02,6011.7001953125,0,0.00848614292930173,0.00852225231106063,1.584962500721156,1.0,0.1574072036055865,0,0,0.0,0.00852225231106063,0.0
2010-12-03,5992.7998046875,0,-0.0031488868744578725,-0.0031439343298818034,1.584962500721156,1.0,0.15756072060073412,0,0,-0.0,-0.0031439343298818034,-0.0
2010-12-06,5992.25,0,-9.17484193800369e-05,-9.174421062252414e-05,1.584962500721156,1.0,0.15710341383967721,0,0,-0.0,-9.174421062252414e-05,-0.0
2010-12-07,5976.5498046875,0,-0.0026235219193067112,-0.0026200834932621486,1.584962500721156,1.0,0.15722227592294027,0,0,-0.0,-0.0026200834932621486,-0.0
2010-12-08,5903.7001953125,0,-0.012264139639573417,-0.012189241578454357,1.584962500721156,1.0,0.15813472064636333,0,0,-0.0,-0.012189241578454357,-0.0
2010-12-09,5766.5,0,-0.023513995398226302,-0.023239695576248276,1.584962500721156,1.0,0.16231527669925508,0,0,-0.0,-0.023239695576248276,-0.0
2010-12-10,5857.35009765625,0,0.01563198886586812,0.015754807535983684,1.584962500721156,1.0,0.16423296530648157,0,0,0.0,0.015754807535983684,0.0
2010-12-13,5907.64990234375,0,0.008550805127915114,0.008587467685707617,1.584962500721156,1.0,0.16458201509477413,0,0,0.0,0.008587467685707617,0.0
2010-12-14,5944.10009765625,0,0.0061510427131599675,0.0061699992238941626,1.584962500721156,1.0,0.16462645745803883,0,0,0.0,0.0061699992238941626,0.0
2010-12-15,5892.2998046875,0,-0.00875276673674562,-0.00871457278944121,1.584962500721156,1.0,0.16538254204175826,0,0,-0.0,-0.00871457278944121,-0.0
2010-12-16,5948.75,0,0.009534732799129053,0.009580333177818368,1.584962500721156,1.0,0.16551519261765082,0,0,0.0,0.009580333177818368,0.0
2010-12-20,5947.0498046875,0,-0.00028584800551315775,-0.0002858071548644814,1.584962500721156,1.0,0.16526181543638213,0,0,-0.0,-0.0002858071548644814,-0.0
2010-12-21,6000.64990234375,0,0.00897251497180786,0.009012888645056005,1.584962500721156,1.0,0.16519522612668405,0,0,0.0,0.009012888645056005,0.0
2010-12-22,5984.39990234375,0,-0.002711713380007471,-0.002708040006408785,1.584962500721156,1.0,0.1652905033794584,0,0,-0.0,-0.002708040006408785,-0.0
2010-12-23,5980.0,0,-0.0007354990769299838,-0.000735228663784171,1.584962500721156,1.0,0.16505976670342987,0,0,-0.0,-0.000735228663784171,-0.0
2010-12-24,6011.60009765625,0,0.005270384359897009,0.005284297266931359,1.584962500721156,1.0,0.16475105228209996,0,0,0.0,0.005284297266931359,0.0
2010-12-27,5998.10009765625,0,-0.0022481836293281954,-0.0022456583572921796,1.584962500721156,1.0,0.16481862266784442,0,0,-0.0,-0.0022456583572921796,-0.0
2010-12-28,5996.0,0,-0.000350188452758028,-0.00035012714393856115,1.584962500721156,1.0,0.16381906172624922,0,0,-0.0,-0.00035012714393856115,-0.0
2010-12-29,6060.35009765625,0,0.010674990062610617,0.010732171056746065,1.584962500721156,1.0,0.1637497801567922,0,0,0.0,0.010732171056746065,0.0
2010-12-30,6101.85009765625,0,0.006824449589510328,0.0068477892087537295,1.584962500721156,1.0,0.16397212356230345,0,0,0.0,0.0068477892087537295,0.0
2010-12-31,6134.5,0,0.005336555356628161,0.005350820131797551,1.584962500721156,1.0,0.1641137022482846,0,0,0.0,0.005350820131797551,0.0
2011-01-03,6157.60009765625,0,0.003758531848336433,0.0037656039866738045,1.584962500721156,1.0,0.1635989693331331,0,0,0.0,0.0037656039866738045,0.0
2011-01-04,6146.35009765625,0,-0.0018286815139022822,-0.001827010494605208,1.584962500721156,1.0,0.16296880924178606,0,0,-0.0,-0.001827010494605208,-0.0
2011-01-05,6079.7998046875,0,-0.010886657008168427,-0.010827611820245497,1.584962500721156,1.0,0.16421791436552663,0,0,-0.0,-0.010827611820245497,-0.0
2011-01-06,6048.25,0,-0.0052027945736062816,-0.0051892834798894505,1.584962500721156,1.0,0.1628972349390489,0,0,-0.0,-0.0051892834798894505,-0.0
2011-01-07,5904.60009765625,0,-0.024037249311890194,-0.02375065553569211,1.584962500721156,1.0,0.168299680580472,0,0,-0.0,-0.02375065553569211,-0.0
2011-01-10,5762.85009765625,0,-0.0242995637386114,-0.024006706238457354,1.584962500721156,1.0,0.17344799834063926,0,0,-0.0,-0.024006706238457354,-0.0
2011-01-11,5754.10009765625,0,-0.0015194997868653757,-0.0015183459315658565,1.584962500721156,1.0,0.1722800557871874,0,0,-0.0,-0.0015183459315658565,-0.0
2011-01-12,5863.25,0,0.01879139619515671,0.01896906562126177,1.584962500721156,1.0,0.17493289926387232,0,0,0.0,0.01896906562126177,0.0
2011-01-13,5751.89990234375,0,-0.019173839327316797,-0.018991190492687493,1.584962500721156,1.0,0.17805363783359612,0,0,-0.0,-0.018991190492687493,-0.0
2011-01-14,5654.5498046875,0,-0.017069721768040398,-0.016924859491484257,1.584962500721156,1.0,0.17808566992539443,0,0,-0.0,-0.016924859491484257,-0.0
2011-01-17,5654.75,0,3.5403661761228884e-05,3.540428847825794e-05,1.584962500721156,1.0,0.1779091637671432,0,0,0.0,3.540428847825794e-05,0.0
2011-01-18,5724.0498046875,0,0.012180662758961016,0.012255149155577127,1.584962500721156,1.0,0.1790523904634281,0,0,0.0,0.012255149155577127,0.0
2011-01-19,5691.0498046875,0,-0.0057818316196177775,-0.00576514899869951,1.584962500721156,1.0,0.17908734880501637,0,0,-0.0,-0.00576514899869951,-0.0
2011-01-20,5711.60009765625,0,0.0036044806065857974,0.003610984558916286,1.584962500721156,1.0,0.17565703435587793,0,0,0.0,0.003610984558916286,0.0
2011-01-21,5696.5,0,-0.0026472605158493817,-0.002643759611679841,1.584962500721156,1.0,0.17538795499392593,0,0,-0.0,-0.002643759611679841,-0.0
2011-01-24,5743.25,0,0.008173301034109938,0.008206793645220811,1.584962500721156,1.0,0.17489982692272074,0,0,0.0,0.008206793645220811,0.0
2011-01-25,5687.39990234375,0,-0.009772067655861168,-0.009724476151351635,1.584962500721156,1.0,0.17540846831473053,0,0,-0.0,-0.009724476151351635,-0.0
2011-01-27,5604.2998046875,0,-0.014719059152266116,-0.014611263333532243,1.584962500721156,1.0,0.17625044246345087,0,0,-0.0,-0.014611263333532243,-0.0
2011-01-28,5512.14990234375,0,-0.016579396404794635,-0.0164427146218471,1.584962500721156,1.0,0.17599641163911312,0,0,-0.0,-0.0164427146218471,-0.0
2011-01-31,5505.89990234375,0,-0.0011345021634778043,-0.0011338588591980336,1.584962500721156,1.0,0.17573429058703607,0,0,-0.0,-0.0011338588591980336,-0.0
2011-02-01,5417.2001953125,0,-0.016241113960522698,-0.016109938176226635,1.584962500721156,1.0,0.17755411159034282,0,0,-0.0,-0.016109938176226635,-0.0
2011-02-02,5432.0,0,0.0027282774031740335,0.0027320025389325764,1.584962500721156,1.0,0.17752947480420234,0,0,0.0,0.0027320025389325764,0.0
2011-02-03,5526.75,0,0.017292549076686366,0.017442930780559696,1.584962500721156,1.0,0.17925626823687313,0,0,0.0,0.017442930780559696,0.0
2011-02-04,5395.75,0,-0.023988332676138546,-0.02370289953408422,1.584962500721156,1.0,0.1832264487340439,0,0,-0.0,-0.02370289953408422,-0.0
2011-02-07,5396.0,0,4.633168856676948e-05,4.633276189602853e-05,1.584962500721156,1.0,0.18323884624164014,0,0,0.0,4.633276189602853e-05,0.0
2011-02-08,5312.5498046875,0,-0.015586029138919214,-0.015465195573109658,1.584962500721156,1.0,0.18461521479993365,0,0,-0.0,-0.015465195573109658,-0.0
2011-02-09,5253.5498046875,0,-0.011167907817883387,-0.011105778236270236,1.584962500721156,1.0,0.18486741617977612,0,0,-0.0,-0.011105778236270236,-0.0
2011-02-10,5225.7998046875,0,-0.0052961425847933225,-0.005282142747602747,1.584962500721156,1.0,0.18178565545860353,0,0,-0.0,-0.005282142747602747,-0.0
2011-02-11,5310.0,0,0.01598397644993397,0.016112403547677623,1.584962500721156,1.0,0.1840670054963228,0,0,0.0,0.016112403547677623,0.0
2011-02-14,5456.0,0,0.027124085287313617,0.027495291902071672,1.584962500721156,1.0,0.1902544850171997,0,0,0.0,0.027495291902071672,0.0
2011-02-15,5481.0,0,0.00457164552281843,0.004582111436950198,1.584962500721156,1.0,0.19004635987103802,0,0,0.0,0.004582111436950198,0.0
2011-02-16,5481.7001953125,0,0.00012774139600228233,0.00012774955528183085,1.584962500721156,1.0,0.18939266145284012,0,0,0.0,0.00012774955528183085,0.0
2011-02-17,5546.4501953125,0,0.011742811215976985,0.011812028694194066,1.584962500721156,1.0,0.19061065605098101,0,0,0.0,0.011812028694194066,0.0
2011-02-18,5458.9501953125,0,-0.01590161932654793,-0.01577585607348453,1.584962500721156,1.0,0.1919042955928083,0,0,-0.0,-0.01577585607348453,-0.0
2011-02-21,5518.60009765625,0,0.01086772327922514,0.010926991492791194,1.584962500721156,1.0,0.19269707768006392,0,0,0.0,0.010926991492791194,0.0
2011-02-22,5469.2001953125,0,-0.008991833464499622,-0.00895152782763331,1.584962500721156,1.0,0.18868954677906324,0,0,-0.0,-0.00895152782763331,-0.0
2011-02-23,5437.35009765625,0,-0.0058405613764712025,-0.005823538455137944,1.584962500721156,1.0,0.18839270238672176,0,0,-0.0,-0.005823538455137944,-0.0
2011-02-24,5262.7001953125,0,-0.03264758763813046,-0.03212040777345426,1.584962500721156,1.0,0.19338410758493743,0,0,-0.0,-0.03212040777345426,-0.0
2011-02-25,5303.5498046875,0,0.0077321306790641905,0.007762100795972504,1.584962500721156,1.0,0.193910967154481,0,0,0.0,0.007762100795972504,0.0
2011-02-28,5333.25,0,0.00558443762100127,0.005600059659334189,1.584962500721156,1.0,0.19395225798396312,0,0,0.0,0.005600059659334189,0.0
2011-03-01,5522.2998046875,0,0.03483359635665696,0.03544739224441007,1.584962500721156,1.0,0.20288495573352036,0,0,0.0,0.03544739224441007,0.0
2011-03-03,5536.2001953125,0,0.0025139753033331146,0.0025171379889952217,1.584962500721156,1.0,0.1999453496582657,0,0,0.0,0.0025171379889952217,0.0
2011-03-04,5538.75,0,0.0004604634219720642,0.00046056945152717077,1.584962500721156,1.0,0.1997994591578811,0,0,0.0,0.00046056945152717077,0.0
2011-03-07,5463.14990234375,0,-0.013743314929411162,-0.013649306730986188,1.584962500721156,1.0,0.20051157267397185,0,0,-0.0,-0.013649306730986188,-0.0
2011-03-08,5520.7998046875,0,0.010497213344531289,0.010552502379445494,1.584962500721156,1.0,0.20141490790257507,0,0,0.0,0.010552502379445494,0.0
2011-03-09,5531.0,0,0.0018458890658586942,0.0018475937678159582,1.584962500721156,1.0,0.2007006633327963,0,0,0.0,0.0018475937678159582,0.0
2011-03-10,5494.39990234375,0,-0.006639257065300575,-0.006617265893373747,1.584962500721156,1.0,0.20085661710683325,0,0,-0.0,-0.006617265893373747,-0.0
2011-03-11,5445.4501953125,0,-0.008948940481997226,-0.00890901789117493,1.584962500721156,1.0,0.2010418907493663,0,0,-0.0,-0.00890901789117493,-0.0
2011-03-14,5531.5,0,0.01567859302758532,0.015802147040399506,1.584962500721156,1.0,0.20085355547033956,0,0,0.0,0.015802147040399506,0.0
2011-03-15,5449.64990234375,0,-0.014907657983095256,-0.014797088973379724,1.584962500721156,1.0,0.20215853373306267,0,0,-0.0,-0.014797088973379724,-0.0
2011-03-16,5511.14990234375,0,0.01122192659188634,0.011285128604967998,1.584962500721156,1.0,0.20279838188930174,0,0,0.0,0.011285128604967998,0.0
2011-03-17,5446.64990234375,0,-0.011772572247673354,-0.011703546654132868,1.584962500721156,1.0,0.20048234448627414,0,0,-0.0,-0.011703546654132868,-0.0
2011-03-18,5373.7001953125,0,-0.013484002212295716,-0.013393500287187332,1.584962500721156,1.0,0.20146789829970874,0,0,-0.0,-0.013393500287187332,-0.0
2011-03-21,5364.75,0,-0.0016669439671844774,-0.0016655553877581442,1.584962500721156,1.0,0.2011921282446981,0,0,-0.0,-0.0016655553877581442,-0.0
2011-03-22,5413.85009765625,0,0.009110726224509216,0.009152355218090324,1.584962500721156,1.0,0.20197487057912086,0,0,0.0,0.009152355218090324,0.0
2011-03-23,5480.25,0,0.012190217458324736,0.012264820995412373,1.584962500721156,1.0,0.20235134368031493,0,0,0.0,0.012264820995412373,0.0
2011-03-24,5522.39990234375,0,0.007661810366167588,0.00769123714132558,1.584962500721156,1.0,0.2004239172482873,0,0,0.0,0.00769123714132558,0.0
2011-03-25,5654.25,0,0.023594944054316423,0.023875507023729314,1.584962500721156,1.0,0.2040598877255116,0,0,0.0,0.023875507023729314,0.0
2011-03-28,5687.25,0,0.005819352489233676,0.005836317814033709,1.584962500721156,1.0,0.20121314088369105,0,0,0.0,0.005836317814033709,0.0
2011-03-29,5736.35009765625,0,0.008596309323982254,0.008633363691810558,1.584962500721156,1.0,0.20176441933303316,0,0,0.0,0.008633363691810558,0.0
2011-03-30,5787.64990234375,0,0.008903183538841914,0.00894293476063468,1.584962500721156,1.0,0.20010808872948038,0,0,0.0,0.00894293476063468,0.0
2011-03-31,5833.75,0,0.007933698152046535,0.00796525332978093,1.584962500721156,1.0,0.19762932385621856,0,0,0.0,0.00796525332978093,0.0
2011-04-01,5826.0498046875,0,-0.0013208110878279227,-0.0013199392007713362,1.584962500721156,1.0,0.19654490359257215,0,0,-0.0,-0.0013199392007713362,-0.0
2011-04-04,5908.4501953125,0,0.014044355538836166,0.014143440819661901,1.584962500721156,1.0,0.1970031607740238,0,0,0.0,0.014143440819661901,0.0
2011-04-05,5910.0498046875,0,0.00027069583868808463,0.0002707324801127786,1.584962500721156,1.0,0.1960571283872022,0,0,0.0,0.0002707324801127786,0.0
2011-04-06,5891.75,0,-0.0031011912855171014,-0.003096387558863878,1.584962500721156,1.0,0.19561371735839223,0,0,-0.0,-0.003096387558863878,-0.0
2011-04-07,5885.7001953125,0,-0.001027353989069185,-0.001026826441634543,1.584962500721156,1.0,0.19434159842859813,0,0,-0.0,-0.001026826441634543,-0.0
2011-04-08,5842.0,0,-0.007452509331449193,-0.007424808240709235,1.584962500721156,1.0,0.19452451047522332,0,0,-0.0,-0.007424808240709235,-0.0
2011-04-11,5785.7001953125,0,-0.009683814289420984,-0.009637077146097184,1.584962500721156,1.0,0.19312279925238499,0,0,-0.0,-0.009637077146097184,-0.0
2011-04-13,5911.5,0,0.021510216644902755,0.0217432290718107,1.584962500721156,1.0,0.19601455687321004,0,0,0.0,0.0217432290718107,0.0
2011-04-15,5824.5498046875,0,-0.014817896604968487,-0.014708651833291064,1.584962500721156,1.0,0.19748091143178867,0,0,-0.0,-0.014708651833291064,-0.0
2011-04-18,5729.10009765625,0,-0.01652324234306882,-0.016387482334588976,1.584962500721156,1.0,0.19933336055759376,0,0,-0.0,-0.016387482334588976,-0.0
2011-04-19,5740.75,0,0.0020313964438487763,0.002033461127431746,1.584962500721156,1.0,0.19934506768046287,0,0,0.0,0.002033461127431746,0.0
2011-04-20,5851.64990234375,0,0.01913379225131961,0.019318016346949518,1.584962500721156,1.0,0.2009917710604171,0,0,0.0,0.019318016346949518,0.0
2011-04-21,5884.7001953125,0,0.005632139474262156,0.005648029789942166,1.584962500721156,1.0,0.1972599460888395,0,0,0.0,0.005648029789942166,0.0
2011-04-25,5874.5,0,-0.0017348455169341906,-0.0017333415422973175,1.584962500721156,1.0,0.19555254688716933,0,0,-0.0,-0.0017333415422973175,-0.0
2011-04-26,5868.39990234375,0,-0.00103894238317352,-0.0010384028693931624,1.584962500721156,1.0,0.19502743381907744,0,0,-0.0,-0.0010384028693931624,-0.0
2011-04-27,5833.89990234375,0,-0.005896293981322488,-0.00587894495503305,1.584962500721156,1.0,0.19498048821174263,0,0,-0.0,-0.00587894495503305,-0.0
2011-04-28,5785.4501953125,0,-0.008339534900220089,-0.00830485744395193,1.584962500721156,1.0,0.1949304315356702,0,0,-0.0,-0.00830485744395193,-0.0
2011-04-29,5749.5,0,-0.006233284254191724,-0.006213897639569588,1.584962500721156,1.0,0.19448520874064826,0,0,-0.0,-0.006213897639569588,-0.0
2011-05-02,5701.2998046875,0,-0.008418709752226371,-0.008383371651882743,1.584962500721156,1.0,0.19494981212226484,0,0,-0.0,-0.008383371651882743,-0.0
2011-05-03,5565.25,0,-0.024152277406054596,-0.02386294517885945,1.584962500721156,1.0,0.19825913467779244,0,0,-0.0,-0.02386294517885945,-0.0
2011-05-04,5537.14990234375,0,-0.005061997028756225,-0.0050492067124118245,1.584962500721156,1.0,0.19836104272446992,0,0,-0.0,-0.0050492067124118245,-0.0
2011-05-05,5459.85009765625,0,-0.014058575581329499,-0.0139602152823749,1.584962500721156,1.0,0.19958579786239156,0,0,-0.0,-0.0139602152823749,-0.0
2011-05-06,5551.4501953125,0,0.016637855340857616,0.016777035269809115,1.584962500721156,1.0,0.20149606390483996,0,0,0.0,0.016777035269809115,0.0
2011-05-09,5551.10009765625,0,-6.306616896621993e-05,-6.306418033719119e-05,1.584962500721156,1.0,0.20148737502011962,0,0,-0.0,-6.306418033719119e-05,-0.0
2011-05-10,5541.25,0,-0.0017760168329809282,-0.0017744406483336528,1.584962500721156,1.0,0.20149127542219536,0,0,-0.0,-0.0017744406483336528,-0.0
2011-05-11,5565.0498046875,0,0.004285827239714357,0.004295024531919767,1.584962500721156,1.0,0.20073637138691597,0,0,0.0,0.004295024531919767,0.0
2011-05-12,5486.14990234375,0,-0.01427921764981002,-0.014177753140195093,1.584962500721156,1.0,0.20152745862902283,0,0,-0.0,-0.014177753140195093,-0.0
2011-05-13,5544.75,0,0.010624817456151603,0.010681461261424108,1.584962500721156,1.0,0.20220491327806578,0,0,0.0,0.010681461261424108,0.0
2011-05-16,5499.0,0,-0.008285276597504446,-0.00825104828892198,1.584962500721156,1.0,0.20238585701405679,0,0,-0.0,-0.00825104828892198,-0.0
2011-05-17,5438.9501953125,0,-0.010980194083480721,-0.010920131785324583,1.584962500721156,1.0,0.20303735589977598,0,0,-0.0,-0.010920131785324583,-0.0
2011-05-18,5420.60009765625,0,-0.0033795349947825953,-0.00337383079405007,1.584962500721156,1.0,0.20242753598019372,0,0,-0.0,-0.00337383079405007,-0.0
2011-05-19,5428.10009765625,0,0.0013826543382725416,0.0013836106454787611,1.584962500721156,1.0,0.20236567311170386,0,0,0.0,0.0013836106454787611,0.0
2011-05-20,5486.35009765625,0,0.010674024255009313,0.010731194884403772,1.584962500721156,1.0,0.19959170057464046,0,0,0.0,0.010731194884403772,0.0
2011-05-23,5386.5498046875,0,-0.01835813752553947,-0.018190653383819644,1.584962500721156,1.0,0.19785240748789604,0,0,-0.0,-0.018190653383819644,-0.0
2011-05-24,5394.85009765625,0,0.0015397433883911405,0.0015409294018828845,1.584962500721156,1.0,0.1978849526035834,0,0,0.0,0.0015409294018828845,0.0
2011-05-25,5348.9501953125,0,-0.008544496425544794,-0.008508095964277262,1.584962500721156,1.0,0.1955273505348229,0,0,-0.0,-0.008508095964277262,-0.0
2011-05-26,5412.35009765625,0,0.011783080883934626,0.011852774849036685,1.584962500721156,1.0,0.19424672638349227,0,0,0.0,0.011852774849036685,0.0
2011-05-27,5476.10009765625,0,0.01170978923544845,0.011778617208743736,1.584962500721156,1.0,0.19333687391383914,0,0,0.0,0.011778617208743736,0.0
2011-05-30,5473.10009765625,0,-0.0005479852448685878,-0.0005478351283760841,1.584962500721156,1.0,0.1933359917269137,0,0,-0.0,-0.0005478351283760841,-0.0
2011-06-01,5592.0,0,0.021491803578991553,0.021724415819594833,1.584962500721156,1.0,0.19566029857423847,0,0,0.0,0.021724415819594833,0.0
2011-06-02,5550.35009765625,0,-0.007475998503883324,-0.007448122736722129,1.584962500721156,1.0,0.19581616769912696,0,0,-0.0,-0.007448122736722129,-0.0
2011-06-03,5516.75,0,-0.0060720876465728746,-0.0060536897790354205,1.584962500721156,1.0,0.19594232086772811,0,0,-0.0,-0.0060536897790354205,-0.0
2011-06-06,5532.0498046875,0,0.0027694979974720634,0.0027733365999003112,1.584962500721156,1.0,0.19597493489956055,0,0,0.0,0.0027733365999003112,0.0
2011-06-07,5556.14990234375,0,0.004346988013065479,0.004356449870684287,1.584962500721156,1.0,0.1956093463728772,0,0,0.0,0.004356449870684287,0.0
2011-06-08,5526.85009765625,0,-0.005287354136339274,-0.005273400682573426,1.584962500721156,1.0,0.19514225740329064,0,0,-0.0,-0.005273400682573426,-0.0
2011-06-09,5521.0498046875,0,-0.0010500264399477862,-0.0010494753550869262,1.584962500721156,1.0,0.19362059463553422,0,0,-0.0,-0.0010494753550869262,-0.0
2011-06-10,5485.7998046875,0,-0.006405124402290038,-0.0063846553186446275,1.584962500721156,1.0,0.19191956576419963,0,0,-0.0,-0.0063846553186446275,-0.0
2011-06-13,5482.7998046875,0,-0.0005470160606905956,-0.0005468664746818286,1.584962500721156,1.0,0.1919127116313352,0,0,-0.0,-0.0005468664746818286,-0.0
2011-06-14,5500.5,0,0.0032231134450305594,0.003228313260200899,1.584962500721156,1.0,0.19001649497846154,0,0,0.0,0.003228313260200899,0.0
2011-06-15,5447.5,0,-0.00968220936071541,-0.009635487682937871,1.584962500721156,1.0,0.1906769488106052,0,0,-0.0,-0.009635487682937871,-0.0
2011-06-16,5396.75,0,-0.009359867303788395,-0.009316200091785243,1.584962500721156,1.0,0.18905419109615576,0,0,-0.0,-0.009316200091785243,-0.0
2011-06-17,5366.39990234375,0,-0.005639646083818007,-0.005623773133135668,1.584962500721156,1.0,0.1849840442609062,0,0,-0.0,-0.005623773133135668,-0.0
2011-06-20,5257.89990234375,0,-0.020425585533706467,-0.020218396313068876,1.584962500721156,1.0,0.18809619301359687,0,0,-0.0,-0.020218396313068876,-0.0
2011-06-21,5275.85009765625,0,0.0034081334163708894,0.003413947706478515,1.584962500721156,1.0,0.1863997607645368,0,0,0.0,0.003413947706478515,0.0
2011-06-22,5278.2998046875,0,0.0004642168432151349,0.00046432460852874335,1.584962500721156,1.0,0.18545390777236404,0,0,0.0,0.00046432460852874335,0.0
2011-06-23,5320.0,0,0.007869264178642029,0.007900308215813556,1.584962500721156,1.0,0.18568716853766498,0,0,0.0,0.007900308215813556,0.0
2011-06-24,5471.25,0,0.028033806169414976,0.0284304511278195,1.584962500721156,1.0,0.1896402832862548,0,0,0.0,0.0284304511278195,0.0
2011-06-27,5526.60009765625,0,0.010065706387361805,0.010116536012108712,1.584962500721156,1.0,0.18490570507097975,0,0,0.0,0.010116536012108712,0.0
2011-06-28,5545.2998046875,0,0.00337787100253908,0.0033835824378138923,1.584962500721156,1.0,0.18483552229068478,0,0,0.0,0.0033835824378138923,0.0
2011-06-29,5600.4501953125,0,0.009896299617058683,0.009945429925787064,1.584962500721156,1.0,0.18555661472640614,0,0,0.0,0.009945429925787064,0.0
2011-06-30,5647.39990234375,0,0.008348258431096389,0.008383202313011706,1.584962500721156,1.0,0.18504692962181224,0,0,0.0,0.008383202313011706,0.0
2011-07-01,5627.2001953125,0,-0.0035832275147961966,-0.003576815416040713,1.584962500721156,1.0,0.18315020897715448,0,0,-0.0,-0.003576815416040713,-0.0
2011-07-04,5650.5,0,0.0041320193718407065,0.0041405679341048884,1.584962500721156,1.0,0.1823989135020042,0,0,0.0,0.0041405679341048884,0.0
2011-07-05,5632.10009765625,0,-0.0032616450989141907,-0.003256331712901517,1.584962500721156,1.0,0.18182685226854106,0,0,-0.0,-0.003256331712901517,-0.0
2011-07-06,5625.4501953125,0,-0.0011814121090557134,-0.001180714516511805,1.584962500721156,1.0,0.18154636255911957,0,0,-0.0,-0.001180714516511805,-0.0
2011-07-07,5728.9501953125,0,0.018231322343836034,0.018398527478963977,1.584962500721156,1.0,0.17519113584386536,0,0,0.0,0.018398527478963977,0.0
2011-07-08,5660.64990234375,0,-0.011993592594938669,-0.011921956142092904,1.584962500721156,1.0,0.1761336617686167,0,0,-0.0,-0.011921956142092904,-0.0
2011-07-11,5616.10009765625,0,-0.007901219137585697,-0.007870086554735423,1.584962500721156,1.0,0.17652507493591235,0,0,-0.0,-0.007870086554735423,-0.0
2011-07-12,5526.14990234375,0,-0.01614613735199751,-0.016016487197234697,1.584962500721156,1.0,0.16896041299806244,0,0,-0.0,-0.016016487197234697,-0.0
2011-07-13,5585.4501953125,0,0.010673684337305226,0.01073085131903495,1.584962500721156,1.0,0.16985245056173914,0,0,0.0,0.01073085131903495,0.0
2011-07-15,5581.10009765625,0,-0.0007791301274212043,-0.0007788266843558045,1.584962500721156,1.0,0.16985763417351712,0,0,-0.0,-0.0007788266843558045,-0.0
2011-07-18,5567.0498046875,0,-0.002520651503807869,-0.002517477329362028,1.584962500721156,1.0,0.1683017002309652,0,0,-0.0,-0.002517477329362028,-0.0
2011-07-19,5613.5498046875,0,0.008318027607452367,0.008352718519034408,1.584962500721156,1.0,0.16796368914261026,0,0,0.0,0.008352718519034408,0.0
2011-07-20,5567.0498046875,0,-0.008318027607452325,-0.008283528536821905,1.584962500721156,1.0,0.1685392109292287,0,0,-0.0,-0.008283528536821905,-0.0
2011-07-21,5541.60009765625,0,-0.004581970226838186,-0.004571489015568253,1.584962500721156,1.0,0.16834228946917942,0,0,-0.0,-0.004571489015568253,-0.0
2011-07-22,5633.9501953125,0,0.01652754404382657,0.016664879462397142,1.584962500721156,1.0,0.169857829927586,0,0,0.0,0.016664879462397142,0.0
2011-07-25,5680.2998046875,0,0.00819318446303973,0.008226840452647766,1.584962500721156,1.0,0.16840425742406334,0,0,0.0,0.008226840452647766,0.0
2011-07-26,5574.85009765625,0,-0.018738585183611912,-0.018564109405674434,1.584962500721156,1.0,0.16950190447748423,0,0,-0.0,-0.018564109405674434,-0.0
2011-07-27,5546.7998046875,0,-0.005044278986077197,-0.0050315779756199275,1.584962500721156,1.0,0.16870475524677772,0,0,-0.0,-0.0050315779756199275,-0.0
2011-07-28,5487.75,0,-0.01070281423571575,-0.010645742908838685,1.584962500721156,1.0,0.16850147472760493,0,0,-0.0,-0.010645742908838685,-0.0
2011-07-29,5482.0,0,-0.0010483375695179318,-0.0010477882556603202,1.584962500721156,1.0,0.1669440020669189,0,0,-0.0,-0.0010477882556603202,-0.0
2011-08-01,5516.7998046875,0,0.006327948763364648,0.006348012529642455,1.584962500721156,1.0,0.16722369341565746,0,0,0.0,0.006348012529642455,0.0
2011-08-02,5456.5498046875,0,-0.010981260525951745,-0.010921186581540843,1.584962500721156,1.0,0.1676090985528339,0,0,-0.0,-0.010921186581540843,-0.0
2011-08-03,5404.7998046875,0,-0.009529274623523588,-0.009484014964097565,1.584962500721156,1.0,0.16710793765073176,0,0,-0.0,-0.009484014964097565,-0.0
2011-08-04,5331.7998046875,0,-0.013598555890485751,-0.01350651321750862,1.584962500721156,1.0,0.16807640133091295,0,0,-0.0,-0.01350651321750862,-0.0
2011-08-05,5211.25,0,-0.022869105391128044,-0.022609589463865043,1.584962500721156,1.0,0.16728292481980667,0,0,-0.0,-0.022609589463865043,-0.0
2011-08-08,5118.5,0,-0.0179583228351812,-0.017798033101463218,1.584962500721156,1.0,0.1692955621142392,0,0,-0.0,-0.017798033101463218,-0.0
2011-08-09,5072.85009765625,0,-0.008958618282299595,-0.008918609425368706,1.584962500721156,1.0,0.1689760823916796,0,0,-0.0,-0.008918609425368706,-0.0
2011-08-10,5161.0,0,0.017227550071201244,0.017376800151156946,1.584962500721156,1.0,0.17097082803633443,0,0,0.0,0.017376800151156946,0.0
2011-08-11,5138.2998046875,0,-0.004408111716545394,-0.00439841025237353,1.584962500721156,1.0,0.170335075870919,0,0,-0.0,-0.00439841025237353,-0.0
2011-08-12,5072.9501953125,0,-0.012799706514216911,-0.012718138656561795,1.584962500721156,1.0,0.17139765243589317,0,0,-0.0,-0.012718138656561795,-0.0
2011-08-16,5035.7998046875,0,-0.007350178385929561,-0.007323231885723591,1.584962500721156,1.0,0.1696198800875591,0,0,-0.0,-0.007323231885723591,-0.0
2011-08-17,5056.60009765625,0,0.0041219774525322675,0.004130484486176034,1.584962500721156,1.0,0.16987367306611803,0,0,0.0,0.004130484486176034,0.0
2011-08-18,4944.14990234375,0,-0.022489300253336914,-0.02223830106015723,1.584962500721156,1.0,0.1733776569789595,0,0,-0.0,-0.02223830106015723,-0.0
2011-08-19,4845.64990234375,0,-0.02012366463152472,-0.019922535106248862,1.584962500721156,1.0,0.1760150339999876,0,0,-0.0,-0.019922535106248862,-0.0
2011-08-22,4898.7998046875,0,0.010908862177967734,0.010968580771393066,1.584962500721156,1.0,0.17712996775020923,0,0,0.0,0.010968580771393066,0.0
2011-08-23,4948.89990234375,0,0.010175072634902792,0.010227014708441562,1.584962500721156,1.0,0.17779276013520998,0,0,0.0,0.010227014708441562,0.0
2011-08-24,4888.89990234375,0,-0.012198000598804451,-0.012123906561857245,1.584962500721156,1.0,0.17422509035041217,0,0,-0.0,-0.012123906561857245,-0.0
2011-08-25,4839.60009765625,0,-0.010135216467870713,-0.010084028241990728,1.584962500721156,1.0,0.17343242216796442,0,0,-0.0,-0.010084028241990728,-0.0
2011-08-26,4747.7998046875,0,-0.01915078114017379,-0.01896856994717555,1.584962500721156,1.0,0.17410734471357028,0,0,-0.0,-0.01896856994717555,-0.0
2011-08-29,4919.60009765625,0,0.035545934512972804,0.036185243699435654,1.584962500721156,1.0,0.18504087687331008,0,0,0.0,0.036185243699435654,0.0
2011-08-30,5001.0,0,0.016410646200203265,0.016546040476446366,1.584962500721156,1.0,0.18422643401351696,0,0,0.0,0.016546040476446366,0.0
2011-09-02,5040.0,0,0.007768189646510544,0.007798440311937549,1.584962500721156,1.0,0.18450310393083819,0,0,0.0,0.007798440311937549,0.0
2011-09-05,5017.2001953125,0,-0.00453403398630976,-0.004523770771329372,1.584962500721156,1.0,0.18456311547348642,0,0,-0.0,-0.004523770771329372,-0.0
2011-09-06,5064.2998046875,0,0.009343838129813015,0.009387628067742737,1.584962500721156,1.0,0.18549221042863934,0,0,0.0,0.009387628067742737,0.0
2011-09-07,5124.64990234375,0,0.011846324726533429,0.01191677033030114,1.584962500721156,1.0,0.18671070969154793,0,0,0.0,0.01191677033030114,0.0
2011-09-08,5153.25,0,0.005565372643843948,0.005580888099920633,1.584962500721156,1.0,0.18670563415568603,0,0,0.0,0.005580888099920633,0.0
2011-09-09,5059.4501953125,0,-0.0183697632542546,-0.018202067566584157,1.584962500721156,1.0,0.18870996343710306,0,0,-0.0,-0.018202067566584157,-0.0
2011-09-12,4946.7998046875,0,-0.022516956939733934,-0.022265342334898075,1.584962500721156,1.0,0.1916420854005778,0,0,-0.0,-0.022265342334898075,-0.0
2011-09-13,4940.9501953125,0,-0.0011832034704437695,-0.0011825037612108735,1.584962500721156,1.0,0.18779651004412506,0,0,-0.0,-0.0011825037612108735,-0.0
2011-09-14,5012.5498046875,0,0.014387068747856058,0.014491060736237849,1.584962500721156,1.0,0.1895119042573275,0,0,0.0,0.014491060736237849,0.0
2011-09-15,5075.7001953125,0,0.012519756250054883,0.012598456491333954,1.584962500721156,1.0,0.18958689375275853,0,0,0.0,0.012598456491333954,0.0
2011-09-16,5084.25,0,0.0016830410664110814,0.0016844581749324572,1.584962500721156,1.0,0.18732785172060298,0,0,0.0,0.0016844581749324572,0.0
2011-09-19,5031.9501953125,0,-0.010339904240795181,-0.010286631201750551,1.584962500721156,1.0,0.18797410797687283,0,0,-0.0,-0.010286631201750551,-0.0
2011-09-20,5140.2001953125,0,0.021284405456725344,0.021512534066978617,1.584962500721156,1.0,0.19166063706827507,0,0,0.0,0.021512534066978617,0.0
2011-09-21,5133.25,0,-0.0013530403595068234,-0.0013521254130992588,1.584962500721156,1.0,0.19146623218377615,0,0,-0.0,-0.0013521254130992588,-0.0
2011-09-22,4923.64990234375,0,-0.041688881314134854,-0.04083185070983297,1.584962500721156,1.0,0.20208918020571365,0,0,-0.0,-0.04083185070983297,-0.0
2011-09-23,4867.75,0,-0.011418287525742744,-0.011353346288317634,1.584962500721156,1.0,0.2018024649254917,0,0,-0.0,-0.011353346288317634,-0.0
2011-09-26,4835.39990234375,0,-0.006667982633315816,-0.006645800966822435,1.584962500721156,1.0,0.20166538745296755,0,0,-0.0,-0.006645800966822435,-0.0
2011-09-27,4971.25,0,0.027707482159485847,0.02809490433054007,1.584962500721156,1.0,0.20680243170184828,0,0,0.0,0.02809490433054007,0.0
2011-09-28,4945.89990234375,0,-0.005112386748091802,-0.005099340740507885,1.584962500721156,1.0,0.20687922372337,0,0,-0.0,-0.005099340740507885,-0.0
2011-09-29,5015.4501953125,0,0.013964256346404452,0.014062212002267094,1.584962500721156,1.0,0.20835860710928236,0,0,0.0,0.014062212002267094,0.0
2011-09-30,4943.25,0,-0.014500177519274064,-0.014395556231418527,1.584962500721156,1.0,0.20866446374740014,0,0,-0.0,-0.014395556231418527,-0.0
2011-10-03,4849.5,0,-0.019147402767341518,-0.018965255651646196,1.584962500721156,1.0,0.20885276747448817,0,0,-0.0,-0.018965255651646196,-0.0
2011-10-04,4772.14990234375,0,-0.016078690212319283,-0.015950118085627407,1.584962500721156,1.0,0.2102821156788449,0,0,-0.0,-0.015950118085627407,-0.0
2011-10-05,4751.2998046875,0,-0.004378692933928154,-0.0043691204347980905,1.584962500721156,1.0,0.20999461282993592,0,0,-0.0,-0.0043691204347980905,-0.0
2011-10-07,4888.0498046875,0,0.028375187287192356,0.02878159779879308,1.584962500721156,1.0,0.21470771454189527,0,0,0.0,0.02878159779879308,0.0
2011-10-10,4979.60009765625,0,0.01855617514435224,0.01872941083393953,1.584962500721156,1.0,0.2161678388480691,0,0,0.0,0.01872941083393953,0.0
2011-10-11,4974.35009765625,0,-0.0010548576964528867,-0.0010543015296491376,1.584962500721156,1.0,0.2161661296728239,0,0,-0.0,-0.0010543015296491376,-0.0
2011-10-12,5099.39990234375,0,0.024828138159656368,0.02513892312212196,1.584962500721156,1.0,0.21722125728993788,0,0,0.0,0.02513892312212196,0.0
2011-10-13,5077.85009765625,0,-0.00423490371061113,-0.004225949150917785,1.584962500721156,1.0,0.21701630908137315,0,0,-0.0,-0.004225949150917785,-0.0
2011-10-14,5132.2998046875,0,0.010665900841971407,0.010722984330786334,1.584962500721156,1.0,0.21771238621109862,0,0,0.0,0.010722984330786334,0.0
2011-10-17,5118.25,0,-0.0027412799807702906,-0.0027375261037299037,1.584962500721156,1.0,0.21765164874956147,0,0,-0.0,-0.0027375261037299037,-0.0
2011-10-18,5037.5,0,-0.015902656477749584,-0.015776876862208744,1.584962500721156,1.0,0.21891285428544546,0,0,-0.0,-0.015776876862208744,-0.0
2011-10-19,5139.14990234375,0,0.019977749866985615,0.02017864066377162,1.584962500721156,1.0,0.22160651945226892,0,0,0.0,0.02017864066377162,0.0
2011-10-20,5091.89990234375,0,-0.009236654465073555,-0.00919412760823557,1.584962500721156,1.0,0.22205477473218374,0,0,-0.0,-0.00919412760823557,-0.0
2011-10-21,5049.9501953125,0,-0.008272641750434453,-0.008238517613423868,1.584962500721156,1.0,0.22220782634290462,0,0,-0.0,-0.008238517613423868,-0.0
2011-10-24,5098.35009765625,0,0.009538596201786407,0.009584233600694825,1.584962500721156,1.0,0.2228955488304529,0,0,0.0,0.009584233600694825,0.0
2011-10-25,5191.60009765625,0,0.018124976515835178,0.018290230802876284,1.584962500721156,1.0,0.2250430343124796,0,0,0.0,0.018290230802876284,0.0
2011-10-28,5360.7001953125,0,0.03205264636282784,0.03257186502723708,1.584962500721156,1.0,0.23105166734244068,0,0,0.0,0.03257186502723708,0.0
2011-10-31,5326.60009765625,0,-0.006381445723893785,-0.0063611275418961055,1.584962500721156,1.0,0.230770130417382,0,0,-0.0,-0.0063611275418961055,-0.0
2011-11-01,5257.9501953125,0,-0.012971900191361616,-0.012888127714704267,1.584962500721156,1.0,0.23158911794598663,0,0,-0.0,-0.012888127714704267,-0.0
2011-11-02,5258.4501953125,0,9.508957091864603e-05,9.509409207519859e-05,1.584962500721156,1.0,0.22905318114779738,0,0,0.0,9.509409207519859e-05,0.0
2011-11-03,5265.75,0,0.001387241922938985,0.0013882045881137284,1.584962500721156,1.0,0.2289930241726212,0,0,0.0,0.0013882045881137284,0.0
2011-11-04,5284.2001953125,0,0.003497687435602619,0.0035038114822198985,1.584962500721156,1.0,0.2290674808290713,0,0,0.0,0.0035038114822198985,0.0
2011-11-08,5289.35009765625,0,0.0009741104185977595,0.0009745850182432125,1.584962500721156,1.0,0.22868810067799464,0,0,0.0,0.0009745850182432125,0.0
2011-11-09,5221.0498046875,0,-0.012996889754193604,-0.012912794900646563,1.584962500721156,1.0,0.22468516868149366,0,0,-0.0,-0.012912794900646563,-0.0
2011-11-11,5168.85009765625,0,-0.01004824814991453,-0.009997933171291495,1.584962500721156,1.0,0.22452274230948185,0,0,-0.0,-0.009997933171291495,-0.0
2011-11-14,5148.35009765625,0,-0.003973951574149737,-0.003966065877842984,1.584962500721156,1.0,0.22447764287980065,0,0,-0.0,-0.003966065877842984,-0.0
2011-11-15,5068.5,0,-0.01563137811895635,-0.015509842209954106,1.584962500721156,1.0,0.22508874522003747,0,0,-0.0,-0.015509842209954106,-0.0
2011-11-16,5030.4501953125,0,-0.007535433683540195,-0.0075071134827858765,1.584962500721156,1.0,0.22476811477789468,0,0,-0.0,-0.0075071134827858765,-0.0
2011-11-17,4934.75,0,-0.01920746911581733,-0.019024181056732425,1.584962500721156,1.0,0.22673231394029716,0,0,-0.0,-0.019024181056732425,-0.0
2011-11-18,4905.7998046875,0,-0.005883874256683862,-0.0058665981686002455,1.584962500721156,1.0,0.22665240939968065,0,0,-0.0,-0.0058665981686002455,-0.0
2011-11-21,4778.35009765625,0,-0.026322819719387578,-0.025979394207947815,1.584962500721156,1.0,0.23039376061693134,0,0,-0.0,-0.025979394207947815,-0.0
2011-11-22,4812.35009765625,0,0.007090231524927415,0.007115426727873464,1.584962500721156,1.0,0.23087459637186827,0,0,0.0,0.007115426727873464,0.0
2011-11-23,4706.4501953125,0,-0.02225160074786096,-0.022005859963373453,1.584962500721156,1.0,0.23089972618586674,0,0,-0.0,-0.022005859963373453,-0.0
2011-11-25,4710.0498046875,0,0.0007645323740951998,0.0007648247034643951,1.584962500721156,1.0,0.23035134831096263,0,0,0.0,0.0007648247034643951,0.0
2011-11-28,4851.2998046875,0,0.02954818779399277,0.02998906717704486,1.584962500721156,1.0,0.2361063018196663,0,0,0.0,0.02998906717704486,0.0
2011-11-29,4805.10009765625,0,-0.009568795826361632,-0.00952316057371061,1.584962500721156,1.0,0.23521587464274907,0,0,-0.0,-0.00952316057371061,-0.0
2011-11-30,4832.0498046875,0,0.00559289365719913,0.005608563085791829,1.584962500721156,1.0,0.23462094236161846,0,0,0.0,0.005608563085791829,0.0
2011-12-01,4936.85009765625,0,0.021456727931786077,0.021688578802951275,1.584962500721156,1.0,0.2377730327749741,0,0,0.0,0.021688578802951275,0.0
2011-12-02,5050.14990234375,0,0.02269043070647762,0.022949816673852208,1.584962500721156,1.0,0.2411439341395588,0,0,0.0,0.022949816673852208,0.0
2011-12-05,5039.14990234375,0,-0.00218052879217037,-0.0021781531662842246,1.584962500721156,1.0,0.24062442204502973,0,0,-0.0,-0.0021781531662842246,-0.0
2011-12-07,5062.60009765625,0,0.004642806926756286,0.004653601454005729,1.584962500721156,1.0,0.24051608120911588,0,0,0.0,0.004653601454005729,0.0
2011-12-08,4943.64990234375,0,-0.023776299598409673,-0.023495870307348232,1.584962500721156,1.0,0.24343971091155286,0,0,-0.0,-0.023495870307348232,-0.0
2011-12-09,4866.7001953125,0,-0.01568777554509722,-0.01556536335527492,1.584962500721156,1.0,0.24273894674403063,0,0,-0.0,-0.01556536335527492,-0.0
2011-12-12,4764.60009765625,0,-0.02120252082692823,-0.02097932758516552,1.584962500721156,1.0,0.24435024033872646,0,0,-0.0,-0.02097932758516552,-0.0
2011-12-13,4800.60009765625,0,0.007527321801210558,0.007555723305657569,1.584962500721156,1.0,0.2431914269435319,0,0,0.0,0.007555723305657569,0.0
2011-12-14,4763.25,0,-0.007810722075448438,-0.0077802976495553455,1.584962500721156,1.0,0.24334439806423358,0,0,-0.0,-0.0077802976495553455,-0.0
2011-12-15,4746.35009765625,0,-0.003554286186905766,-0.003547977188631757,1.584962500721156,1.0,0.24288847917062417,0,0,-0.0,-0.003547977188631757,-0.0
2011-12-16,4651.60009765625,0,-0.02016465475128,-0.01996270777555742,1.584962500721156,1.0,0.24486104926471455,0,0,-0.0,-0.01996270777555742,-0.0
2011-12-19,4613.10009765625,0,-0.008311164053918654,-0.008276721814370669,1.584962500721156,1.0,0.24470613993558615,0,0,-0.0,-0.008276721814370669,-0.0
2011-12-20,4544.2001953125,0,-0.015048365861574937,-0.014935705032447788,1.584962500721156,1.0,0.2452234622088094,0,0,-0.0,-0.014935705032447788,-0.0
2011-12-21,4693.14990234375,0,0.03225224047519715,0.0327779808611639,1.584962500721156,1.0,0.25149318050304903,0,0,0.0,0.0327779808611639,0.0
2011-12-22,4733.85009765625,0,0.00863486755049247,0.008672255555309372,1.584962500721156,1.0,0.2512335530886588,0,0,0.0,0.008672255555309372,0.0
2011-12-23,4714.0,0,-0.00420204102712772,-0.004193224805761786,1.584962500721156,1.0,0.24862864266183882,0,0,-0.0,-0.004193224805761786,-0.0
2011-12-27,4750.5,0,0.007713071150727649,0.0077428935086973905,1.584962500721156,1.0,0.24741210856504428,0,0,0.0,0.0077428935086973905,0.0
2011-12-28,4705.7998046875,0,-0.00945412670476182,-0.009409576952426058,1.584962500721156,1.0,0.2474595942982469,0,0,-0.0,-0.009409576952426058,-0.0
2011-12-29,4646.25,0,-0.012735306330580514,-0.012654555476028118,1.584962500721156,1.0,0.24634384666793258,0,0,-0.0,-0.012654555476028118,-0.0
2011-12-30,4624.2998046875,0,-0.004735476707182386,-0.004724282015065917,1.584962500721156,1.0,0.2463566490853113,0,0,-0.0,-0.004724282015065917,-0.0
2012-01-03,4765.2998046875,0,0.03003548729238125,0.030491102643706913,1.584962500721156,1.0,0.25101475338986146,0,0,0.0,0.030491102643706913,0.0
2012-01-04,4749.64990234375,0,-0.0032895426540406015,-0.0032841380364684314,1.584962500721156,1.0,0.2508017978633338,0,0,-0.0,-0.0032841380364684314,-0.0
2012-01-05,4749.9501953125,0,6.322223372845206e-05,6.322423229598861e-05,1.584962500721156,1.0,0.2506750608454304,0,0,0.0,6.322423229598861e-05,0.0
2012-01-06,4754.10009765625,0,0.0008732913820035912,0.0008736728119476123,1.584962500721156,1.0,0.2479574032522407,0,0,0.0,0.0008736728119476123,0.0
2012-01-09,4742.7998046875,0,-0.0023797867552800087,-0.0023769573077186967,1.584962500721156,1.0,0.24573590196841158,0,0,-0.0,-0.0023769573077186967,-0.0
2012-01-10,4849.5498046875,0,0.022258239444290267,0.022507802225701035,1.584962500721156,1.0,0.24791780269438055,0,0,0.0,0.022507802225701035,0.0
2012-01-11,4860.9501953125,0,0.002348055375701594,0.002350814216606434,1.584962500721156,1.0,0.24734347995611244,0,0,0.0,0.002350814216606434,0.0
2012-01-12,4831.25,0,-0.006128698887331798,-0.0061099567202190785,1.584962500721156,1.0,0.2467175345135822,0,0,-0.0,-0.0061099567202190785,-0.0
2012-01-13,4866.0,0,0.0071670110077358545,0.007192755498059533,1.584962500721156,1.0,0.24642975357694394,0,0,0.0,0.007192755498059533,0.0
2012-01-16,4873.89990234375,0,0.0016221735654996564,0.0016234900007705555,1.584962500721156,1.0,0.24428659981095574,0,0,0.0,0.0016234900007705555,0.0
2012-01-17,4967.2998046875,0,0.01898197568577206,0.019163278732670763,1.584962500721156,1.0,0.23903401715773515,0,0,0.0,0.019163278732670763,0.0
2012-01-18,4955.7998046875,0,-0.0023178251959906026,-0.0023151411133163213,1.584962500721156,1.0,0.23746635526402915,0,0,-0.0,-0.0023151411133163213,-0.0
2012-01-19,5018.39990234375,0,0.012552569924145546,0.012631684112227148,1.584962500721156,1.0,0.23804949890268418,0,0,0.0,0.012631684112227148,0.0
2012-01-20,5048.60009765625,0,0.005999858132263353,0.006017893332573188,1.584962500721156,1.0,0.23813995840844493,0,0,0.0,0.006017893332573188,0.0
2012-01-23,5046.25,0,-0.000465603288007518,-0.0004654949116174034,1.584962500721156,1.0,0.23762337829373856,0,0,-0.0,-0.0004654949116174034,-0.0
2012-01-24,5127.35009765625,0,0.015943582375194214,0.016071359456279355,1.584962500721156,1.0,0.23830161390653065,0,0,0.0,0.016071359456279355,0.0
2012-01-25,5158.2998046875,0,0.006018054422187115,0.00603619929237853,1.584962500721156,1.0,0.23833271870370754,0,0,0.0,0.00603619929237853,0.0
2012-01-27,5204.7001953125,0,0.008955071062037441,0.008995287668784657,1.584962500721156,1.0,0.2367464966546127,0,0,0.0,0.008995287668784657,0.0
2012-01-30,5087.2998046875,0,-0.022814901479942987,-0.02255660964501549,1.584962500721156,1.0,0.23682836462476747,0,0,-0.0,-0.02255660964501549,-0.0
2012-01-31,5199.25,0,0.021767184851403856,0.022005818333990845,1.584962500721156,1.0,0.2395167459595305,0,0,0.0,0.022005818333990845,0.0
2012-02-01,5235.7001953125,0,0.006986203648760355,0.007010664098187291,1.584962500721156,1.0,0.23862605704057982,0,0,0.0,0.007010664098187291,0.0
2012-02-02,5269.89990234375,0,0.006510780445565732,0.0065320216504889395,1.584962500721156,1.0,0.23797886110110267,0,0,0.0,0.0065320216504889395,0.0
2012-02-03,5325.85009765625,0,0.01056097309606885,0.010616937010059058,1.584962500721156,1.0,0.23857549884511348,0,0,0.0,0.010616937010059058,0.0
2012-02-06,5361.64990234375,0,0.006699403711750445,0.006721894914626825,1.584962500721156,1.0,0.23808343207685095,0,0,0.0,0.006721894914626825,0.0
2012-02-07,5335.14990234375,0,-0.004954763050203981,-0.004942508459647055,1.584962500721156,1.0,0.23569816723599946,0,0,-0.0,-0.004942508459647055,-0.0
2012-02-08,5368.14990234375,0,0.006166342187456197,0.006185393213694601,1.584962500721156,1.0,0.2358743610594103,0,0,0.0,0.006185393213694601,0.0
2012-02-09,5412.35009765625,0,0.008200072906646953,0.008233785590302078,1.584962500721156,1.0,0.2251385636239525,0,0,0.0,0.008233785590302078,0.0
2012-02-10,5381.60009765625,0,-0.005697651486356129,-0.00568145065362935,1.584962500721156,1.0,0.22444384640576634,0,0,-0.0,-0.00568145065362935,-0.0
2012-02-13,5390.2001953125,0,0.0015967803430544996,0.0015980558756112373,1.584962500721156,1.0,0.2240580977877761,0,0,0.0,0.0015980558756112373,0.0
2012-02-14,5416.0498046875,0,0.004784205192390807,0.004795667774543766,1.584962500721156,1.0,0.21962069552469038,0,0,0.0,0.004795667774543766,0.0
2012-02-15,5531.9501953125,0,0.02117367933441728,0.021399432206973046,1.584962500721156,1.0,0.22195761953027188,0,0,0.0,0.021399432206973046,0.0
2012-02-16,5521.9501953125,0,-0.001809316598601389,-0.0018076807720491805,1.584962500721156,1.0,0.22096522645013073,0,0,-0.0,-0.0018076807720491805,-0.0
2012-02-17,5564.2998046875,0,0.007640061404398583,0.007669321141460017,1.584962500721156,1.0,0.21965001174413068,0,0,0.0,0.007669321141460017,0.0
2012-02-21,5607.14990234375,0,0.007671396090022358,0.007700896637552246,1.584962500721156,1.0,0.21714590431084377,0,0,0.0,0.007700896637552246,0.0
2012-02-22,5505.35009765625,0,-0.018322187184283887,-0.018155356368294795,1.584962500721156,1.0,0.2176952111422778,0,0,-0.0,-0.018155356368294795,-0.0
2012-02-23,5483.2998046875,0,-0.004013290579059847,-0.004005248090968361,1.584962500721156,1.0,0.21766771046614417,0,0,-0.0,-0.004005248090968361,-0.0
2012-02-24,5429.2998046875,0,-0.009896897659749845,-0.00984808453366659,1.584962500721156,1.0,0.21371895535546112,0,0,-0.0,-0.00984808453366659,-0.0
2012-02-27,5281.2001953125,0,-0.027656794612663387,-0.027277846997348587,1.584962500721156,1.0,0.21703637272082155,0,0,-0.0,-0.027277846997348587,-0.0
2012-02-28,5375.5,0,0.01769821133763864,0.01785575270772699,1.584962500721156,1.0,0.2188791329768693,0,0,0.0,0.01785575270772699,0.0
2012-02-29,5385.2001953125,0,0.0018028934481800647,0.001804519637708113,1.584962500721156,1.0,0.21509892210871653,0,0,0.0,0.001804519637708113,0.0
2012-03-01,5339.75,0,-0.008475650994548561,-0.008439833927076923,1.584962500721156,1.0,0.2154858544605981,0,0,-0.0,-0.008439833927076923,-0.0
2012-03-02,5359.35009765625,0,0.0036638818972382233,0.0036706021173744663,1.584962500721156,1.0,0.21487360599727337,0,0,0.0,0.0036706021173744663,0.0
2012-03-05,5280.35009765625,0,-0.01485031539972594,-0.014740593273529279,1.584962500721156,1.0,0.2163381288452386,0,0,-0.0,-0.014740593273529279,-0.0
2012-03-06,5222.39990234375,0,-0.01103535424618985,-0.010974688087106554,1.584962500721156,1.0,0.21545450427718066,0,0,-0.0,-0.010974688087106554,-0.0
2012-03-07,5220.4501953125,0,-0.0003734051596396779,-0.0003733354526096466,1.584962500721156,1.0,0.212894578686925,0,0,-0.0,-0.0003733354526096466,-0.0
2012-03-09,5333.5498046875,0,0.021433378638431977,0.02166472337511305,1.584962500721156,1.0,0.21522870088416635,0,0,0.0,0.02166472337511305,0.0
2012-03-12,5359.5498046875,0,0.004862958765541654,0.004874802139683609,1.584962500721156,1.0,0.21483209086261726,0,0,0.0,0.004874802139683609,0.0
2012-03-13,5429.5,0,0.012967068782384641,0.013051505790900864,1.584962500721156,1.0,0.21530930587084635,0,0,0.0,0.013051505790900864,0.0
2012-03-14,5463.89990234375,0,0.0063157539426588645,0.006335740370890575,1.584962500721156,1.0,0.21350231110456172,0,0,0.0,0.006335740370890575,0.0
2012-03-15,5380.5,0,-0.015381495959166968,-0.015263804944152692,1.584962500721156,1.0,0.20838896173008267,0,0,-0.0,-0.015263804944152692,-0.0
2012-03-16,5317.89990234375,0,-0.011702836439644667,-0.011634624599247245,1.584962500721156,1.0,0.2090425420064157,0,0,-0.0,-0.011634624599247245,-0.0
2012-03-19,5257.0498046875,0,-0.011508474451056095,-0.011442505269689596,1.584962500721156,1.0,0.20879997567144598,0,0,-0.0,-0.011442505269689596,-0.0
2012-03-20,5274.85009765625,0,0.0033802656848120043,0.003385985225568655,1.584962500721156,1.0,0.20887664524298816,0,0,0.0,0.003385985225568655,0.0
2012-03-21,5364.9501953125,0,0.01693683132759836,0.01708107263489511,1.584962500721156,1.0,0.21077374748551755,0,0,0.0,0.01708107263489511,0.0
2012-03-22,5228.4501953125,0,-0.02577218838569368,-0.025442920256606216,1.584962500721156,1.0,0.21512560232371197,0,0,-0.0,-0.025442920256606216,-0.0
2012-03-23,5278.2001953125,0,0.009470263113838983,0.009515247949497985,1.584962500721156,1.0,0.21571666406384293,0,0,0.0,0.009515247949497985,0.0
2012-03-26,5184.25,0,-0.017959984312352094,-0.01779966500625274,1.584962500721156,1.0,0.21671934892029673,0,0,-0.0,-0.01779966500625274,-0.0
2012-03-27,5243.14990234375,0,0.011297260934515444,0.011361315975068731,1.584962500721156,1.0,0.21688229727482164,0,0,0.0,0.011361315975068731,0.0
2012-03-28,5194.75,0,-0.009273943932475727,-0.009231073542664614,1.584962500721156,1.0,0.21734906057273592,0,0,-0.0,-0.009231073542664614,-0.0
2012-03-29,5178.85009765625,0,-0.0030654574390867073,-0.0030607637217864303,1.584962500721156,1.0,0.21578535788985206,0,0,-0.0,-0.0030607637217864303,-0.0
2012-03-30,5295.5498046875,0,0.02228376559490159,0.022533903246989784,1.584962500721156,1.0,0.21849522798732401,0,0,0.0,0.022533903246989784,0.0
2012-04-02,5317.89990234375,0,0.004211661864997884,0.004220543377094987,1.584962500721156,1.0,0.21599271837975545,0,0,0.0,0.004220543377094987,0.0
2012-04-03,5358.5,0,0.007605614952249603,0.0076346111062295385,1.584962500721156,1.0,0.21598477469073496,0,0,0.0,0.0076346111062295385,0.0
2012-04-04,5322.89990234375,0,-0.006665835901845565,-0.006643668499813349,1.584962500721156,1.0,0.21140485700125766,0,0,-0.0,-0.006643668499813349,-0.0
2012-04-09,5234.39990234375,0,-0.016766043352304694,-0.016626275455796646,1.584962500721156,1.0,0.21328312430781793,0,0,-0.0,-0.016626275455796646,-0.0
2012-04-10,5243.60009765625,0,0.0017560980486462775,0.001757640891820289,1.584962500721156,1.0,0.2096457667210402,0,0,0.0,0.001757640891820289,0.0
2012-04-11,5226.85009765625,0,-0.0031994831122376596,-0.0031943702204687563,1.584962500721156,1.0,0.20977401878995766,0,0,-0.0,-0.0031943702204687563,-0.0
2012-04-12,5276.85009765625,0,0.00952052643128076,0.00956599081010956,1.584962500721156,1.0,0.2047149867884761,0,0,0.0,0.00956599081010956,0.0
2012-04-13,5207.4501953125,0,-0.013239017207444477,-0.01315176687974795,1.584962500721156,1.0,0.205339330059587,0,0,-0.0,-0.01315176687974795,-0.0
2012-04-16,5226.2001953125,0,0.0035941438484491926,0.003600610528522674,1.584962500721156,1.0,0.20523702109689346,0,0,0.0,0.003600610528522674,0.0
2012-04-17,5289.7001953125,0,0.012077096484755998,0.01215031908975761,1.584962500721156,1.0,0.2031628703407674,0,0,0.0,0.01215031908975761,0.0
2012-04-18,5300.0,0,0.0019452501478614526,0.0019471433743309952,1.584962500721156,1.0,0.19976146853991986,0,0,0.0,0.0019471433743309952,0.0
2012-04-19,5332.39990234375,0,0.006094579385556793,0.0061131891214623035,1.584962500721156,1.0,0.19992262399057842,0,0,0.0,0.0061131891214623035,0.0
2012-04-20,5290.85009765625,0,-0.007822467994285074,-0.0077919521132009395,1.584962500721156,1.0,0.2003016675206265,0,0,-0.0,-0.0077919521132009395,-0.0
2012-04-23,5200.60009765625,0,-0.017204909624993044,-0.01705775033013679,1.584962500721156,1.0,0.19833971658753022,0,0,-0.0,-0.01705775033013679,-0.0
2012-04-24,5222.64990234375,0,0.00423089488965838,0.004239857761306753,1.584962500721156,1.0,0.19651081361565143,0,0,0.0,0.004239857761306753,0.0
2012-04-25,5202.0,0,-0.003961750187553282,-0.003953912808607574,1.584962500721156,1.0,0.19313761807620397,0,0,-0.0,-0.003953912808607574,-0.0
2012-04-26,5189.0,0,-0.002502166640857171,-0.002499038831218714,1.584962500721156,1.0,0.19290333460943893,0,0,-0.0,-0.002499038831218714,-0.0
2012-04-27,5190.60009765625,0,0.0003083158607018674,0.0003083633949219067,1.584962500721156,1.0,0.1923470998135194,0,0,0.0,0.0003083633949219067,0.0
2012-04-30,5248.14990234375,0,0.01102629869634238,0.011087312373281533,1.584962500721156,1.0,0.19292581709242596,0,0,0.0,0.011087312373281533,0.0
2012-05-02,5239.14990234375,0,-0.001716362147938504,-0.0017148900407705225,1.584962500721156,1.0,0.18960494727802968,0,0,-0.0,-0.0017148900407705225,-0.0
2012-05-03,5188.39990234375,0,-0.009733907132363178,-0.009686685997912892,1.584962500721156,1.0,0.18982442990270634,0,0,-0.0,-0.009686685997912892,-0.0
2012-05-04,5086.85009765625,0,-0.019766547986143027,-0.019572470626565863,1.584962500721156,1.0,0.19113505326716798,0,0,-0.0,-0.019572470626565863,-0.0
2012-05-07,5114.14990234375,0,0.005352390914891362,0.005366740549338722,1.584962500721156,1.0,0.18394724420199304,0,0,0.0,0.005366740549338722,0.0
2012-05-08,4999.9501953125,0,-0.022583237144103662,-0.02233014464024874,1.584962500721156,1.0,0.18763691061936194,0,0,-0.0,-0.02233014464024874,-0.0
2012-05-09,4974.7998046875,0,-0.005042821909914006,-0.005030128229792874,1.584962500721156,1.0,0.18770319624427692,0,0,-0.0,-0.005030128229792874,-0.0
2012-05-10,4965.7001953125,0,-0.0018308157369825856,-0.0018291408161642542,1.584962500721156,1.0,0.18735795668171526,0,0,-0.0,-0.0018291408161642542,-0.0
2012-05-11,4928.89990234375,0,-0.0074384941865402255,-0.00741089705808029,1.584962500721156,1.0,0.18708513528997017,0,0,-0.0,-0.00741089705808029,-0.0
2012-05-14,4907.7998046875,0,-0.00429008318777997,-0.004280893926495999,1.584962500721156,1.0,0.18592168705445483,0,0,-0.0,-0.004280893926495999,-0.0
2012-05-15,4942.7998046875,0,0.007106196307577927,0.007131505235109747,1.584962500721156,1.0,0.1860138308025481,0,0,0.0,0.007131505235109747,0.0
2012-05-16,4858.25,0,-0.01725364197067538,-0.017105650244486403,1.584962500721156,1.0,0.18170725079864858,0,0,-0.0,-0.017105650244486403,-0.0
2012-05-17,4870.2001953125,0,0.0024567533539605795,0.002459773645345553,1.584962500721156,1.0,0.18164787830195886,0,0,0.0,0.002459773645345553,0.0
2012-05-18,4891.4501953125,0,0.004353778862483168,0.004363270327255364,1.584962500721156,1.0,0.18177531778738382,0,0,0.0,0.004363270327255364,0.0
2012-05-22,4860.5,0,-0.00634750970013281,-0.00632740681734012,1.584962500721156,1.0,0.18211503382240124,0,0,-0.0,-0.00632740681734012,-0.0
2012-05-23,4835.64990234375,0,-0.005125777203313112,-0.00511266282404077,1.584962500721156,1.0,0.18228502305817326,0,0,-0.0,-0.00511266282404077,-0.0
2012-05-24,4921.39990234375,0,0.01757748695340402,0.017732880115749916,1.584962500721156,1.0,0.18084494178468272,0,0,0.0,0.017732880115749916,0.0
2012-05-25,4920.39990234375,0,-0.00020321486380266794,-0.0002031942170608314,1.584962500721156,1.0,0.1808080617017265,0,0,-0.0,-0.0002031942170608314,-0.0
2012-05-28,4985.64990234375,0,0.013173958334390843,0.013261117245555454,1.584962500721156,1.0,0.18179693589027654,0,0,0.0,0.013261117245555454,0.0
2012-05-29,4990.10009765625,0,0.0008922027131203923,0.0008926008443568278,1.584962500721156,1.0,0.1814335156583747,0,0,0.0,0.0008926008443568278,0.0
2012-05-30,4950.75,0,-0.007916888957933466,-0.007885632930435982,1.584962500721156,1.0,0.18193512693573435,0,0,-0.0,-0.007885632930435982,-0.0
2012-05-31,4924.25,0,-0.005367101491185887,-0.005352724334696801,1.584962500721156,1.0,0.17935175061819977,0,0,-0.0,-0.005352724334696801,-0.0
2012-06-01,4841.60009765625,0,-0.01692671398152418,-0.016784262038635367,1.584962500721156,1.0,0.18151687403017255,0,0,-0.0,-0.016784262038635367,-0.0
2012-06-04,4848.14990234375,0,0.001351903957286658,0.001352818191380667,1.584962500721156,1.0,0.18024158360353235,0,0,0.0,0.001352818191380667,0.0
2012-06-05,4863.2998046875,0,0.0031200109335819946,0.0031248832335868393,1.584962500721156,1.0,0.18001707828792304,0,0,0.0,0.0031248832335868393,0.0
2012-06-06,4997.10009765625,0,0.02714058403860763,0.02751224443119593,1.584962500721156,1.0,0.18582841039493841,0,0,0.0,0.02751224443119593,0.0
2012-06-07,5049.64990234375,0,0.010461150903908,0.010516060046935394,1.584962500721156,1.0,0.18471055147473373,0,0,0.0,0.010516060046935394,0.0
2012-06-08,5068.35009765625,0,0.0036964255001187096,0.003703265706365144,1.584962500721156,1.0,0.18453110439326062,0,0,0.0,0.003703265706365144,0.0
2012-06-11,5054.10009765625,0,-0.0028155257153311976,-0.002811565840053043,1.584962500721156,1.0,0.18392857924402994,0,0,-0.0,-0.002811565840053043,-0.0
2012-06-12,5115.89990234375,0,0.01215350351575396,0.01222765744512233,1.584962500721156,1.0,0.18110840504510115,0,0,0.0,0.01222765744512233,0.0
2012-06-13,5121.4501953125,0,0.0010843223020839507,0.00108491039205183,1.584962500721156,1.0,0.17735795905819893,0,0,0.0,0.00108491039205183,0.0
2012-06-14,5054.75,0,-0.01310924495287964,-0.013023693049587504,1.584962500721156,1.0,0.17824835275868975,0,0,-0.0,-0.013023693049587504,-0.0
2012-06-15,5139.0498046875,0,0.016539804211283652,0.016677344020475715,1.584962500721156,1.0,0.1801279225543971,0,0,0.0,0.016677344020475715,0.0
2012-06-18,5064.25,0,-0.014662147764778139,-0.014555181897492497,1.584962500721156,1.0,0.180773470952042,0,0,-0.0,-0.014555181897492497,-0.0
2012-06-19,5103.85009765625,0,0.007789124317959819,0.00781953846201322,1.584962500721156,1.0,0.18090651801108623,0,0,0.0,0.00781953846201322,0.0
2012-06-20,5120.5498046875,0,0.0032666409844854687,0.0032719822705840063,1.584962500721156,1.0,0.1808624769161918,0,0,0.0,0.0032719822705840063,0.0
2012-06-21,5165.0,0,0.0086432855573779,0.008680746601040568,1.584962500721156,1.0,0.18116651582911622,0,0,0.0,0.008680746601040568,0.0
2012-06-22,5146.0498046875,0,-0.003675710428627626,-0.0036689632744433265,1.584962500721156,1.0,0.180654108325238,0,0,-0.0,-0.0036689632744433265,-0.0
2012-06-25,5114.64990234375,0,-0.006120440371459533,-0.00610174862962809,1.584962500721156,1.0,0.18068953093175527,0,0,-0.0,-0.00610174862962809,-0.0
2012-06-26,5120.7998046875,0,0.001201686933128108,0.0012024092481739412,1.584962500721156,1.0,0.18067735405551874,0,0,0.0,0.0012024092481739412,0.0
2012-06-27,5141.89990234375,0,0.004112003271970844,0.004120469157363971,1.584962500721156,1.0,0.18062444793767288,0,0,0.0,0.004120469157363971,0.0
2012-06-28,5149.14990234375,0,0.0014089915678230246,0.0014099846628081725,1.584962500721156,1.0,0.1768742773394878,0,0,0.0,0.0014099846628081725,0.0
2012-06-29,5278.89990234375,0,0.0248860906366406,0.02519833418346229,1.584962500721156,1.0,0.18200781231629812,0,0,0.0,0.02519833418346229,0.0
2012-07-02,5278.60009765625,0,-5.679463652956444e-05,-5.679302374472783e-05,1.584962500721156,1.0,0.18148805854137112,0,0,-0.0,-5.679302374472783e-05,-0.0
2012-07-03,5287.9501953125,0,0.001769754524874917,0.0017713214646439823,1.584962500721156,1.0,0.18099580692349035,0,0,0.0,0.0017713214646439823,0.0
2012-07-04,5302.5498046875,0,0.002757116023506428,0.0027609203634220147,1.584962500721156,1.0,0.1785895782870912,0,0,0.0,0.0027609203634220147,0.0
2012-07-05,5327.2998046875,0,0.004656706469918981,0.004667565777151328,1.584962500721156,1.0,0.17868447814734645,0,0,0.0,0.004667565777151328,0.0
2012-07-06,5316.9501953125,0,-0.0019446391500623072,-0.0019427495644028792,1.584962500721156,1.0,0.17797180964840956,0,0,-0.0,-0.0019427495644028792,-0.0
2012-07-09,5275.14990234375,0,-0.007892770948501047,-0.007861704818224902,1.584962500721156,1.0,0.17233191337455897,0,0,-0.0,-0.007861704818224902,-0.0
2012-07-10,5345.35009765625,0,0.0132199458969235,0.013307715726013747,1.584962500721156,1.0,0.1711878827233301,0,0,0.0,0.013307715726013747,0.0
2012-07-11,5306.2998046875,0,-0.007332285285333639,-0.00730546966154233,1.584962500721156,1.0,0.17158803998151892,0,0,-0.0,-0.00730546966154233,-0.0
2012-07-12,5235.25,0,-0.013480158401750039,-0.013389707951430796,1.584962500721156,1.0,0.17247647694444532,0,0,-0.0,-0.013389707951430796,-0.0
2012-07-13,5227.25,0,-0.001529271504729059,-0.001528102764910888,1.584962500721156,1.0,0.17236426751589712,0,0,-0.0,-0.001528102764910888,-0.0
2012-07-16,5197.25,0,-0.005755687624308978,-0.005739155387632144,1.584962500721156,1.0,0.17085225621858663,0,0,-0.0,-0.005739155387632144,-0.0
2012-07-17,5192.85009765625,0,-0.0008469413317297982,-0.0008465827781518609,1.584962500721156,1.0,0.1698664631429541,0,0,-0.0,-0.0008465827781518609,-0.0
2012-07-18,5216.2998046875,0,0.004505602651746632,0.004515768140858523,1.584962500721156,1.0,0.17003732979618288,0,0,0.0,0.004515768140858523,0.0
2012-07-19,5242.7001953125,0,0.00504836919305378,0.005061133679715946,1.584962500721156,1.0,0.1663575851060616,0,0,0.0,0.005061133679715946,0.0
2012-07-20,5205.10009765625,0,-0.007197737118262219,-0.007171895446142051,1.584962500721156,1.0,0.16654417835759017,0,0,-0.0,-0.007171895446142051,-0.0
2012-07-23,5117.9501953125,0,-0.016884926528955263,-0.016743175099167007,1.584962500721156,1.0,0.16728765377898608,0,0,-0.0,-0.016743175099167007,-0.0
2012-07-24,5128.2001953125,0,0.002000752092925557,0.0020027549329002525,1.584962500721156,1.0,0.16693387964890377,0,0,0.0,0.0020027549329002525,0.0
2012-07-25,5109.60009765625,0,-0.00363361612631477,-0.003627022531852764,1.584962500721156,1.0,0.16515730904471124,0,0,-0.0,-0.003627022531852764,-0.0
2012-07-26,5043.0,0,-0.013119999282962123,-0.013034307261501565,1.584962500721156,1.0,0.1654444684640374,0,0,-0.0,-0.013034307261501565,-0.0
2012-07-27,5099.85009765625,0,0.01121000358729877,0.01127307111962117,1.584962500721156,1.0,0.1655666259390443,0,0,0.0,0.01127307111962117,0.0
2012-07-30,5199.7998046875,0,0.019408979065827576,0.01959855782372588,1.584962500721156,1.0,0.16872796304298482,0,0,0.0,0.01959855782372588,0.0
2012-07-31,5229.0,0,0.005599929458278862,0.005615638372495901,1.584962500721156,1.0,0.16652756534928428,0,0,0.0,0.005615638372495901,0.0
2012-08-01,5240.5,0,0.0021968584221014834,0.002199273283610692,1.584962500721156,1.0,0.16088810506423185,0,0,0.0,0.002199273283610692,0.0
2012-08-02,5227.75,0,-0.0024359384433229802,-0.0024329739528671235,1.584962500721156,1.0,0.1601408953974412,0,0,-0.0,-0.0024329739528671235,-0.0
2012-08-03,5215.7001953125,0,-0.00230763010487979,-0.0023049695734302933,1.584962500721156,1.0,0.1573169303334444,0,0,-0.0,-0.0023049695734302933,-0.0
2012-08-06,5282.5498046875,0,0.012735553625573123,0.012816996159993987,1.584962500721156,1.0,0.15762574989412353,0,0,0.0,0.012816996159993987,0.0
2012-08-07,5336.7001953125,0,0.010198622309721916,0.010250805506263116,1.584962500721156,1.0,0.15772050572967444,0,0,0.0,0.010250805506263116,0.0
2012-08-08,5338.0,0,0.0002435299671450816,0.00024355962297484268,1.584962500721156,1.0,0.15761776876268202,0,0,0.0,0.00024355962297484268,0.0
2012-08-09,5322.9501953125,0,-0.0028233533426232993,-0.0028193714289059812,1.584962500721156,1.0,0.15325765445443706,0,0,-0.0,-0.0028193714289059812,-0.0
2012-08-10,5320.39990234375,0,-0.00047922749776307234,-0.0004791126866067197,1.584962500721156,1.0,0.1530985473392726,0,0,-0.0,-0.0004791126866067197,-0.0
2012-08-13,5347.89990234375,0,0.005155472083349568,0.00516878439680557,1.584962500721156,1.0,0.15280876599253063,0,0,0.0,0.00516878439680557,0.0
2012-08-14,5380.35009765625,0,0.006049503744983293,0.006067838947074966,1.584962500721156,1.0,0.15272467664223946,0,0,0.0,0.006067838947074966,0.0
2012-08-16,5362.9501953125,0,-0.00323921273413046,-0.0032339721445505676,1.584962500721156,1.0,0.1501456567267488,0,0,-0.0,-0.0032339721445505676,-0.0
2012-08-17,5366.2998046875,0,0.0006243883745507009,0.0006245833455489347,1.584962500721156,1.0,0.1501258725110399,0,0,0.0,0.0006245833455489347,0.0
2012-08-21,5421.0,0,0.01014167866750203,0.010193279783719644,1.584962500721156,1.0,0.1509138916009008,0,0,0.0,0.010193279783719644,0.0
2012-08-22,5412.85009765625,0,-0.0015045258717129944,-0.0015033946400572207,1.584962500721156,1.0,0.1501540666904654,0,0,-0.0,-0.0015033946400572207,-0.0
2012-08-23,5415.35009765625,0,0.0004617572633175854,0.00046186388961388936,1.584962500721156,1.0,0.1484005752582846,0,0,0.0,0.00046186388961388936,0.0
2012-08-24,5386.7001953125,0,-0.005304542887016916,-0.0052904986431348,1.584962500721156,1.0,0.1486110842641161,0,0,-0.0,-0.0052904986431348,-0.0
2012-08-27,5350.25,0,-0.0067896999946754025,-0.006766702060793883,1.584962500721156,1.0,0.1477413572572768,0,0,-0.0,-0.006766702060793883,-0.0
2012-08-29,5287.7998046875,0,-0.01174104537301993,-0.011672388264567068,1.584962500721156,1.0,0.14903363972628075,0,0,-0.0,-0.011672388264567068,-0.0
2012-08-30,5315.0498046875,0,0.005140138925224487,0.00515337210305189,1.584962500721156,1.0,0.14893118318939894,0,0,0.0,0.00515337210305189,0.0
2012-08-31,5258.5,0,-0.010696567362371883,-0.010639562518798384,1.584962500721156,1.0,0.14943344379529544,0,0,-0.0,-0.010639562518798384,-0.0
2012-09-03,5253.75,0,-0.0009037076407566584,-0.0009032994199866806,1.584962500721156,1.0,0.14660306824891509,0,0,-0.0,-0.0009032994199866806,-0.0
2012-09-04,5274.0,0,0.003846980593905577,0.003854389721627438,1.584962500721156,1.0,0.14657393918398015,0,0,0.0,0.003854389721627438,0.0
2012-09-05,5225.7001953125,0,-0.009200290386331456,-0.00915809721037164,1.584962500721156,1.0,0.1472464267265927,0,0,-0.0,-0.00915809721037164,-0.0
2012-09-06,5238.39990234375,0,0.0024272920075337386,0.0024302402657239153,1.584962500721156,1.0,0.14723549410843442,0,0,0.0,0.0024302402657239153,0.0
2012-09-07,5342.10009765625,0,0.01960276282144217,0.01979615860677275,1.584962500721156,1.0,0.15080731768697533,0,0,0.0,0.01979615860677275,0.0
2012-09-10,5363.4501953125,0,0.003988608782709102,0.0039965738690701524,1.584962500721156,1.0,0.1498493490436814,0,0,0.0,0.0039965738690701524,0.0
2012-09-11,5390.0,0,0.004937923764457274,0.00495013540178002,1.584962500721156,1.0,0.15001677859675105,0,0,0.0,0.00495013540178002,0.0
2012-09-12,5431.0,0,0.007577894131802447,0.007606679035250474,1.584962500721156,1.0,0.14952926763872082,0,0,0.0,0.007606679035250474,0.0
2012-09-13,5435.35009765625,0,0.0008006548380166689,0.0008009754476616671,1.584962500721156,1.0,0.14554062044655286,0,0,0.0,0.0008009754476616671,0.0
2012-09-14,5577.64990234375,0,0.02584358933331103,0.026180430355141393,1.584962500721156,1.0,0.1513057031170077,0,0,0.0,0.026180430355141393,0.0
2012-09-17,5610.0,0,0.005783196310569196,0.005799951273861126,1.584962500721156,1.0,0.14616395015362146,0,0,0.0,0.005799951273861126,0.0
2012-09-18,5600.0498046875,0,-0.0017752281388536857,-0.0017736533533868615,1.584962500721156,1.0,0.14586573956978158,0,0,-0.0,-0.0017736533533868615,-0.0
2012-09-20,5554.25,0,-0.00821209092065133,-0.008178463814583092,1.584962500721156,1.0,0.14664422028371416,0,0,-0.0,-0.008178463814583092,-0.0
2012-09-21,5691.14990234375,0,0.024348919045650126,0.024647774648917542,1.584962500721156,1.0,0.15089972719706368,0,0,0.0,0.024647774648917542,0.0
2012-09-24,5669.60009765625,0,-0.003793733782301371,-0.0037865466658373315,1.584962500721156,1.0,0.15084716790929642,0,0,-0.0,-0.0037865466658373315,-0.0
2012-09-25,5673.89990234375,0,0.00075810903044665,0.0007583964677293498,1.584962500721156,1.0,0.1505651995957982,0,0,0.0,0.0007583964677293498,0.0
2012-09-26,5663.4501953125,0,-0.0018434131257124254,-0.0018417150832945595,1.584962500721156,1.0,0.1472935231499872,0,0,-0.0,-0.0018417150832945595,-0.0
2012-09-27,5649.5,0,-0.0024662359760189018,-0.0024631973146062025,1.584962500721156,1.0,0.1474525519681945,0,0,-0.0,-0.0024631973146062025,-0.0
2012-09-28,5703.2998046875,0,0.009477874770864534,0.00952293206257182,1.584962500721156,1.0,0.14796706158397308,0,0,0.0,0.00952293206257182,0.0
2012-10-01,5718.7998046875,0,0.0027140385821359655,0.0027177249190477593,1.584962500721156,1.0,0.14734615791657144,0,0,0.0,0.0027177249190477593,0.0
2012-10-03,5731.25,0,0.00217469800247328,0.002177064373243942,1.584962500721156,1.0,0.14687924415160358,0,0,0.0,0.002177064373243942,0.0
2012-10-04,5787.60009765625,0,0.009784057731510025,0.009832078107960829,1.584962500721156,1.0,0.1450901215600146,0,0,0.0,0.009832078107960829,0.0
2012-10-05,5746.9501953125,0,-0.007048401472376666,-0.007023619748747212,1.584962500721156,1.0,0.14580825638554326,0,0,-0.0,-0.007023619748747212,-0.0
2012-10-08,5676.0,0,-0.012422553983974943,-0.012345712578189838,1.584962500721156,1.0,0.1464071884093029,0,0,-0.0,-0.012345712578189838,-0.0
2012-10-09,5704.60009765625,0,0.005026124741861446,0.00503877689504062,1.584962500721156,1.0,0.1465266846909125,0,0,0.0,0.00503877689504062,0.0
2012-10-10,5652.14990234375,0,-0.009236897569122873,-0.009194368477125958,1.584962500721156,1.0,0.1467829761252898,0,0,-0.0,-0.009194368477125958,-0.0
2012-10-11,5708.0498046875,0,0.009841438524261526,0.009890024735644376,1.584962500721156,1.0,0.14698247860597263,0,0,0.0,0.009890024735644376,0.0
2012-10-12,5676.0498046875,0,-0.0056218911252959814,-0.005606117867738569,1.584962500721156,1.0,0.14412841975190804,0,0,-0.0,-0.005606117867738569,-0.0
2012-10-15,5687.25,0,0.0019712933975172303,0.001973237673716488,1.584962500721156,1.0,0.14412709800269313,0,0,0.0,0.001973237673716488,0.0
2012-10-16,5648.0,0,-0.006925327076076647,-0.006901402259440026,1.584962500721156,1.0,0.1448398314070669,0,0,-0.0,-0.006901402259440026,-0.0
2012-10-17,5660.25,0,0.0021665606600093767,0.0021689093484418276,1.584962500721156,1.0,0.13828093240673497,0,0,0.0,0.0021689093484418276,0.0
2012-10-18,5718.7001953125,0,0.010273480136426792,0.010326433516629097,1.584962500721156,1.0,0.13824640538427005,0,0,0.0,0.010326433516629097,0.0
2012-10-19,5684.25,0,-0.0060423486092661665,-0.00602413033310234,1.584962500721156,1.0,0.13874442972289128,0,0,-0.0,-0.00602413033310234,-0.0
2012-10-22,5717.14990234375,0,0.005771220015412784,0.005787905588907849,1.584962500721156,1.0,0.13877174248428145,0,0,0.0,0.005787905588907849,0.0
2012-10-23,5691.39990234375,0,-0.004514165983925739,-0.004503992450756611,1.584962500721156,1.0,0.1379043398329495,0,0,-0.0,-0.004503992450756611,-0.0
2012-10-25,5705.2998046875,0,0.0024392867397124295,0.0024422642200956357,1.584962500721156,1.0,0.13792019087985768,0,0,0.0,0.0024422642200956357,0.0
2012-10-29,5665.60009765625,0,-0.006982713537108193,-0.006958391038211942,1.584962500721156,1.0,0.1364941232654364,0,0,-0.0,-0.006958391038211942,-0.0
2012-10-30,5597.89990234375,0,-0.012021309646340173,-0.01194934237248868,1.584962500721156,1.0,0.13581087742594286,0,0,-0.0,-0.01194934237248868,-0.0
2012-10-31,5619.7001953125,0,0.0038868064869830134,0.0038943699153359823,1.584962500721156,1.0,0.1332967583188758,0,0,0.0,0.0038943699153359823,0.0
2012-11-01,5645.0498046875,0,0.0045007039065821375,0.0045108472861496995,1.584962500721156,1.0,0.1329465620431547,0,0,0.0,0.0045108472861496995,0.0
2012-11-02,5697.7001953125,0,0.009283598556758567,0.009326824819380741,1.584962500721156,1.0,0.13360130519623237,0,0,0.0,0.009326824819380741,0.0
2012-11-05,5704.2001953125,0,0.001140160934837295,0.0011408111654149788,1.584962500721156,1.0,0.1330041788886897,0,0,0.0,0.0011408111654149788,0.0
2012-11-06,5724.39990234375,0,0.003534943543911931,0.003541198825358416,1.584962500721156,1.0,0.13281773261541863,0,0,0.0,0.003541198825358416,0.0
2012-11-07,5760.10009765625,0,0.0062171292271889006,0.0062364956888989465,1.584962500721156,1.0,0.13250078078890273,0,0,0.0,0.0062364956888989465,0.0
2012-11-08,5738.75,0,-0.0037134360408294775,-0.0037065497637683853,1.584962500721156,1.0,0.13276824861609127,0,0,-0.0,-0.0037065497637683853,-0.0
2012-11-09,5686.25,0,-0.009190436679217989,-0.009148333696362476,1.584962500721156,1.0,0.13382257854772492,0,0,-0.0,-0.009148333696362476,-0.0
2012-11-12,5683.7001953125,0,-0.00044851642908619777,-0.00044841586062871475,1.584962500721156,1.0,0.13384723951894745,0,0,-0.0,-0.00044841586062871475,-0.0
2012-11-15,5631.0,0,-0.009315417200509159,-0.009272163115845444,1.584962500721156,1.0,0.12877488275103857,0,0,-0.0,-0.009272163115845444,-0.0
2012-11-16,5574.0498046875,0,-0.010165182073687593,-0.010113691229355348,1.584962500721156,1.0,0.1300514988642609,0,0,-0.0,-0.010113691229355348,-0.0
2012-11-19,5571.39990234375,0,-0.0004755128708731552,-0.00047539983254574203,1.584962500721156,1.0,0.13004883599839928,0,0,-0.0,-0.00047539983254574203,-0.0
2012-11-20,5571.5498046875,0,2.6905325376147813e-05,2.6905687327660743e-05,1.584962500721156,1.0,0.12999966713466843,0,0,0.0,2.6905687327660743e-05,0.0
2012-11-21,5614.7998046875,0,0.007732677239436856,0.007762651598952397,1.584962500721156,1.0,0.1303761610850922,0,0,0.0,0.007762651598952397,0.0
2012-11-22,5627.75,0,0.002303783619401963,0.002306439367916191,1.584962500721156,1.0,0.13033666115904471,0,0,0.0,0.002306439367916191,0.0
2012-11-23,5626.60009765625,0,-0.0002043480676846334,-0.00020432719004037647,1.584962500721156,1.0,0.12954548586447825,0,0,-0.0,-0.00020432719004037647,-0.0
2012-11-26,5635.89990234375,0,0.001651464026839213,0.001652828444547394,1.584962500721156,1.0,0.12781880789106165,0,0,0.0,0.001652828444547394,0.0
2012-11-27,5727.4501953125,0,0.016113606124935557,0.016244130405985047,1.584962500721156,1.0,0.1297120915829161,0,0,0.0,0.016244130405985047,0.0
2012-11-29,5825.0,0,0.016888559855538453,0.0170319778192638,1.584962500721156,1.0,0.1301666282062719,0,0,0.0,0.0170319778192638,0.0
2012-11-30,5879.85009765625,0,0.009372268537928177,0.009416325777896972,1.584962500721156,1.0,0.13079940362525794,0,0,0.0,0.009416325777896972,0.0
2012-12-03,5870.9501953125,0,-0.0015147741130177722,-0.001513627421776853,1.584962500721156,1.0,0.13034270783855528,0,0,-0.0,-0.001513627421776853,-0.0
2012-12-04,5889.25,0,0.0031121612139040416,0.00311700901535672,1.584962500721156,1.0,0.13032174831009796,0,0,0.0,0.00311700901535672,0.0
2012-12-05,5900.5,0,0.0019084379930875174,0.001910260219892157,1.584962500721156,1.0,0.13021883072946286,0,0,0.0,0.001910260219892157,0.0
2012-12-06,5930.89990234375,0,0.005138862601968067,0.005152089203245502,1.584962500721156,1.0,0.13022615752503697,0,0,0.0,0.005152089203245502,0.0
2012-12-07,5907.39990234375,0,-0.00397016991551854,-0.0039622992103969246,1.584962500721156,1.0,0.12973594641379818,0,0,-0.0,-0.0039622992103969246,-0.0
2012-12-10,5908.89990234375,0,0.00025388658596198357,0.0002539188178889429,1.584962500721156,1.0,0.12601038128287662,0,0,0.0,0.0002539188178889429,0.0
2012-12-11,5898.7998046875,0,-0.001710765071977491,-0.001709302547542535,1.584962500721156,1.0,0.12612967708585476,0,0,-0.0,-0.001709302547542535,-0.0
2012-12-12,5888.0,0,-0.001832525857525198,-0.001830847807196001,1.584962500721156,1.0,0.1259557560877936,0,0,-0.0,-0.001830847807196001,-0.0
2012-12-13,5851.5,0,-0.006218342793891255,-0.006199048913043459,1.584962500721156,1.0,0.12419288344951304,0,0,-0.0,-0.006199048913043459,-0.0
2012-12-14,5879.60009765625,0,0.004790710362347276,0.004802204162394297,1.584962500721156,1.0,0.12325505077452237,0,0,0.0,0.004802204162394297,0.0
2012-12-17,5857.89990234375,0,-0.0036975880786428313,-0.0036907604177280895,1.584962500721156,1.0,0.11980794679529931,0,0,-0.0,-0.0036907604177280895,-0.0
2012-12-18,5896.7998046875,0,0.006618636854775263,0.006640588434805084,1.584962500721156,1.0,0.11992296021665502,0,0,0.0,0.006640588434805084,0.0
2012-12-19,5929.60009765625,0,0.005546975807021157,0.00556238876257531,1.584962500721156,1.0,0.12012195434999065,0,0,0.0,0.00556238876257531,0.0
2012-12-20,5916.39990234375,0,-0.00222863426913261,-0.002226152707619833,1.584962500721156,1.0,0.12010384318294315,0,0,-0.0,-0.002226152707619833,-0.0
2012-12-21,5847.7001953125,0,-0.011679684367163802,-0.011611741627545302,1.584962500721156,1.0,0.12192751775059814,0,0,-0.0,-0.011611741627545302,-0.0
2012-12-24,5855.75,0,0.0013756295489937814,0.001376576161334686,1.584962500721156,1.0,0.12037493164718202,0,0,0.0,0.001376576161334686,0.0
2012-12-26,5905.60009765625,0,0.008476985338926086,0.008513016719677191,1.584962500721156,1.0,0.1200422902534516,0,0,0.0,0.008513016719677191,0.0
2012-12-27,5870.10009765625,0,-0.006029383723567037,-0.006011243466026217,1.584962500721156,1.0,0.12063025972836532,0,0,-0.0,-0.006011243466026217,-0.0
2012-12-28,5908.35009765625,0,0.0064949350428471515,0.006516072871614487,1.584962500721156,1.0,0.12078943557380155,0,0,0.0,0.006516072871614487,0.0
2012-12-31,5905.10009765625,0,-0.0005502203045275154,-0.0005500689610944409,1.584962500721156,1.0,0.12079222076997165,0,0,-0.0,-0.0005500689610944409,-0.0
2013-01-02,5993.25,0,0.01481743509598375,0.014927757512313233,1.584962500721156,1.0,0.12276336087341447,0,0,0.0,0.014927757512313233,0.0
2013-01-03,6009.5,0,0.0027077144701615867,0.0027113836399281777,1.584962500721156,1.0,0.12252177517566297,0,0,0.0,0.0027113836399281777,0.0
2013-01-04,6016.14990234375,0,0.0011059532042860644,0.0011065649960479984,1.584962500721156,1.0,0.12228863543259127,0,0,0.0,0.0011065649960479984,0.0
2013-01-07,5988.39990234375,0,-0.004623255329017686,-0.004612584535034436,1.584962500721156,1.0,0.12268256123715182,0,0,-0.0,-0.004612584535034436,-0.0
2013-01-08,6001.7001953125,0,0.0022185466869673303,0.0022210094826073945,1.584962500721156,1.0,0.12176382113709394,0,0,0.0,0.0022210094826073945,0.0
2013-01-09,5971.5,0,-0.005044642846597446,-0.005031940005281732,1.584962500721156,1.0,0.12212431478604256,0,0,-0.0,-0.005031940005281732,-0.0
2013-01-10,5968.64990234375,0,-0.0004773973080222145,-0.00047728337205898974,1.584962500721156,1.0,0.12214813279521265,0,0,-0.0,-0.00047728337205898974,-0.0
2013-01-11,5951.2998046875,0,-0.0029111045491811488,-0.0029068713930493484,1.584962500721156,1.0,0.12185917523010509,0,0,-0.0,-0.0029068713930493484,-0.0
2013-01-14,6024.0498046875,0,0.012150107904682364,0.01222422031951731,1.584962500721156,1.0,0.12250326914334705,0,0,0.0,0.01222422031951731,0.0
2013-01-15,6056.60009765625,0,0.005388844474855894,0.005403390414106646,1.584962500721156,1.0,0.12067258161809362,0,0,0.0,0.005403390414106646,0.0
2013-01-16,6001.85009765625,0,-0.00908083134121998,-0.00903972511263984,1.584962500721156,1.0,0.1218016915237612,0,0,-0.0,-0.00903972511263984,-0.0
2013-01-17,6039.2001953125,0,0.006203813876608185,0.0062230973863934835,1.584962500721156,1.0,0.12034303482038702,0,0,0.0,0.0062230973863934835,0.0
2013-01-18,6064.39990234375,0,0.004164007938021129,0.0041726894648748125,1.584962500721156,1.0,0.12035065748391656,0,0,0.0,0.0041726894648748125,0.0
2013-01-21,6082.2998046875,130900,0.0029472886846284353,0.002951636210011932,1.584962500721156,1.0,0.12031238682684511,0,0,0.0,0.002951636210011932,0.0
2013-01-22,6048.5,129000,-0.005572574388951168,-0.00555707639755787,1.584962500721156,1.0,0.11954231412171432,0,0,-0.0,-0.00555707639755787,-0.0
2013-01-23,6054.2998046875,137000,0.0009584237077469017,0.0009588831425146882,1.584962500721156,1.0,0.1195396582989069,0,0,0.0,0.0009588831425146882,0.0
2013-01-24,6019.35009765625,185200,-0.005789434832539505,-0.005772708349228162,1.584962500721156,1.0,0.11622211997111126,0,0,-0.0,-0.005772708349228162,-0.0
2013-01-25,6074.64990234375,147600,0.009145062029183172,0.009187005871120979,1.584962500721156,1.0,0.11687503373667633,0,0,0.0,0.009187005871120979,0.0
2013-01-28,6074.7998046875,113100,2.4676400556721332e-05,2.467670502159791e-05,1.584962500721156,1.0,0.11674103896703877,0,0,0.0,2.467670502159791e-05,0.0
2013-01-29,6049.89990234375,157600,-0.004107307883982924,-0.004098884431473215,1.584962500721156,1.0,0.11660739411616514,0,0,-0.0,-0.004098884431473215,-0.0
2013-01-30,6055.75,124200,0.0009665070704739352,0.0009669742889437671,1.584962500721156,1.0,0.11660611975740898,0,0,0.0,0.0009669742889437671,0.0
2013-01-31,6034.75,168500,-0.003473805238461769,-0.003467778557569301,1.584962500721156,1.0,0.10914389207867661,0,0,-0.0,-0.003467778557569301,-0.0
2013-02-01,5998.89990234375,159300,-0.005958325862656894,-0.005940610241724986,1.584962500721156,1.0,0.10941693924267917,0,0,-0.0,-0.005940610241724986,-0.0
2013-02-04,5987.25,141700,-0.0019438945962046322,-0.0019420064567502449,1.584962500721156,1.0,0.10942830150578473,0,0,-0.0,-0.0019420064567502449,-0.0
2013-02-05,5956.89990234375,136200,-0.005082013073346008,-0.00506912149254668,1.584962500721156,1.0,0.10882672484186645,0,0,-0.0,-0.00506912149254668,-0.0
2013-02-06,5959.2001953125,157800,0.0003860815163471072,0.0003861560554081489,1.584962500721156,1.0,0.10125437968257041,0,0,0.0,0.0003861560554081489,0.0
2013-02-07,5938.7998046875,157600,-0.003429216778715081,-0.0034233437300943415,1.584962500721156,1.0,0.10121232486229267,0,0,-0.0,-0.0034233437300943415,-0.0
2013-02-08,5903.5,192600,-0.005961664511139566,-0.005943929051058117,1.584962500721156,1.0,0.1017896596330158,0,0,-0.0,-0.005943929051058117,-0.0
2013-02-11,5897.85009765625,122000,-0.0009575010873592933,-0.0009570428294656264,1.584962500721156,1.0,0.10174415457140422,0,0,-0.0,-0.0009570428294656264,-0.0
2013-02-12,5922.5,142800,0.004170762773135264,0.004179472508727411,1.584962500721156,1.0,0.10181150886795046,0,0,0.0,0.004179472508727411,0.0
2013-02-13,5932.9501953125,142600,0.001762935670411124,0.0017644905550864287,1.584962500721156,1.0,0.10070287389926764,0,0,0.0,0.0017644905550864287,0.0
2013-02-14,5896.9501953125,143800,-0.006086291505428713,-0.006067807551872417,1.584962500721156,1.0,0.10121522001832708,0,0,-0.0,-0.006067807551872417,-0.0
2013-02-15,5887.39990234375,125100,-0.0016208437428339576,-0.0016195308850228685,1.584962500721156,1.0,0.10121976806804123,0,0,-0.0,-0.0016195308850228685,-0.0
2013-02-18,5898.2001953125,114300,0.001832795259055871,0.0018344758548591855,1.584962500721156,1.0,0.09997681134606994,0,0,0.0,0.0018344758548591855,0.0
2013-02-19,5939.7001953125,101000,0.0070114071991698905,0.007036044662061647,1.584962500721156,1.0,0.09985451786096695,0,0,0.0,0.007036044662061647,0.0
2013-02-20,5943.0498046875,135400,0.0005637768132327255,0.0005639357652500454,1.584962500721156,1.0,0.0974813432004751,0,0,0.0,0.0005639357652500454,0.0
2013-02-21,5852.25,159400,-0.01539623406156752,-0.015278317980085387,1.584962500721156,1.0,0.10073838595637918,0,0,-0.0,-0.015278317980085387,-0.0
2013-02-22,5850.2998046875,157000,-0.00033329408771618207,-0.0003332385514118741,1.584962500721156,1.0,0.09944921447108701,0,0,-0.0,-0.0003332385514118741,-0.0
2013-02-25,5854.75,125100,0.000760388994695336,0.0007606781636959603,1.584962500721156,1.0,0.09815619862306398,0,0,0.0,0.0007606781636959603,0.0
2013-02-26,5761.35009765625,157400,-0.016081458393314825,-0.01595284211003889,1.584962500721156,1.0,0.10144289670819219,0,0,-0.0,-0.01595284211003889,-0.0
2013-02-27,5796.89990234375,175200,0.006151435864131232,0.006170394800684376,1.584962500721156,1.0,0.10189371009247013,0,0,0.0,0.006170394800684376,0.0
2013-02-28,5693.0498046875,334900,-0.018077176721828157,-0.017914764685562745,1.584962500721156,1.0,0.1057416427769025,0,0,-0.0,-0.017914764685562745,-0.0
2013-03-01,5719.7001953125,174500,0.004670292272359843,0.004681215084936907,1.584962500721156,1.0,0.1059637398414982,0,0,0.0,0.004681215084936907,0.0
2013-03-04,5698.5,144900,-0.003713408297517434,-0.0037065221232879253,1.584962500721156,1.0,0.10474518634085675,0,0,-0.0,-0.0037065221232879253,-0.0
2013-03-05,5784.25,154400,0.014935724292001495,0.01504781960164947,1.584962500721156,1.0,0.10719437303774389,0,0,0.0,0.01504781960164947,0.0
2013-03-06,5818.60009765625,156900,0.005920993156224326,0.005938556883995361,1.584962500721156,1.0,0.10721672888296033,0,0,0.0,0.005938556883995361,0.0
2013-03-07,5863.2998046875,134700,0.007652851943975546,0.007682209858219213,1.584962500721156,1.0,0.10763564917647687,0,0,0.0,0.007682209858219213,0.0
2013-03-08,5945.7001953125,150800,0.01395575035978997,0.014053586439350063,1.584962500721156,1.0,0.1099741523221948,0,0,0.0,0.014053586439350063,0.0
2013-03-11,5942.35009765625,125400,-0.000563607599626711,-0.0005634488026979856,1.584962500721156,1.0,0.10926660088984194,0,0,-0.0,-0.0005634488026979856,-0.0
2013-03-12,5914.10009765625,115900,-0.0047653476368216515,-0.00475401138198539,1.584962500721156,1.0,0.10756801731569873,0,0,-0.0,-0.00475401138198539,-0.0
2013-03-13,5851.2001953125,116700,-0.010692545036311767,-0.01063558298052436,1.584962500721156,1.0,0.10906669713502386,0,0,-0.0,-0.01063558298052436,-0.0
2013-03-14,5908.9501953125,149000,0.009821381919884518,0.009869769974075515,1.584962500721156,1.0,0.10998593290163623,0,0,0.0,0.009869769974075515,0.0
2013-03-15,5872.60009765625,152200,-0.006170701154912373,-0.006151701479069183,1.584962500721156,1.0,0.10953357925659188,0,0,-0.0,-0.006151701479069183,-0.0
2013-03-18,5835.25,102700,-0.0063803728356968134,-0.0063600614779059095,1.584962500721156,1.0,0.11009867571177419,0,0,-0.0,-0.0063600614779059095,-0.0
2013-03-19,5745.9501953125,182300,-0.015421816917123578,-0.015303509650400615,1.584962500721156,1.0,0.11302892456221193,0,0,-0.0,-0.015303509650400615,-0.0
2013-03-20,5694.39990234375,187600,-0.009012074180768975,-0.008971587155559457,1.584962500721156,1.0,0.1135445389824447,0,0,-0.0,-0.008971587155559457,-0.0
2013-03-21,5658.75,179200,-0.006280198856235595,-0.00626051962544405,1.584962500721156,1.0,0.1138548767712801,0,0,-0.0,-0.00626051962544405,-0.0
2013-03-22,5651.35009765625,165300,-0.0013085478175716774,-0.0013076920421912774,1.584962500721156,1.0,0.11284339651200871,0,0,-0.0,-0.0013076920421912774,-0.0
2013-03-25,5633.85009765625,150400,-0.0031014095850241405,-0.003096605182407286,1.584962500721156,1.0,0.11295595843596044,0,0,-0.0,-0.003096605182407286,-0.0
2013-03-26,5641.60009765625,126500,0.0013746681660056223,0.0013756134553923882,1.584962500721156,1.0,0.11189738059540827,0,0,0.0,0.0013756134553923882,0.0
2013-03-28,5682.5498046875,209700,0.007232310747962538,0.007258527070761689,1.584962500721156,1.0,0.11119788032618518,0,0,0.0,0.007258527070761689,0.0
2013-04-01,5704.39990234375,97800,0.003837748481610424,0.0038451220679536213,1.584962500721156,1.0,0.11135624668074857,0,0,0.0,0.0038451220679536213,0.0
2013-04-02,5748.10009765625,106400,0.0076315926493432315,0.007660787472937303,1.584962500721156,1.0,0.11203575975151119,0,0,0.0,0.007660787472937303,0.0
2013-04-03,5672.89990234375,140700,-0.013168948793470324,-0.013082617566656962,1.584962500721156,1.0,0.11358267904380041,0,0,-0.0,-0.013082617566656962,-0.0
2013-04-04,5574.75,134600,-0.017452960325511746,-0.017301539606436434,1.584962500721156,1.0,0.11725610406262657,0,0,-0.0,-0.017301539606436434,-0.0
2013-04-05,5553.25,137500,-0.003864131335780677,-0.003856675187228098,1.584962500721156,1.0,0.1174246709746278,0,0,-0.0,-0.003856675187228098,-0.0
2013-04-08,5542.9501953125,97000,-0.0018564567084833458,-0.001854734558591864,1.584962500721156,1.0,0.11741935946528645,0,0,-0.0,-0.001854734558591864,-0.0
2013-04-09,5495.10009765625,138200,-0.008670081423453112,-0.008632604654596254,1.584962500721156,1.0,0.11497698270085312,0,0,-0.0,-0.008632604654596254,-0.0
2013-04-10,5558.7001953125,128600,0.011507499287045326,0.01157396526468668,1.584962500721156,1.0,0.1130138213887034,0,0,0.0,0.01157396526468668,0.0
2013-04-11,5594.0,146800,0.006330291669064339,0.006350370310898912,1.584962500721156,1.0,0.11237271048206268,0,0,0.0,0.006350370310898912,0.0
2013-04-12,5528.5498046875,127300,-0.01176905510382896,-0.011700070667232776,1.584962500721156,1.0,0.11392038124674768,0,0,-0.0,-0.011700070667232776,-0.0
2013-04-15,5568.39990234375,142900,0.007182202318757875,0.007208056192685941,1.584962500721156,1.0,0.11450482460241446,0,0,0.0,0.007208056192685941,0.0
2013-04-16,5688.9501953125,142700,0.021417989176254947,0.0216490006254777,1.584962500721156,1.0,0.1202360752092388,0,0,0.0,0.0216490006254777,0.0
2013-04-17,5688.7001953125,154600,-4.394580453027964e-05,-4.394483892755652e-05,1.584962500721156,1.0,0.11987157510915321,0,0,-0.0,-4.394483892755652e-05,-0.0
2013-04-18,5783.10009765625,149900,0.016458102609584743,0.0165942832462036,1.584962500721156,1.0,0.12301212657310312,0,0,0.0,0.0165942832462036,0.0
2013-04-22,5834.39990234375,135100,0.008831527973868913,0.008870640974775856,1.584962500721156,1.0,0.12394275239256142,0,0,0.0,0.008870640974775856,0.0
2013-04-23,5836.89990234375,132200,0.0004284013057793631,0.0004284930827240796,1.584962500721156,1.0,0.12391772472930337,0,0,0.0,0.0004284930827240796,0.0
2013-04-25,5916.2998046875,199600,0.013511403233731597,0.013603094737305366,1.584962500721156,1.0,0.12595942849983913,0,0,0.0,0.013603094737305366,0.0
2013-04-26,5871.4501953125,141300,-0.007609565149353201,-0.007580685708230228,1.584962500721156,1.0,0.12617688869366006,0,0,-0.0,-0.007580685708230228,-0.0
2013-04-29,5904.10009765625,118900,0.0055453860244868425,0.005560790138323224,1.584962500721156,1.0,0.12626366946957918,0,0,0.0,0.005560790138323224,0.0
2013-04-30,5930.2001953125,153200,0.004410930824423511,0.004420673298985989,1.584962500721156,1.0,0.12631192261546895,0,0,0.0,0.004420673298985989,0.0
2013-05-02,5999.35009765625,162400,0.011593174115103801,0.011660635402900743,1.584962500721156,1.0,0.12730514844491783,0,0,0.0,0.011660635402900743,0.0
2013-05-03,5944.0,145800,-0.009268838888589223,-0.009226015610903193,1.584962500721156,1.0,0.12795273147637462,0,0,-0.0,-0.009226015610903193,-0.0
2013-05-06,5971.0498046875,110200,0.004540451211160536,0.004550774678246938,1.584962500721156,1.0,0.12811610387160907,0,0,0.0,0.004550774678246938,0.0
2013-05-07,6043.5498046875,136400,0.012068796690554202,0.012141918485269576,1.584962500721156,1.0,0.12809534806821518,0,0,0.0,0.012141918485269576,0.0
2013-05-08,6069.2998046875,122300,0.0042516896717678145,0.004260740927464202,1.584962500721156,1.0,0.12824984286372867,0,0,0.0,0.004260740927464202,0.0
2013-05-09,6050.14990234375,110000,-0.0031601960062404705,-0.0031552078427498076,1.584962500721156,1.0,0.12765108711140627,0,0,-0.0,-0.0031552078427498076,-0.0
2013-05-10,6094.75,111400,0.0073446958820698885,0.007371734316693912,1.584962500721156,1.0,0.12774440016168626,0,0,0.0,0.007371734316693912,0.0
2013-05-13,5980.4501953125,107900,-0.018931896238816203,-0.01875381347676275,1.584962500721156,1.0,0.13135363416677764,0,0,-0.0,-0.01875381347676275,-0.0
2013-05-14,5995.39990234375,119300,0.0024966436077198026,0.002499762817683493,1.584962500721156,1.0,0.13140757877666068,0,0,0.0,0.002499762817683493,0.0
2013-05-15,6146.75,153900,0.024930994618493872,0.025244370704460284,1.584962500721156,1.0,0.13562196810774343,0,0,0.0,0.025244370704460284,0.0
2013-05-16,6169.89990234375,158600,0.003759127650507598,0.0037662020325781587,1.584962500721156,1.0,0.13568663309177278,0,0,0.0,0.0037662020325781587,0.0
2013-05-17,6187.2998046875,147300,0.0028161580707262417,0.0028201271688605978,1.584962500721156,1.0,0.13574582206677108,0,0,0.0,0.0028201271688605978,0.0
2013-05-20,6156.89990234375,122300,-0.004925384313636034,-0.004913274498306808,1.584962500721156,1.0,0.1357778595404743,0,0,-0.0,-0.004913274498306808,-0.0
2013-05-21,6114.10009765625,130600,-0.006975793048095481,-0.006951518680887947,1.584962500721156,1.0,0.13628231131211932,0,0,-0.0,-0.006951518680887947,-0.0
2013-05-22,6094.5,133800,-0.0032108700979154446,-0.0032057207672742116,1.584962500721156,1.0,0.13611670336245285,0,0,-0.0,-0.0032057207672742116,-0.0
2013-05-23,5967.0498046875,198900,-0.021134089920608477,-0.020912330020920522,1.584962500721156,1.0,0.14072973598910277,0,0,-0.0,-0.020912330020920522,-0.0
2013-05-24,5983.5498046875,161600,0.002761369474992902,0.0027651855674202253,1.584962500721156,1.0,0.14071793427579496,0,0,0.0,0.0027651855674202253,0.0
2013-05-27,6083.14990234375,115100,0.016508633198256576,0.016645653651653936,1.584962500721156,1.0,0.14196173634313114,0,0,0.0,0.016645653651653936,0.0
2013-05-28,6111.25,139700,0.004608697044323107,0.004619333422216654,1.584962500721156,1.0,0.1418855543745223,0,0,0.0,0.004619333422216654,0.0
2013-05-29,6104.2998046875,120200,-0.0011379260325724719,-0.0011372788402536083,1.584962500721156,1.0,0.14105040312139985,0,0,-0.0,-0.0011372788402536083,-0.0
2013-05-30,6124.0498046875,194100,0.0032302015895608275,0.0032354243126841986,1.584962500721156,1.0,0.14077881098189482,0,0,0.0,0.0032354243126841986,0.0
2013-05-31,5985.9501953125,175300,-0.022808521266850956,-0.022550373328005135,1.584962500721156,1.0,0.145751076974997,0,0,-0.0,-0.022550373328005135,-0.0
2013-06-03,5939.2998046875,112100,-0.007823840773196913,-0.007793314194550316,1.584962500721156,1.0,0.14621773917823414,0,0,-0.0,-0.007793314194550316,-0.0
2013-06-04,5919.4501953125,114500,-0.00334767625808323,-0.0033420790375549014,1.584962500721156,1.0,0.1460363214570168,0,0,-0.0,-0.0033420790375549014,-0.0
2013-06-05,5923.85009765625,110200,0.0007430196714316884,0.0007432957789279548,1.584962500721156,1.0,0.14603176262688866,0,0,0.0,0.0007432957789279548,0.0
2013-06-06,5921.39990234375,114200,-0.0004137009092160573,-0.0004136153467944048,1.584962500721156,1.0,0.14573028258659307,0,0,-0.0,-0.0004136153467944048,-0.0
2013-06-07,5881.0,118300,-0.006846075453972334,-0.006822694465840606,1.584962500721156,1.0,0.14528822470435818,0,0,-0.0,-0.006822694465840606,-0.0
2013-06-10,5878.0,100100,-0.0005102474810933533,-0.0005101173269852488,1.584962500721156,1.0,0.1452869720532475,0,0,-0.0,-0.0005101173269852488,-0.0
2013-06-11,5788.7998046875,180900,-0.01529158551760873,-0.01517526289766924,1.584962500721156,1.0,0.14729397282698556,0,0,-0.0,-0.01517526289766924,-0.0
2013-06-12,5760.2001953125,140400,-0.004952752244654958,-0.004940507590509791,1.584962500721156,1.0,0.14746115084061567,0,0,-0.0,-0.004940507590509791,-0.0
2013-06-13,5699.10009765625,142000,-0.010663945462104954,-0.010607287174840163,1.584962500721156,1.0,0.14835212299300599,0,0,-0.0,-0.010607287174840163,-0.0
2013-06-14,5808.39990234375,124400,0.018996844089153475,0.019178432176063964,1.584962500721156,1.0,0.15165722341844204,0,0,0.0,0.019178432176063964,0.0
2013-06-17,5850.0498046875,107200,0.007145045967808824,0.007170632711935632,1.584962500721156,1.0,0.15214999637079787,0,0,0.0,0.007170632711935632,0.0
2013-06-18,5813.60009765625,117500,-0.006250157711134042,-0.006230666105106253,1.584962500721156,1.0,0.15226738436867537,0,0,-0.0,-0.006230666105106253,-0.0
2013-06-19,5822.25,115500,0.0014867678535771553,0.0014878736408507898,1.584962500721156,1.0,0.15229196127372982,0,0,0.0,0.0014878736408507898,0.0
2013-06-20,5655.89990234375,198400,-0.028987554139514253,-0.028571445344368618,1.584962500721156,1.0,0.15962712721727487,0,0,-0.0,-0.028571445344368618,-0.0
2013-06-21,5667.64990234375,182400,0.0020753216826701094,0.002077476653207899,1.584962500721156,1.0,0.15942092211953482,0,0,0.0,0.002077476653207899,0.0
2013-06-24,5590.25,193500,-0.013750543628800106,-0.013656436737869537,1.584962500721156,1.0,0.16096531377442583,0,0,-0.0,-0.013656436737869537,-0.0
2013-06-25,5609.10009765625,196600,0.003366287381407146,0.0033719596898618143,1.584962500721156,1.0,0.16090348767872975,0,0,0.0,0.0033719596898618143,0.0
2013-06-26,5588.7001953125,160100,-0.0036435593381386397,-0.003636929630169039,1.584962500721156,1.0,0.1609326151270835,0,0,-0.0,-0.003636929630169039,-0.0
2013-06-27,5682.35009765625,239000,0.01661815982028318,0.01675700951400083,1.584962500721156,1.0,0.1632346244697162,0,0,0.0,0.01675700951400083,0.0
2013-06-28,5842.2001953125,214400,0.0277425749122853,0.02813098364392963,1.584962500721156,1.0,0.16987849791360163,0,0,0.0,0.02813098364392963,0.0
2013-07-01,5898.85009765625,144800,0.009649961552167819,0.009696672563395348,1.584962500721156,1.0,0.17063039497130555,0,0,0.0,0.009696672563395348,0.0
2013-07-02,5857.5498046875,145700,-0.007026039129586622,-0.007001414222266744,1.584962500721156,1.0,0.17061421760961643,0,0,-0.0,-0.007001414222266744,-0.0
2013-07-03,5770.89990234375,160500,-0.014903363447433636,-0.01479285797525931,1.584962500721156,1.0,0.17238366247562678,0,0,-0.0,-0.01479285797525931,-0.0
2013-07-04,5836.9501953125,151900,0.011380402965057766,0.011445406104154454,1.584962500721156,1.0,0.17157688146611008,0,0,0.0,0.011445406104154454,0.0
2013-07-05,5867.89990234375,123600,0.005288368309453251,0.005302376411589815,1.584962500721156,1.0,0.17180637484219285,0,0,0.0,0.005302376411589815,0.0
2013-07-08,5811.5498046875,127600,-0.009649518823911232,-0.009603111606205639,1.584962500721156,1.0,0.1725630261842014,0,0,-0.0,-0.009603111606205639,-0.0
2013-07-09,5859.0,110400,0.008131657474948715,0.008164809200159828,1.584962500721156,1.0,0.17095557994685995,0,0,0.0,0.008164809200159828,0.0
2013-07-10,5816.7001953125,117500,-0.007245816361832232,-0.007219628722904936,1.584962500721156,1.0,0.17110185706619002,0,0,-0.0,-0.007219628722904936,-0.0
2013-07-11,5935.10009765625,120200,0.02015076937254802,0.02035516673855131,1.584962500721156,1.0,0.17159870429697185,0,0,0.0,0.02035516673855131,0.0
2013-07-12,6009.0,127700,0.012374451778423527,0.012451332096813816,1.584962500721156,1.0,0.17261482638822925,0,0,0.0,0.012451332096813816,0.0
2013-07-15,6030.7998046875,116300,0.003621294184999039,0.0036278589927609683,1.584962500721156,1.0,0.17253840435965836,0,0,0.0,0.0036278589927609683,0.0
2013-07-16,5955.25,151200,-0.012606456082598512,-0.012527327574159974,1.584962500721156,1.0,0.17222720137894398,0,0,-0.0,-0.012527327574159974,-0.0
2013-07-17,5973.2998046875,191500,0.0030263223541821547,0.003030906290667934,1.584962500721156,1.0,0.17202882963991598,0,0,0.0,0.003030906290667934,0.0
2013-07-18,6038.0498046875,171700,0.010781573982748167,0.010839904594975858,1.584962500721156,1.0,0.17248696322099735,0,0,0.0,0.010839904594975858,0.0
2013-07-19,6029.2001953125,163300,-0.0014667154424545085,-0.0014656403410467922,1.584962500721156,1.0,0.1709602184072332,0,0,-0.0,-0.0014656403410467922,-0.0
2013-07-22,6031.7998046875,115200,0.00043107692815792104,0.00043116985516933326,1.584962500721156,1.0,0.17095648291108714,0,0,0.0,0.00043116985516933326,0.0
2013-07-23,6077.7998046875,126500,0.00759731497994169,0.007626247801568509,1.584962500721156,1.0,0.1711981892493876,0,0,0.0,0.007626247801568509,0.0
2013-07-24,5990.5,151900,-0.014467875158950037,-0.014363718367322642,1.584962500721156,1.0,0.17199946161639937,0,0,-0.0,-0.014363718367322642,-0.0
2013-07-25,5907.5,237100,-0.013952151018890876,-0.013855270845505419,1.584962500721156,1.0,0.17285625954820244,0,0,-0.0,-0.013855270845505419,-0.0
2013-07-26,5886.2001953125,174500,-0.0036120687304303763,-0.003605553057553945,1.584962500721156,1.0,0.1726506504758554,0,0,-0.0,-0.003605553057553945,-0.0
2013-07-29,5831.64990234375,173400,-0.009310698906358704,-0.009267488559460024,1.584962500721156,1.0,0.17302772582987141,0,0,-0.0,-0.009267488559460024,-0.0
2013-07-30,5755.0498046875,181500,-0.013222266146311269,-0.013135235986211136,1.584962500721156,1.0,0.17251125597153016,0,0,-0.0,-0.013135235986211136,-0.0
2013-07-31,5742.0,235500,-0.0022701145969533727,-0.0022675398355147536,1.584962500721156,1.0,0.17187978284142713,0,0,-0.0,-0.0022675398355147536,-0.0
2013-08-01,5727.85009765625,216800,-0.0024673224848824594,-0.0024642811465952486,1.584962500721156,1.0,0.1715976892066151,0,0,-0.0,-0.0024642811465952486,-0.0
2013-08-02,5677.89990234375,222500,-0.008758830352814497,-0.008720583545463012,1.584962500721156,1.0,0.17222683749820025,0,0,-0.0,-0.008720583545463012,-0.0
2013-08-05,5685.39990234375,197200,0.0013200392875264806,0.0013209109228755622,1.584962500721156,1.0,0.17215650826524118,0,0,0.0,0.0013209109228755622,0.0
2013-08-06,5542.25,216200,-0.025500912656776276,-0.025178510712102753,1.584962500721156,1.0,0.17738793812561904,0,0,-0.0,-0.025178510712102753,-0.0
2013-08-07,5519.10009765625,245000,-0.004185734279980768,-0.00417698630407326,1.584962500721156,1.0,0.17706247298556188,0,0,-0.0,-0.00417698630407326,-0.0
2013-08-08,5565.64990234375,204900,0.008398940586119187,0.008434310641922904,1.584962500721156,1.0,0.1775299290322881,0,0,0.0,0.008434310641922904,0.0
2013-08-12,5612.39990234375,195700,0.008364656339552535,0.008399737824025477,1.584962500721156,1.0,0.17762656630769905,0,0,0.0,0.008399737824025477,0.0
2013-08-13,5699.2998046875,223000,0.015364907874385061,0.01548355495969922,1.584962500721156,1.0,0.1781737717867576,0,0,0.0,0.01548355495969922,0.0
2013-08-14,5742.2998046875,223700,0.007516466913095698,0.007544786460370823,1.584962500721156,1.0,0.1761149454162565,0,0,0.0,0.007544786460370823,0.0
2013-08-16,5507.85009765625,248100,-0.04168542781460944,-0.04082853821736476,1.584962500721156,1.0,0.18952525324700653,0,0,-0.0,-0.04082853821736476,-0.0
2013-08-19,5414.75,219700,-0.0170476537750192,-0.016903164756765454,1.584962500721156,1.0,0.19161900361855658,0,0,-0.0,-0.016903164756765454,-0.0
2013-08-20,5401.4501953125,261100,-0.002459239132094885,-0.002456217680871675,1.584962500721156,1.0,0.19112837600565716,0,0,-0.0,-0.002456217680871675,-0.0
2013-08-21,5302.5498046875,255000,-0.018479672110444576,-0.018309969924526603,1.584962500721156,1.0,0.19251317372003277,0,0,-0.0,-0.018309969924526603,-0.0
2013-08-22,5408.4501953125,284500,0.019774781357612244,0.01997159753810962,1.584962500721156,1.0,0.1951648025693715,0,0,0.0,0.01997159753810962,0.0
2013-08-23,5471.75,251500,0.011635910691516363,0.011703871238818442,1.584962500721156,1.0,0.19522530297711058,0,0,0.0,0.011703871238818442,0.0
2013-08-26,5476.5,242000,0.0008677186396066932,0.0008680952163384603,1.584962500721156,1.0,0.1948425907130961,0,0,0.0,0.0008680952163384603,0.0
2013-08-27,5287.4501953125,306000,-0.0351300857798711,-0.03452018710627225,1.584962500721156,1.0,0.19999828939557793,0,0,-0.0,-0.03452018710627225,-0.0
2013-08-28,5285.0,336000,-0.0004635056795921676,-0.00046339827742913897,1.584962500721156,1.0,0.1999949522025129,0,0,-0.0,-0.00046339827742913897,-0.0
2013-08-29,5409.0498046875,326500,0.023200821268735756,0.023472053867076736,1.584962500721156,1.0,0.20195281140972093,0,0,0.0,0.023472053867076736,0.0
2013-08-30,5471.7998046875,336400,0.01153415365937455,0.011600928493137763,1.584962500721156,1.0,0.20236581967540238,0,0,0.0,0.011600928493137763,0.0
2013-09-02,5550.75,214200,0.0143254595132373,0.014428560643769517,1.584962500721156,1.0,0.2039178867723791,0,0,0.0,0.014428560643769517,0.0
2013-09-03,5341.4501953125,250300,-0.038435865504589016,-0.03770658103634639,1.584962500721156,1.0,0.21213052915438935,0,0,-0.0,-0.03770658103634639,-0.0
2013-09-04,5448.10009765625,237200,0.019769753704386283,0.01996646948750791,1.584962500721156,1.0,0.21469645117788816,0,0,0.0,0.01996646948750791,0.0
2013-09-05,5592.9501953125,274900,0.026239969011229082,0.026587268049381718,1.584962500721156,1.0,0.21918263763789092,0,0,0.0,0.026587268049381718,0.0
2013-09-06,5680.39990234375,253000,0.015514724622354844,0.015635702800382845,1.584962500721156,1.0,0.22068402138118334,0,0,0.0,0.015635702800382845,0.0
2013-09-10,5896.75,275200,0.03737971608491806,0.03808712438836981,1.584962500721156,1.0,0.22874883858170522,0,0,0.0,0.03808712438836981,0.0
2013-09-11,5913.14990234375,265000,0.0027773161535761984,0.0027811764690295337,1.584962500721156,1.0,0.22828299610375483,0,0,0.0,0.0027811764690295337,0.0
2013-09-12,5850.7001953125,273000,-0.010617322247705436,-0.01056115743091468,1.584962500721156,1.0,0.22882689099859163,0,0,-0.0,-0.01056115743091468,-0.0
2013-09-13,5850.60009765625,190800,-1.7108809063270718e-05,-1.7108662708431588e-05,1.584962500721156,1.0,0.227879899396062,0,0,-0.0,-1.7108662708431588e-05,-0.0
2013-09-16,5840.5498046875,219500,-0.0017192997315773116,-0.0017178225824691085,1.584962500721156,1.0,0.22775671710477619,0,0,-0.0,-0.0017178225824691085,-0.0
2013-09-17,5850.2001953125,157900,0.0016509450320878272,0.0016523085921216207,1.584962500721156,1.0,0.22773551376693327,0,0,0.0,0.0016523085921216207,0.0
2013-09-18,5899.4501953125,153600,0.008383277255138238,0.008418515325246734,1.584962500721156,1.0,0.22784178233008212,0,0,0.0,0.008418515325246734,0.0
2013-09-19,6115.5498046875,287200,0.035975516586889605,0.03663046592828345,1.584962500721156,1.0,0.23362210842719022,0,0,0.0,0.03663046592828345,0.0
2013-09-20,6012.10009765625,318600,-0.01706055452564804,-0.01691584736207319,1.584962500721156,1.0,0.23537465595127285,0,0,-0.0,-0.01691584736207319,-0.0
2013-09-23,5889.75,188300,-0.02056056945458911,-0.020350642149811637,1.584962500721156,1.0,0.2340537109212466,0,0,-0.0,-0.020350642149811637,-0.0
2013-09-24,5892.4501953125,187600,0.0004583516346713625,0.00045845669383259846,1.584962500721156,1.0,0.23394980187523234,0,0,0.0,0.00045845669383259846,0.0
2013-09-25,5873.85009765625,200200,-0.0031615907611521666,-0.0031565981959502665,1.584962500721156,1.0,0.23392290694092066,0,0,-0.0,-0.0031565981959502665,-0.0
2013-09-26,5882.25,220600,0.0014290289642726517,0.0014300505127124996,1.584962500721156,1.0,0.23383014163200638,0,0,0.0,0.0014300505127124996,0.0
2013-09-27,5833.2001953125,163100,-0.008373573438567785,-0.008338612722597616,1.584962500721156,1.0,0.23395129675903456,0,0,-0.0,-0.008338612722597616,-0.0
2013-09-30,5735.2998046875,155700,-0.01692574280654838,-0.016783307163651173,1.584962500721156,1.0,0.23551788176139826,0,0,-0.0,-0.016783307163651173,-0.0
2013-10-01,5780.0498046875,159200,0.007772273841471294,0.007802556365654301,1.584962500721156,1.0,0.2333650464046247,0,0,0.0,0.007802556365654301,0.0
2013-10-03,5909.7001953125,199800,0.02218280238265632,0.022430670150948462,1.584962500721156,1.0,0.23634295699848026,0,0,0.0,0.022430670150948462,0.0
2013-10-04,5907.2998046875,191500,-0.0004062605835685447,-0.00040617807091192226,1.584962500721156,1.0,0.23465841074665567,0,0,-0.0,-0.00040617807091192226,-0.0
2013-10-07,5906.14990234375,156400,-0.00019467680921306599,-0.00019465786091266146,1.584962500721156,1.0,0.2345100104525161,0,0,-0.0,-0.00019465786091266146,-0.0
2013-10-08,5928.39990234375,158500,0.0037601812630294537,0.003767259613774776,1.584962500721156,1.0,0.23460835165555116,0,0,0.0,0.003767259613774776,0.0
2013-10-09,6007.4501953125,192000,0.013246052547886104,0.013334170142182522,1.584962500721156,1.0,0.23563447864360365,0,0,0.0,0.013334170142182522,0.0
2013-10-10,6020.9501953125,159600,0.002244688442359527,0.0022472096415437903,1.584962500721156,1.0,0.23254123003193675,0,0,0.0,0.0022472096415437903,0.0
2013-10-11,6096.2001953125,180800,0.012420571665258479,0.012498027314456817,1.584962500721156,1.0,0.23306349789794123,0,0,0.0,0.012498027314456817,0.0
2013-10-14,6112.7001953125,142200,0.0027029477705162687,0.002706604027322923,1.584962500721156,1.0,0.23301602915300806,0,0,0.0,0.002706604027322923,0.0
2013-10-15,6089.0498046875,218300,-0.0038765620083412522,-0.0038690578417597266,1.584962500721156,1.0,0.2331225503792657,0,0,-0.0,-0.0038690578417597266,-0.0
2013-10-17,6045.85009765625,230600,-0.007119941635177799,-0.007094654899684638,1.584962500721156,1.0,0.23345099528125687,0,0,-0.0,-0.007094654899684638,-0.0
2013-10-18,6189.35009765625,250300,0.02345798647282757,0.02373528911271383,1.584962500721156,1.0,0.23633915754984666,0,0,0.0,0.02373528911271383,0.0
2013-10-21,6204.9501953125,197000,0.0025173031999250295,0.002520474267913464,1.584962500721156,1.0,0.23635435100111474,0,0,0.0,0.002520474267913464,0.0
2013-10-22,6202.7998046875,161900,-0.0003466205632012109,-0.0003465604972340275,1.584962500721156,1.0,0.23482696294768055,0,0,-0.0,-0.0003465604972340275,-0.0
2013-10-23,6178.35009765625,188300,-0.003949510183774189,-0.003941721126123232,1.584962500721156,1.0,0.23476375849492773,0,0,-0.0,-0.003941721126123232,-0.0
2013-10-24,6164.35009765625,148900,-0.0022685483374774457,-0.0022659771263707773,1.584962500721156,1.0,0.23402428136723188,0,0,-0.0,-0.0022659771263707773,-0.0
2013-10-25,6144.89990234375,144500,-0.003160259398470375,-0.0031552710349620483,1.584962500721156,1.0,0.23209434560530498,0,0,-0.0,-0.0031552710349620483,-0.0
2013-10-28,6101.10009765625,146300,-0.007153354803001501,-0.007127830458360185,1.584962500721156,1.0,0.23219034640454153,0,0,-0.0,-0.007127830458360185,-0.0
2013-10-29,6220.89990234375,197300,0.019445476322178384,0.019635771052751938,1.584962500721156,1.0,0.2340591573521796,0,0,0.0,0.019635771052751938,0.0
2013-10-30,6251.7001953125,177600,0.004938882885003037,0.004951099270564585,1.584962500721156,1.0,0.2341610845695561,0,0,0.0,0.004951099270564585,0.0
2013-10-31,6299.14990234375,239600,0.007561230152356484,0.0075898884381608855,1.584962500721156,1.0,0.22892879222599147,0,0,0.0,0.0075898884381608855,0.0
2013-11-01,6307.2001953125,191600,0.0012771807859823679,0.0012779967286942195,1.584962500721156,1.0,0.2289240158093011,0,0,0.0,0.0012779967286942195,0.0
2013-11-05,6253.14990234375,181100,-0.008606547777017665,-0.008569617468131119,1.584962500721156,1.0,0.2281340294477527,0,0,-0.0,-0.008569617468131119,-0.0
2013-11-06,6215.14990234375,157100,-0.00609547705014856,-0.00607693731854364,1.584962500721156,1.0,0.22843412815436942,0,0,-0.0,-0.00607693731854364,-0.0
2013-11-07,6187.25,168800,-0.004499121077551629,-0.004489015193861801,1.584962500721156,1.0,0.2284893360434268,0,0,-0.0,-0.004489015193861801,-0.0
2013-11-08,6140.75,150100,-0.007543838501638632,-0.007515455169905816,1.584962500721156,1.0,0.22742665518006658,0,0,-0.0,-0.007515455169905816,-0.0
2013-11-11,6078.7998046875,146100,-0.010139608589296157,-0.010088376063591586,1.584962500721156,1.0,0.22354984225717492,0,0,-0.0,-0.010088376063591586,-0.0
2013-11-12,6018.0498046875,153800,-0.010044021820206814,-0.009993749087304105,1.584962500721156,1.0,0.2236816904048626,0,0,-0.0,-0.009993749087304105,-0.0
2013-11-13,5989.60009765625,162500,-0.004738605888357065,-0.004727396408233497,1.584962500721156,1.0,0.22350449127078661,0,0,-0.0,-0.004727396408233497,-0.0
2013-11-14,6056.14990234375,154900,0.011049620288933722,0.011110892814620632,1.584962500721156,1.0,0.22274081460180442,0,0,0.0,0.011110892814620632,0.0
2013-11-18,6189.0,164000,0.021699254229649953,0.02193639520132029,1.584962500721156,1.0,0.22482281414770683,0,0,0.0,0.02193639520132029,0.0
2013-11-19,6203.35009765625,161500,0.0023159616952837573,0.0023186456061157212,1.584962500721156,1.0,0.22470419030502797,0,0,0.0,0.0023186456061157212,0.0
2013-11-20,6122.89990234375,155800,-0.013053659902868716,-0.01296883039744856,1.584962500721156,1.0,0.22521621850646262,0,0,-0.0,-0.01296883039744856,-0.0
2013-11-21,5999.0498046875,137200,-0.020434733748201976,-0.020227359524339406,1.584962500721156,1.0,0.2275645118935795,0,0,-0.0,-0.020227359524339406,-0.0
2013-11-22,5995.4501953125,134800,-0.0006002100100985879,-0.0006000299201028847,1.584962500721156,1.0,0.2272151032167166,0,0,-0.0,-0.0006000299201028847,-0.0
2013-11-25,6115.35009765625,127200,0.019801138983068924,0.019998481921756683,1.584962500721156,1.0,0.2271295096899227,0,0,0.0,0.019998481921756683,0.0
2013-11-26,6059.10009765625,150700,-0.00924072945680619,-0.009198165125747781,1.584962500721156,1.0,0.2267642251880932,0,0,-0.0,-0.009198165125747781,-0.0
2013-11-27,6057.10009765625,124900,-0.0003301365091241254,-0.00033008202006323817,1.584962500721156,1.0,0.22668648930372087,0,0,-0.0,-0.00033008202006323817,-0.0
2013-11-28,6091.85009765625,195300,0.005720674496259994,0.00573706880185898,1.584962500721156,1.0,0.22586247700068912,0,0,0.0,0.00573706880185898,0.0
2013-11-29,6176.10009765625,190700,0.01373519180845845,0.01382995291240241,1.584962500721156,1.0,0.2269431816232729,0,0,0.0,0.01382995291240241,0.0
2013-12-02,6217.85009765625,145900,0.006737183425796762,0.006759929298400413,1.584962500721156,1.0,0.2265183720132738,0,0,0.0,0.006759929298400413,0.0
2013-12-03,6201.85009765625,156900,-0.002576553153439162,-0.0025732366893230774,1.584962500721156,1.0,0.22655085307427145,0,0,-0.0,-0.0025732366893230774,-0.0
2013-12-04,6160.9501953125,186200,-0.006616632250020927,-0.006594790538263173,1.584962500721156,1.0,0.2268472639073953,0,0,-0.0,-0.006594790538263173,-0.0
2013-12-05,6241.10009765625,186100,0.012925446408512491,0.013009341059879276,1.584962500721156,1.0,0.22751109851979662,0,0,0.0,0.013009341059879276,0.0
2013-12-06,6259.89990234375,158500,0.003007730399185639,0.0030122581585512176,1.584962500721156,1.0,0.22617575632810552,0,0,0.0,0.0030122581585512176,0.0
2013-12-09,6363.89990234375,198300,0.016477186675700303,0.01661368418384157,1.584962500721156,1.0,0.22640599217614346,0,0,0.0,0.01661368418384157,0.0
2013-12-10,6332.85009765625,242400,-0.004890994401687254,-0.004879052965001018,1.584962500721156,1.0,0.2264870900518602,0,0,-0.0,-0.004879052965001018,-0.0
2013-12-11,6307.89990234375,148200,-0.003947586608913919,-0.003939805131615848,1.584962500721156,1.0,0.22598558101321953,0,0,-0.0,-0.003939805131615848,-0.0
2013-12-12,6237.0498046875,148500,-0.011295517736679127,-0.011231962896228742,1.584962500721156,1.0,0.225668100930258,0,0,-0.0,-0.011231962896228742,-0.0
2013-12-13,6168.39990234375,169700,-0.01106781370198504,-0.011006790789477972,1.584962500721156,1.0,0.22649598650566868,0,0,-0.0,-0.011006790789477972,-0.0
2013-12-16,6154.7001953125,146500,-0.0022234198483338887,-0.0022209498813532402,1.584962500721156,1.0,0.22648640420503405,0,0,-0.0,-0.0022209498813532402,-0.0
2013-12-17,6139.0498046875,154200,-0.0025460740749505,-0.0025428355774208544,1.584962500721156,1.0,0.22598210788081347,0,0,-0.0,-0.0025428355774208544,-0.0
2013-12-18,6217.14990234375,243300,0.012641611434832655,0.012721854381539055,1.584962500721156,1.0,0.22683874349452024,0,0,0.0,0.012721854381539055,0.0
2013-12-19,6166.64990234375,437000,-0.008155861807590793,-0.00812269300133206,1.584962500721156,1.0,0.22292560404631684,0,0,-0.0,-0.00812269300133206,-0.0
2013-12-20,6274.25,172000,0.017298231088561187,0.017448711919798576,1.584962500721156,1.0,0.22435382460482478,0,0,0.0,0.017448711919798576,0.0
2013-12-23,6284.5,131200,0.0016323284205711835,0.001633661393792174,1.584962500721156,1.0,0.22404375626022235,0,0,0.0,0.001633661393792174,0.0
2013-12-24,6268.39990234375,107600,-0.002565161294966418,-0.0025618740800780193,1.584962500721156,1.0,0.2238211481234631,0,0,-0.0,-0.0025618740800780193,-0.0
2013-12-26,6278.89990234375,182300,0.001673667261396705,0.001675068624143572,1.584962500721156,1.0,0.222541495996711,0,0,0.0,0.001675068624143572,0.0
2013-12-27,6313.7998046875,96900,0.0055428927092751245,0.0055582829614344575,1.584962500721156,1.0,0.22240423766917147,0,0,0.0,0.0055582829614344575,0.0
2013-12-30,6291.10009765625,101300,-0.003601731349932257,-0.0035952528957914343,1.584962500721156,1.0,0.21049283725936885,0,0,-0.0,-0.0035952528957914343,-0.0
2013-12-31,6304.0,103400,0.0020484008470497933,0.00205050025329534,1.584962500721156,1.0,0.20814657494208094,0,0,0.0,0.00205050025329534,0.0
2014-01-02,6221.14990234375,158100,-0.013229591131722482,-0.013142464729735126,1.584962500721156,1.0,0.20953004145294227,0,0,-0.0,-0.013142464729735126,-0.0
2014-01-03,6211.14990234375,139000,-0.001608713160675422,-0.001607419875260141,1.584962500721156,1.0,0.20684363608596307,0,0,-0.0,-0.001607419875260141,-0.0
2014-01-06,6191.4501953125,118300,-0.0031767086647526764,-0.0031716682644893357,1.584962500721156,1.0,0.20473757180696725,0,0,-0.0,-0.0031716682644893357,-0.0
2014-01-07,6162.25,138600,-0.004727369003838941,-0.00471621258208732,1.584962500721156,1.0,0.20427474608324087,0,0,-0.0,-0.00471621258208732,-0.0
2014-01-08,6174.60009765625,146900,0.0020021483091771735,0.0020041539464075164,1.584962500721156,1.0,0.2042764466359182,0,0,0.0,0.0020041539464075164,0.0
2014-01-09,6168.35009765625,150100,-0.0010127239331396106,-0.0010122113013233403,1.584962500721156,1.0,0.19479020051658208,0,0,-0.0,-0.0010122113013233403,-0.0
2014-01-10,6171.4501953125,159900,0.0005024550880677336,0.0005025813397698808,1.584962500721156,1.0,0.19476635630912573,0,0,0.0,0.0005025813397698808,0.0
2014-01-13,6272.75,135000,0.01628100492203701,0.01641426269054902,1.584962500721156,1.0,0.1929413552381147,0,0,0.0,0.01641426269054902,0.0
2014-01-14,6241.85009765625,110200,-0.004938226534857065,-0.004926053540113995,1.584962500721156,1.0,0.1925194363841558,0,0,-0.0,-0.004926053540113995,-0.0
2014-01-15,6320.89990234375,145900,0.012584959187806487,0.012664483037998941,1.584962500721156,1.0,0.1922119636351811,0,0,0.0,0.012664483037998941,0.0
2014-01-16,6318.89990234375,153400,-0.0003164607110232277,-0.0003164106426141178,1.584962500721156,1.0,0.1800150247793863,0,0,-0.0,-0.0003164106426141178,-0.0
2014-01-17,6261.64990234375,167700,-0.009101413862469748,-0.00906012136365153,1.584962500721156,1.0,0.1783601760411898,0,0,-0.0,-0.00906012136365153,-0.0
2014-01-20,6303.9501953125,122100,0.006732738974413205,0.006755454812783057,1.584962500721156,1.0,0.17363754221208377,0,0,0.0,0.006755454812783057,0.0
2014-01-21,6313.7998046875,141700,0.00156123102385989,0.0015624503794975375,1.584962500721156,1.0,0.17197176302471923,0,0,0.0,0.0015624503794975375,0.0
2014-01-22,6338.9501953125,137500,0.0039754873445066955,0.003983400076500443,1.584962500721156,1.0,0.1607790128156526,0,0,0.0,0.003983400076500443,0.0
2014-01-23,6345.64990234375,120100,0.0010563529953923905,0.0010569111327305425,1.584962500721156,1.0,0.16074497578018807,0,0,0.0,0.0010569111327305425,0.0
2014-01-24,6266.75,160300,-0.012511644446641086,-0.012433699236166218,1.584962500721156,1.0,0.1611561513314552,0,0,-0.0,-0.012433699236166218,-0.0
2014-01-27,6135.85009765625,190400,-0.02110924516297498,-0.020888004522878645,1.584962500721156,1.0,0.1652579134323905,0,0,-0.0,-0.020888004522878645,-0.0
2014-01-28,6126.25,184100,-0.0015658165471230908,-0.0015645912959830754,1.584962500721156,1.0,0.16525220067094515,0,0,-0.0,-0.0015645912959830754,-0.0
2014-01-29,6120.25,146700,-0.0009798718785080376,-0.0009793919608243051,1.584962500721156,1.0,0.1652603364378233,0,0,-0.0,-0.0009793919608243051,-0.0
2014-01-30,6073.7001953125,208100,-0.007634938648466337,-0.00760586653935702,1.584962500721156,1.0,0.16527083430795322,0,0,-0.0,-0.00760586653935702,-0.0
2014-01-31,6089.5,146700,0.002597969830382306,0.0026013474783779245,1.584962500721156,1.0,0.1539319986133168,0,0,0.0,0.0026013474783779245,0.0
2014-02-03,6001.7998046875,134900,-0.014506584850296355,-0.014401871305115388,1.584962500721156,1.0,0.15319028790766068,0,0,-0.0,-0.014401871305115388,-0.0
2014-02-04,6000.89990234375,183300,-0.00014994998915273514,-0.0001499387472150282,1.584962500721156,1.0,0.14919604751389587,0,0,-0.0,-0.0001499387472150282,-0.0
2014-02-05,6022.39990234375,166600,0.0035763930477856866,0.003582795972251196,1.584962500721156,1.0,0.1493020694733077,0,0,0.0,0.003582795972251196,0.0
2014-02-06,6036.2998046875,185500,0.0023053743500808565,0.0023080337687870767,1.584962500721156,1.0,0.14922938756860324,0,0,0.0,0.0023080337687870767,0.0
2014-02-07,6063.2001953125,181900,0.004446536625011425,0.00445643713788213,1.584962500721156,1.0,0.14937919705296204,0,0,0.0,0.00445643713788213,0.0
2014-02-10,6053.4501953125,133100,-0.0016093560167322405,-0.0016080616977710571,1.584962500721156,1.0,0.1486896446111874,0,0,-0.0,-0.0016080616977710571,-0.0
2014-02-11,6062.7001953125,150500,0.0015268879138819519,0.0015280542007536368,1.584962500721156,1.0,0.14577485439777002,0,0,0.0,0.0015280542007536368,0.0
2014-02-12,6084.0,138500,0.003507096771439477,0.0035132538310187478,1.584962500721156,1.0,0.14535617343159973,0,0,0.0,0.0035132538310187478,0.0
2014-02-13,6001.10009765625,153700,-0.013719572366101803,-0.013625887959196281,1.584962500721156,1.0,0.14262994327453357,0,0,-0.0,-0.013625887959196281,-0.0
2014-02-14,6048.35009765625,140200,0.007842721688164616,0.007873556386512215,1.584962500721156,1.0,0.14320225168912018,0,0,0.0,0.007873556386512215,0.0
2014-02-18,6127.10009765625,126600,0.012936047030872241,0.013020079646268501,1.584962500721156,1.0,0.14476076111432606,0,0,0.0,0.013020079646268501,0.0
2014-02-19,6152.75,95200,0.004177565596221632,0.004186303787261814,1.584962500721156,1.0,0.14478980908801495,0,0,0.0,0.004186303787261814,0.0
2014-02-20,6091.4501953125,132100,-0.010012955663091487,-0.009962992919832603,1.584962500721156,1.0,0.14418220479813965,0,0,-0.0,-0.009962992919832603,-0.0
2014-02-21,6155.4501953125,112600,0.010451719302448996,0.01050652930713425,1.584962500721156,1.0,0.14516974966459062,0,0,0.0,0.01050652930713425,0.0
2014-02-24,6186.10009765625,144900,0.004966955468135648,0.00497931123983264,1.584962500721156,1.0,0.1439302349986713,0,0,0.0,0.00497931123983264,0.0
2014-02-25,6200.0498046875,146300,0.002252469579198007,0.0022550082945691496,1.584962500721156,1.0,0.1439096953484296,0,0,0.0,0.0022550082945691496,0.0
2014-02-26,6238.7998046875,181700,0.006230499856538058,0.006249949794065124,1.584962500721156,1.0,0.1441011023824516,0,0,0.0,0.006249949794065124,0.0
2014-02-28,6276.9501953125,180600,0.00609639994140803,0.006115020808383109,1.584962500721156,1.0,0.14387885797289096,0,0,0.0,0.006115020808383109,0.0
2014-03-03,6221.4501953125,144600,-0.008881194883291635,-0.008841873564879643,1.584962500721156,1.0,0.13931905561776264,0,0,-0.0,-0.008841873564879643,-0.0
2014-03-04,6297.9501953125,166800,0.012221184683582093,0.01229616851351456,1.584962500721156,1.0,0.14074315360422762,0,0,0.0,0.01229616851351456,0.0
2014-03-05,6328.64990234375,160300,0.0048627132066446956,0.004874555383765911,1.584962500721156,1.0,0.14095927676833644,0,0,0.0,0.004874555383765911,0.0
2014-03-06,6401.14990234375,180700,0.011390718629937804,0.011455839889823904,1.584962500721156,1.0,0.14200682154115699,0,0,0.0,0.011455839889823904,0.0
2014-03-07,6526.64990234375,284900,0.01941613337444026,0.019605852372563293,1.584962500721156,1.0,0.1454498438451582,0,0,0.0,0.019605852372563293,0.0
2014-03-10,6537.25,242100,0.0016228078999031938,0.001624125365211171,1.584962500721156,1.0,0.14531664577490075,0,0,0.0,0.001624125365211171,0.0
2014-03-11,6511.89990234375,239000,-0.0038853304216658053,-0.003877792291292259,1.584962500721156,1.0,0.1449197028315822,0,0,-0.0,-0.003877792291292259,-0.0
2014-03-12,6516.89990234375,175000,0.0007675304433891083,0.000767825070253414,1.584962500721156,1.0,0.14141549972600112,0,0,0.0,0.000767825070253414,0.0
2014-03-13,6493.10009765625,167900,-0.0036586981147299726,-0.0036520132339212807,1.584962500721156,1.0,0.1413859972528069,0,0,-0.0,-0.0036520132339212807,-0.0
2014-03-14,6504.2001953125,177300,0.00170806245985478,0.0017095220294318647,1.584962500721156,1.0,0.14088738591435462,0,0,0.0,0.0017095220294318647,0.0
2014-03-18,6516.64990234375,179300,0.0019122731206803513,0.0019141026809448292,1.584962500721156,1.0,0.14090315161737269,0,0,0.0,0.0019141026809448292,0.0
2014-03-19,6524.0498046875,172500,0.0011348935723144095,0.0011355378077144707,1.584962500721156,1.0,0.14008783557164664,0,0,0.0,0.0011355378077144707,0.0
2014-03-20,6483.10009765625,142000,-0.006296512707220438,-0.00627673121100758,1.584962500721156,1.0,0.14011491958755795,0,0,-0.0,-0.00627673121100758,-0.0
2014-03-21,6493.2001953125,189900,0.001556699439417862,0.0015579117249633345,1.584962500721156,1.0,0.13987315842660636,0,0,0.0,0.0015579117249633345,0.0
2014-03-24,6583.5,158400,0.013811013280164102,0.013906825905766418,1.584962500721156,1.0,0.14094058531033313,0,0,0.0,0.013906825905766418,0.0
2014-03-25,6589.75,168100,0.0009488927134847534,0.0009493430546061443,1.584962500721156,1.0,0.1397256195068989,0,0,0.0,0.0009493430546061443,0.0
2014-03-26,6601.39990234375,186600,0.0017663214289679917,0.0017678822935240923,1.584962500721156,1.0,0.13849936391261633,0,0,0.0,0.0017678822935240923,0.0
2014-03-27,6641.75,312400,0.006093750024184339,0.0061123546903929515,1.584962500721156,1.0,0.13840840662392495,0,0,0.0,0.0061123546903929515,0.0
2014-03-28,6695.89990234375,184800,0.00811990122114581,0.00815295702845642,1.584962500721156,1.0,0.1379008713804386,0,0,0.0,0.00815295702845642,0.0
2014-03-31,6704.2001953125,220600,0.0012388406011620149,0.001239608281157878,1.584962500721156,1.0,0.13343122744823457,0,0,0.0,0.001239608281157878,0.0
2014-04-01,6721.0498046875,177800,0.0025101384662722147,0.0025132915014651758,1.584962500721156,1.0,0.13343750496683512,0,0,0.0,0.0025132915014651758,0.0
2014-04-02,6752.5498046875,173300,0.004675819128421151,0.004686767828744776,1.584962500721156,1.0,0.13147505639370316,0,0,0.0,0.004686767828744776,0.0
2014-04-03,6736.10009765625,197500,-0.0024390454649215365,-0.0024360734103480164,1.584962500721156,1.0,0.12648776181913937,0,0,-0.0,-0.0024360734103480164,-0.0
2014-04-04,6694.35009765625,155100,-0.006217235293906131,-0.0061979482778954376,1.584962500721156,1.0,0.1270729874365091,0,0,-0.0,-0.0061979482778954376,-0.0
2014-04-07,6695.0498046875,133900,0.0001045165633993392,0.00010452202544564138,1.584962500721156,1.0,0.12313346125124824,0,0,0.0,0.00010452202544564138,0.0
2014-04-09,6796.2001953125,169800,0.014995242988600424,0.015108235722784302,1.584962500721156,1.0,0.12409735228234652,0,0,0.0,0.015108235722784302,0.0
2014-04-10,6796.39990234375,191100,2.9384669574600685e-05,2.9385101308232464e-05,1.584962500721156,1.0,0.12408563821908751,0,0,0.0,2.9385101308232464e-05,0.0
2014-04-11,6776.2998046875,140700,-0.0029618444059262942,-0.002957462472053529,1.584962500721156,1.0,0.12405629775949464,0,0,-0.0,-0.002957462472053529,-0.0
2014-04-15,6733.10009765625,123200,-0.006395525277556329,-0.006375117435236111,1.584962500721156,1.0,0.1228565501001492,0,0,-0.0,-0.006375117435236111,-0.0
2014-04-16,6675.2998046875,119800,-0.008621558339553982,-0.008584499284196023,1.584962500721156,1.0,0.12349779111078278,0,0,-0.0,-0.008584499284196023,-0.0
2014-04-17,6779.39990234375,131500,0.015474470218657372,0.0155948198136584,1.584962500721156,1.0,0.12577776309819158,0,0,0.0,0.0155948198136584,0.0
2014-04-21,6817.64990234375,111800,0.005626235315480606,0.005642092301823887,1.584962500721156,1.0,0.12534913728649696,0,0,0.0,0.005642092301823887,0.0
2014-04-22,6815.35009765625,114700,-0.0003373879130515304,-0.0003373310041498989,1.584962500721156,1.0,0.12376862807393255,0,0,-0.0,-0.0003373310041498989,-0.0
2014-04-23,6840.7998046875,183000,0.00372721984979212,0.0037341745716044095,1.584962500721156,1.0,0.12380788614536366,0,0,0.0,0.0037341745716044095,0.0
2014-04-25,6782.75,154300,-0.008522030871778505,-0.008485821299392904,1.584962500721156,1.0,0.12200499252824269,0,0,-0.0,-0.008485821299392904,-0.0
2014-04-28,6761.25,118200,-0.003174840233210194,-0.003169805757251898,1.584962500721156,1.0,0.12181563487968607,0,0,-0.0,-0.003169805757251898,-0.0
2014-04-29,6715.25,115500,-0.006826724839414866,-0.006803475688667016,1.584962500721156,1.0,0.1222230759969901,0,0,-0.0,-0.006803475688667016,-0.0
2014-04-30,6696.39990234375,161100,-0.0028110053879877397,-0.0028070582117195597,1.584962500721156,1.0,0.12068106214997944,0,0,-0.0,-0.0028070582117195597,-0.0
2014-05-02,6694.7998046875,114300,-0.0002389774925132282,-0.00023894893966680542,1.584962500721156,1.0,0.11901734145100815,0,0,-0.0,-0.00023894893966680542,-0.0
2014-05-05,6699.35009765625,105000,0.0006794448586849589,0.0006796757336289261,1.584962500721156,1.0,0.11890001813766363,0,0,0.0,0.0006796757336289261,0.0
2014-05-06,6715.2998046875,88300,0.002377954648569805,0.0023807842251488687,1.584962500721156,1.0,0.11877641173838917,0,0,0.0,0.0023807842251488687,0.0
2014-05-07,6652.5498046875,114100,-0.009388265536980073,-0.009344333361884782,1.584962500721156,1.0,0.11838073244481587,0,0,-0.0,-0.009344333361884782,-0.0
2014-05-08,6659.85009765625,101600,0.0010967659857117281,0.0010973676534682397,1.584962500721156,1.0,0.11741788431660583,0,0,0.0,0.0010973676534682397,0.0
2014-05-09,6858.7998046875,166400,0.029435494406797515,0.029873000760372248,1.584962500721156,1.0,0.12381286399996119,0,0,0.0,0.029873000760372248,0.0
2014-05-12,7014.25,157700,0.02241132323613701,0.022664343578924884,1.584962500721156,1.0,0.1288960146757864,0,0,0.0,0.022664343578924884,0.0
2014-05-13,7108.75,232200,0.013382625556367727,0.013472573689275347,1.584962500721156,1.0,0.13032425824602464,0,0,0.0,0.013472573689275347,0.0
2014-05-14,7108.75,177200,0.0,0.0,1.584962500721156,1.0,0.13034431810010677,0,0,0.0,0.0,0.0
2014-05-15,7123.14990234375,186800,0.0020236099686651147,0.0020256588491296412,1.584962500721156,1.0,0.1301589069600716,0,0,0.0,0.0020256588491296412,0.0
2014-05-16,7203.0,393200,0.011147576299688492,0.011209942055266486,1.584962500721156,1.0,0.13091101332908375,0,0,0.0,0.011209942055266486,0.0
2014-05-19,7263.5498046875,316200,0.008371057244219524,0.008406192515271416,1.584962500721156,1.0,0.1314120147472784,0,0,0.0,0.008406192515271416,0.0
2014-05-20,7275.5,255300,0.0016438760667509807,0.0016452279716989704,1.584962500721156,1.0,0.12900249921141033,0,0,0.0,0.0016452279716989704,0.0
2014-05-21,7252.89990234375,203100,-0.003111163794727852,-0.0031063291397498416,1.584962500721156,1.0,0.12913734213956632,0,0,-0.0,-0.0031063291397498416,-0.0
2014-05-22,7276.39990234375,240900,0.003234845561498608,0.0032400833206598367,1.584962500721156,1.0,0.1288939963130947,0,0,0.0,0.0032400833206598367,0.0
2014-05-23,7367.10009765625,259600,0.012387933925730808,0.012464982206830788,1.584962500721156,1.0,0.12962176054260477,0,0,0.0,0.012464982206830788,0.0
2014-05-26,7359.0498046875,273200,-0.0010933331283551897,-0.0010927356574551572,1.584962500721156,1.0,0.12972400167958845,0,0,-0.0,-0.0010927356574551572,-0.0
2014-05-27,7318.0,168600,-0.0055937551853276766,-0.005578139267565785,1.584962500721156,1.0,0.13024566094132067,0,0,-0.0,-0.005578139267565785,-0.0
2014-05-28,7329.64990234375,175600,0.0015906858612653664,0.0015919516731006667,1.584962500721156,1.0,0.13022535114423525,0,0,0.0,0.0015919516731006667,0.0
2014-05-29,7235.64990234375,241100,-0.012907568856390952,-0.012824623447559524,1.584962500721156,1.0,0.1302647986095415,0,0,-0.0,-0.012824623447559524,-0.0
2014-05-30,7229.9501953125,312200,-0.0007880360700878707,-0.0007877256512097697,1.584962500721156,1.0,0.12986067315609112,0,0,-0.0,-0.0007877256512097697,-0.0
2014-06-02,7362.5,169900,0.018167401445903533,0.01833343261111775,1.584962500721156,1.0,0.13151912905107627,0,0,0.0,0.01833343261111775,0.0
2014-06-03,7415.85009765625,234700,0.007220065712657715,0.007246193230050935,1.584962500721156,1.0,0.13179711005570563,0,0,0.0,0.007246193230050935,0.0
2014-06-04,7402.25,204600,-0.0018356066412509439,-0.0018339229457386974,1.584962500721156,1.0,0.1306546200437169,0,0,-0.0,-0.0018339229457386974,-0.0
2014-06-05,7474.10009765625,250700,0.009659715706976952,0.009706521349083008,1.584962500721156,1.0,0.13105493385457262,0,0,0.0,0.009706521349083008,0.0
2014-06-06,7583.39990234375,248400,0.014517911265275567,0.014623807984826875,1.584962500721156,1.0,0.13274482378019387,0,0,0.0,0.014623807984826875,0.0
2014-06-09,7654.60009765625,231900,0.009345152051744758,0.009388954325156185,1.584962500721156,1.0,0.13327003717854746,0,0,0.0,0.009388954325156185,0.0
2014-06-10,7656.39990234375,188700,0.00023509956185606317,0.0002351271999239124,1.584962500721156,1.0,0.13329525112538543,0,0,0.0,0.0002351271999239124,0.0
2014-06-11,7626.85009765625,186200,-0.003866957814588266,-0.0038594907612459206,1.584962500721156,1.0,0.1313858300874976,0,0,-0.0,-0.0038594907612459206,-0.0
2014-06-12,7649.89990234375,148200,0.003017634271514681,0.0030221919130917207,1.584962500721156,1.0,0.12533884902508627,0,0,0.0,0.0030221919130917207,0.0
2014-06-13,7542.10009765625,174500,-0.01419189231300482,-0.014091662121549109,1.584962500721156,1.0,0.1282316831795493,0,0,-0.0,-0.014091662121549109,-0.0
2014-06-16,7533.5498046875,155400,-0.0011343184460937106,-0.0011336753501066665,1.584962500721156,1.0,0.12824316324357254,0,0,-0.0,-0.0011336753501066665,-0.0
2014-06-17,7631.7001953125,158000,0.012944298456771088,0.013028438540876097,1.584962500721156,1.0,0.12834847311307368,0,0,0.0,0.013028438540876097,0.0
2014-06-18,7558.2001953125,165100,-0.00967755834425001,-0.009630881470572561,1.584962500721156,1.0,0.12996549555563675,0,0,-0.0,-0.009630881470572561,-0.0
2014-06-19,7540.7001953125,148900,-0.002318050637252134,-0.0023153660326241665,1.584962500721156,1.0,0.12704333620755687,0,0,-0.0,-0.0023153660326241665,-0.0
2014-06-20,7511.4501953125,124100,-0.0038864927679996926,-0.003878950129615588,1.584962500721156,1.0,0.12742032759418742,0,0,-0.0,-0.003878950129615588,-0.0
2014-06-23,7493.35009765625,127400,-0.002412575453478406,-0.002409667532315529,1.584962500721156,1.0,0.12767020959373118,0,0,-0.0,-0.002409667532315529,-0.0
2014-06-24,7580.2001953125,137000,0.011523636710027154,0.011590289593357506,1.584962500721156,1.0,0.12857374929289467,0,0,0.0,0.011590289593357506,0.0
2014-06-25,7569.25,115000,-0.0014456230527611481,-0.001444578643090666,1.584962500721156,1.0,0.12870309753323608,0,0,-0.0,-0.001444578643090666,-0.0
2014-06-26,7493.2001953125,171700,-0.010098018573784505,-0.010047204767645423,1.584962500721156,1.0,0.1302386586236186,0,0,-0.0,-0.010047204767645423,-0.0
2014-06-27,7508.7998046875,126700,0.0020796713768032227,0.0020818353932086087,1.584962500721156,1.0,0.13023180176956484,0,0,0.0,0.0020818353932086087,0.0
2014-06-30,7611.35009765625,152300,0.013564927084193412,0.013657348129687996,1.584962500721156,1.0,0.13155965467432754,0,0,0.0,0.013657348129687996,0.0
2014-07-01,7634.7001953125,139400,0.0030631036189189007,0.003067799714460584,1.584962500721156,1.0,0.12867079401933942,0,0,0.0,0.003067799714460584,0.0
2014-07-02,7725.14990234375,136300,0.01177755667969897,0.011847185183091247,1.584962500721156,1.0,0.12928524017649695,0,0,0.0,0.011847185183091247,0.0
2014-07-03,7714.7998046875,133800,-0.00134069079277555,-0.0013397924683778983,1.584962500721156,1.0,0.1282939706425019,0,0,-0.0,-0.0013397924683778983,-0.0
2014-07-04,7751.60009765625,113100,0.004758749631257964,0.0047700904625405105,1.584962500721156,1.0,0.12831839973432138,0,0,0.0,0.0047700904625405105,0.0
2014-07-07,7787.14990234375,173900,0.004575640474488179,0.004586124701950078,1.584962500721156,1.0,0.12657912041805996,0,0,0.0,0.004586124701950078,0.0
2014-07-08,7623.2001953125,180600,-0.02127867207000753,-0.021053878387766067,1.584962500721156,1.0,0.1321122663701807,0,0,-0.0,-0.021053878387766067,-0.0
2014-07-09,7585.0,168300,-0.005023641872147828,-0.005011044487063243,1.584962500721156,1.0,0.13261429165540575,0,0,-0.0,-0.005011044487063243,-0.0
2014-07-10,7567.75,258400,-0.0022768154231857557,-0.0022742254449571453,1.584962500721156,1.0,0.13283191328838215,0,0,-0.0,-0.0022742254449571453,-0.0
2014-07-11,7459.60009765625,187600,-0.014393990810803546,-0.014290892582835002,1.584962500721156,1.0,0.13552249766470403,0,0,-0.0,-0.014290892582835002,-0.0
2014-07-14,7454.14990234375,135200,-0.0007308953891714673,-0.000730628350199658,1.584962500721156,1.0,0.13541761928164944,0,0,-0.0,-0.000730628350199658,-0.0
2014-07-15,7526.64990234375,122100,0.009679131549908635,0.009726125842626887,1.584962500721156,1.0,0.13478980456007097,0,0,0.0,0.009726125842626887,0.0
2014-07-16,7624.39990234375,168000,0.012903575337152367,0.012987185702574067,1.584962500721156,1.0,0.13493941109107635,0,0,0.0,0.012987185702574067,0.0
2014-07-17,7640.4501953125,141600,0.002102909465983186,0.002105122130833692,1.584962500721156,1.0,0.13485979192765246,0,0,0.0,0.002105122130833692,0.0
2014-07-18,7663.89990234375,134600,0.0030644522939827193,0.0030691525279016307,1.584962500721156,1.0,0.13395104108999975,0,0,0.0,0.0030691525279016307,0.0
2014-07-21,7684.2001953125,105400,0.0026453182709969426,0.002648820212610259,1.584962500721156,1.0,0.13067675443912358,0,0,0.0,0.002648820212610259,0.0
2014-07-22,7767.85009765625,120100,0.01082713528937421,0.010885960831002128,1.584962500721156,1.0,0.1315433628940282,0,0,0.0,0.010885960831002128,0.0
2014-07-23,7795.75,122100,0.0035852800193615086,0.0035917148236637164,1.584962500721156,1.0,0.13120395952265512,0,0,0.0,0.0035917148236637164,0.0
2014-07-24,7830.60009765625,117600,0.004460434486412476,0.004470397031234974,1.584962500721156,1.0,0.1312512938701182,0,0,0.0,0.004470397031234974,0.0
2014-07-25,7790.4501953125,153900,-0.005140498238365478,-0.005127308487604565,1.584962500721156,1.0,0.1314567363799022,0,0,-0.0,-0.005127308487604565,-0.0
2014-07-28,7748.7001953125,116500,-0.005373537086780802,-0.005359125461725012,1.584962500721156,1.0,0.13203772242144202,0,0,-0.0,-0.005359125461725012,-0.0
2014-07-30,7791.39990234375,178100,0.005495436222823544,0.005510563830702919,1.584962500721156,1.0,0.13217125012268519,0,0,0.0,0.005510563830702919,0.0
2014-07-31,7721.2998046875,208900,-0.009037830441044684,-0.00899711201258746,1.584962500721156,1.0,0.13344652218879652,0,0,-0.0,-0.00899711201258746,-0.0
2014-08-01,7602.60009765625,181100,-0.015492411451246685,-0.015373021386786312,1.584962500721156,1.0,0.13590489297919275,0,0,-0.0,-0.015373021386786312,-0.0
2014-08-04,7683.64990234375,137000,0.010604375070275692,0.01066080073217135,1.584962500721156,1.0,0.13670561533466033,0,0,0.0,0.01066080073217135,0.0
2014-08-05,7746.5498046875,128200,0.00815287578222499,0.008186200977814417,1.584962500721156,1.0,0.13562990394446153,0,0,0.0,0.008186200977814417,0.0
2014-08-06,7672.0498046875,116400,-0.009663728440738909,-0.009617184666510403,1.584962500721156,1.0,0.13697603247220258,0,0,-0.0,-0.009617184666510403,-0.0
2014-08-07,7649.25,116800,-0.0029762254910542657,-0.0029718009225604414,1.584962500721156,1.0,0.13719821868966614,0,0,-0.0,-0.0029718009225604414,-0.0
2014-08-08,7568.5498046875,118400,-0.010606126094877983,-0.010550079460404649,1.584962500721156,1.0,0.13850181247529364,0,0,-0.0,-0.010550079460404649,-0.0
2014-08-11,7625.9501953125,107000,0.007555452786540585,0.007584067239598591,1.584962500721156,1.0,0.1384280635077232,0,0,0.0,0.007584067239598591,0.0
2014-08-12,7727.0498046875,120600,0.013170203962401476,0.013257313093540057,1.584962500721156,1.0,0.13981055562511066,0,0,0.0,0.013257313093540057,0.0
2014-08-13,7739.5498046875,154100,0.0016163866702790495,0.0016176937273546521,1.584962500721156,1.0,0.13980167658834197,0,0,0.0,0.0016176937273546521,0.0
2014-08-14,7791.7001953125,127300,0.0067155684981506794,0.006738168490551644,1.584962500721156,1.0,0.1399716374909863,0,0,0.0,0.006738168490551644,0.0
2014-08-18,7874.25,126700,0.010538852441929612,0.010594581749585608,1.584962500721156,1.0,0.14059699133608017,0,0,0.0,0.010594581749585608,0.0
2014-08-19,7897.5,140600,0.0029483116130798108,0.0029526621583007007,1.584962500721156,1.0,0.13996428978562883,0,0,0.0,0.0029526621583007007,0.0
2014-08-20,7875.2998046875,117300,-0.0028149992705591483,-0.002811040875276949,1.584962500721156,1.0,0.14015171349168493,0,0,-0.0,-0.002811040875276949,-0.0
2014-08-21,7891.10009765625,115200,0.0020043000756105184,0.0020063100276317414,1.584962500721156,1.0,0.13836404854604625,0,0,0.0,0.0020063100276317414,0.0
2014-08-22,7913.2001953125,104100,0.0027967213545059197,0.002800635828053233,1.584962500721156,1.0,0.1383492101003033,0,0,0.0,0.002800635828053233,0.0
2014-08-25,7906.2998046875,118500,-0.0008723905385931191,-0.0008720101166007632,1.584962500721156,1.0,0.13819435778224898,0,0,-0.0,-0.0008720101166007632,-0.0
2014-08-26,7904.75,142800,-0.0001960407071773607,-0.0001960214924535686,1.584962500721156,1.0,0.13755218707959996,0,0,-0.0,-0.0001960214924535686,-0.0
2014-08-27,7936.0498046875,120000,0.0039518011472649325,0.003959619809291937,1.584962500721156,1.0,0.13646414436669294,0,0,0.0,0.003959619809291937,0.0
2014-08-28,7954.35009765625,189700,0.002303315356676902,0.002305970025281434,1.584962500721156,1.0,0.13452650905653724,0,0,0.0,0.002305970025281434,0.0
2014-09-01,8027.7001953125,139300,0.009179124246061186,0.009221381603238932,1.584962500721156,1.0,0.13494515161192713,0,0,0.0,0.009221381603238932,0.0
2014-09-02,8083.0498046875,134900,0.0068711670335596,0.006894827662761838,1.584962500721156,1.0,0.13515847120228044,0,0,0.0,0.006894827662761838,0.0
2014-09-03,8114.60009765625,150700,0.0038956679592612917,0.003903265936881173,1.584962500721156,1.0,0.13516522893762634,0,0,0.0,0.003903265936881173,0.0
2014-09-04,8095.9501953125,141300,-0.0023009595892866165,-0.0022983144109759435,1.584962500721156,1.0,0.1342048266992922,0,0,-0.0,-0.0022983144109759435,-0.0
2014-09-05,8086.85009765625,126000,-0.0011246630312066596,-0.0011240308347646444,1.584962500721156,1.0,0.13402616944511628,0,0,-0.0,-0.0011240308347646444,-0.0
2014-09-08,8173.89990234375,120700,0.010706841477298593,0.010764364818970584,1.584962500721156,1.0,0.13397185919246563,0,0,0.0,0.010764364818970584,0.0
2014-09-09,8152.9501953125,104700,-0.002566290301383355,-0.002563000193486986,1.584962500721156,1.0,0.13394664821001434,0,0,-0.0,-0.002563000193486986,-0.0
2014-09-10,8094.10009765625,107100,-0.007244435632928195,-0.007218257961404628,1.584962500721156,1.0,0.13481599135741706,0,0,-0.0,-0.007218257961404628,-0.0
2014-09-11,8085.7001953125,122800,-0.0010383197500981691,-0.001037780882668149,1.584962500721156,1.0,0.13489818015114952,0,0,-0.0,-0.001037780882668149,-0.0
2014-09-12,8105.5,111400,0.0024457500763813006,0.0024487433628788136,1.584962500721156,1.0,0.13489863782257924,0,0,0.0,0.0024487433628788136,0.0
2014-09-15,8042.0,96500,-0.00786503512440859,-0.007834186663376763,1.584962500721156,1.0,0.134555279201075,0,0,-0.0,-0.007834186663376763,-0.0
2014-09-16,7932.89990234375,128000,-0.013659152116613792,-0.013566289188790104,1.584962500721156,1.0,0.1371103499428327,0,0,-0.0,-0.013566289188790104,-0.0
2014-09-17,7975.5,123700,0.005355686271897236,0.005370053597129498,1.584962500721156,1.0,0.12912760065700937,0,0,0.0,0.005370053597129498,0.0
2014-09-18,8114.75,116900,0.01730905071438062,0.01745972039370569,1.584962500721156,1.0,0.1270736367280397,0,0,0.0,0.01745972039370569,0.0
2014-09-19,8121.4501953125,161300,0.0008253403644006908,0.000825681051480398,1.584962500721156,1.0,0.1255098779908644,0,0,0.0,0.000825681051480398,0.0
2014-09-22,8146.2998046875,105500,0.003055078754324302,0.0030597502634865936,1.584962500721156,1.0,0.1255119982222996,0,0,0.0,0.0030597502634865936,0.0
2014-09-23,8017.5498046875,140800,-0.01593094790039912,-0.015804721540682243,1.584962500721156,1.0,0.12885669036780345,0,0,-0.0,-0.015804721540682243,-0.0
2014-09-24,8002.39990234375,182200,-0.0018913800776086584,-0.0018895925454548435,1.584962500721156,1.0,0.1278827912844476,0,0,-0.0,-0.0018895925454548435,-0.0
2014-09-25,7911.85009765625,231900,-0.011379836545715916,-0.011315331124726713,1.584962500721156,1.0,0.12899918723927764,0,0,-0.0,-0.011315331124726713,-0.0
2014-09-26,7968.85009765625,147800,0.007178555614569579,0.007204383209546084,1.584962500721156,1.0,0.12941526968779613,0,0,0.0,0.007204383209546084,0.0
2014-09-29,7958.89990234375,97300,-0.0012494164721180694,-0.0012486362763213243,1.584962500721156,1.0,0.12928477491987317,0,0,-0.0,-0.0012486362763213243,-0.0
2014-09-30,7964.7998046875,141100,0.0007410215869771875,0.0007412962113033661,1.584962500721156,1.0,0.12923180272497137,0,0,0.0,0.0007412962113033661,0.0
2014-10-01,7945.5498046875,113000,-0.0024198097296141007,-0.002416884350146642,1.584962500721156,1.0,0.12790717406831756,0,0,-0.0,-0.002416884350146642,-0.0
2014-10-07,7852.39990234375,148200,-0.01179279382430551,-0.011723531364537632,1.584962500721156,1.0,0.12960678118664615,0,0,-0.0,-0.011723531364537632,-0.0
2014-10-08,7842.7001953125,135900,-0.001236017381957707,-0.0012352538270948843,1.584962500721156,1.0,0.12921012845497623,0,0,-0.0,-0.0012352538270948843,-0.0
2014-10-09,7960.5498046875,123800,0.014914880678345798,0.01502666255755103,1.584962500721156,1.0,0.13135570812581132,0,0,0.0,0.01502666255755103,0.0
2014-10-10,7859.9501953125,142900,-0.012717798464841716,-0.012637269013223484,1.584962500721156,1.0,0.13129952693128485,0,0,-0.0,-0.012637269013223484,-0.0
2014-10-13,7884.25,118800,0.0030868286329098203,0.0030915977943464235,1.584962500721156,1.0,0.13131693261000063,0,0,0.0,0.0030915977943464235,0.0
2014-10-14,7864.0,225500,-0.0025717157348472356,-0.002568411706883933,1.584962500721156,1.0,0.12817116781886653,0,0,-0.0,-0.002568411706883933,-0.0
2014-10-16,7748.2001953125,213500,-0.01483479931274002,-0.014725305784270115,1.584962500721156,1.0,0.1303054537851832,0,0,-0.0,-0.014725305784270115,-0.0
2014-10-17,7779.7001953125,177600,0.004057218608794233,0.0040654602625080916,1.584962500721156,1.0,0.13038110107900264,0,0,0.0,0.0040654602625080916,0.0
2014-10-20,7879.39990234375,176200,0.01273394430406019,0.012815366213124957,1.584962500721156,1.0,0.131088675517428,0,0,0.0,0.012815366213124957,0.0
2014-10-21,7927.75,163400,0.006117516281268019,0.006136266499415566,1.584962500721156,1.0,0.1293024035061204,0,0,0.0,0.006136266499415566,0.0
2014-10-22,7995.89990234375,151100,0.008559635367284744,0.008596373793793965,1.584962500721156,1.0,0.12915674166059016,0,0,0.0,0.008596373793793965,0.0
2014-10-27,7991.7001953125,132800,-0.0005253705499506886,-0.0005252325670084268,1.584962500721156,1.0,0.12916717096522318,0,0,-0.0,-0.0005252325670084268,-0.0
2014-10-28,8027.60009765625,124100,0.004482088703870871,0.00449214828714517,1.584962500721156,1.0,0.12912780523888995,0,0,0.0,0.00449214828714517,0.0
2014-10-29,8090.4501953125,148300,0.007798761644535693,0.007829251194837239,1.584962500721156,1.0,0.12963137242214878,0,0,0.0,0.007829251194837239,0.0
2014-10-30,8169.2001953125,205700,0.009686630877276963,0.009733698137790459,1.584962500721156,1.0,0.1280532026522884,0,0,0.0,0.009733698137790459,0.0
2014-10-31,8322.2001953125,176200,0.01855565765600878,0.018728883653480688,1.584962500721156,1.0,0.1313687045712536,0,0,0.0,0.018728883653480688,0.0
2014-11-03,8324.150390625,141100,0.00023430905306898972,0.0002343365055792468,1.584962500721156,1.0,0.12983838432953695,0,0,0.0,0.0002343365055792468,0.0
2014-11-05,8338.2998046875,161600,0.0016983597607461473,0.0016998027904968627,1.584962500721156,1.0,0.1285875365182008,0,0,0.0,0.0016998027904968627,0.0
2014-11-07,8337.0,153400,-0.0001558958106129228,-0.00015588365949248395,1.584962500721156,1.0,0.12847606226311603,0,0,-0.0,-0.00015588365949248395,-0.0
2014-11-10,8344.25,130700,0.0008692394702429653,0.000869617368358,1.584962500721156,1.0,0.12819796318137133,0,0,0.0,0.000869617368358,0.0
2014-11-11,8362.650390625,122000,0.0022027303251594033,0.002205158117865702,1.584962500721156,1.0,0.12806549637755069,0,0,0.0,0.002205158117865702,0.0
2014-11-12,8383.2998046875,125200,0.0024661992049072835,0.0024692427756694,1.584962500721156,1.0,0.12689350956895312,0,0,0.0,0.0024692427756694,0.0
2014-11-13,8357.849609375,127400,-0.0030404381788521184,-0.0030358207275695825,1.584962500721156,1.0,0.12701277691283566,0,0,-0.0,-0.0030358207275695825,-0.0
2014-11-14,8389.900390625,146800,0.00382747776597414,0.0038348119131084157,1.584962500721156,1.0,0.12566646966881256,0,0,0.0,0.0038348119131084157,0.0
2014-11-17,8430.75,113900,0.004857088011971049,0.0048689027846677835,1.584962500721156,1.0,0.12580388365676437,0,0,0.0,0.0048689027846677835,0.0
2014-11-18,8425.900390625,134700,-0.0005753942089820699,-0.0005752287014797464,1.584962500721156,1.0,0.12411000874154329,0,0,-0.0,-0.0005752287014797464,-0.0
2014-11-19,8382.2998046875,125400,-0.005188025276412326,-0.005174590716264804,1.584962500721156,1.0,0.12451337484274831,0,0,-0.0,-0.005174590716264804,-0.0
2014-11-20,8401.900390625,122800,0.002335600698223698,0.00233833033823716,1.584962500721156,1.0,0.1232029515264309,0,0,0.0,0.00233833033823716,0.0
2014-11-21,8477.349609375,137000,0.008939937646133834,0.008980018238991194,1.584962500721156,1.0,0.12386495880009847,0,0,0.0,0.008980018238991194,0.0
2014-11-24,8530.150390625,140700,0.006209137249718906,0.006228453901630848,1.584962500721156,1.0,0.12401170054827397,0,0,0.0,0.006228453901630848,0.0
2014-11-25,8463.099609375,271900,-0.007891501533809672,-0.00786044538249775,1.584962500721156,1.0,0.12476433959864335,0,0,-0.0,-0.00786044538249775,-0.0
2014-11-26,8475.75,151900,0.0014936543234813655,0.0014947703806991175,1.584962500721156,1.0,0.11897409785796928,0,0,0.0,0.0014947703806991175,0.0
2014-11-27,8494.2001953125,194300,0.002174455713767457,0.0021768215570894256,1.584962500721156,1.0,0.1185205532580004,0,0,0.0,0.0021768215570894256,0.0
2014-11-28,8588.25,197200,0.011011389339421218,0.0110722378240391,1.584962500721156,1.0,0.11948032429188865,0,0,0.0,0.0110722378240391,0.0
2014-12-01,8555.900390625,152000,-0.0037738408764703764,-0.0037667288883066474,1.584962500721156,1.0,0.11679534231118846,0,0,-0.0,-0.0037667288883066474,-0.0
2014-12-02,8524.7001953125,137400,-0.0036532942570473856,-0.003646629096650922,1.584962500721156,1.0,0.11705714265173,0,0,-0.0,-0.003646629096650922,-0.0
2014-12-03,8537.650390625,153200,0.0015179851960037325,0.0015191379187295961,1.584962500721156,1.0,0.11623445343383086,0,0,0.0,0.0015191379187295961,0.0
2014-12-04,8564.400390625,143500,0.003128282351293758,0.0031331805328282947,1.584962500721156,1.0,0.11463519453503906,0,0,0.0,0.0031331805328282947,0.0
2014-12-05,8538.2998046875,143300,-0.003052220515157543,-0.003047567225613501,1.584962500721156,1.0,0.11485625610771079,0,0,-0.0,-0.003047567225613501,-0.0
2014-12-08,8438.25,163800,-0.01178696074088962,-0.0117177666486451,1.584962500721156,1.0,0.1168573364409338,0,0,-0.0,-0.0117177666486451,-0.0
2014-12-09,8340.7001953125,146300,-0.01162777201814715,-0.011560430739489869,1.584962500721156,1.0,0.11873788768049895,0,0,-0.0,-0.011560430739489869,-0.0
2014-12-10,8355.650390625,136700,0.001790834377979736,0.0017924388795202972,1.584962500721156,1.0,0.11755801519204698,0,0,0.0,0.0017924388795202972,0.0
2014-12-11,8292.900390625,133900,-0.0075382293595515236,-0.007509888167461565,1.584962500721156,1.0,0.1182858816891842,0,0,-0.0,-0.007509888167461565,-0.0
2014-12-12,8224.099609375,138100,-0.008330953463077941,-0.008296347237907065,1.584962500721156,1.0,0.11906444747872849,0,0,-0.0,-0.008296347237907065,-0.0
2014-12-15,8219.599609375,137100,-0.0005473221143822177,-0.0005471723609561385,1.584962500721156,1.0,0.11869092865763466,0,0,-0.0,-0.0005471723609561385,-0.0
2014-12-16,8067.60009765625,197300,-0.01866544617437457,-0.018492325531937692,1.584962500721156,1.0,0.12260320147894505,0,0,-0.0,-0.018492325531937692,-0.0
2014-12-17,8029.7998046875,216200,-0.004696455660811477,-0.004685444557388396,1.584962500721156,1.0,0.12260132072226787,0,0,-0.0,-0.004685444557388396,-0.0
2014-12-18,8159.2998046875,162100,0.015998760320407486,0.01612742573288095,1.584962500721156,1.0,0.12432757281341893,0,0,0.0,0.01612742573288095,0.0
2014-12-19,8225.2001953125,174800,0.008044279165652847,0.008076721312181734,1.584962500721156,1.0,0.12190913216631445,0,0,0.0,0.008076721312181734,0.0
2014-12-22,8324.0,139200,0.01194027232053888,0.012011841942012103,1.584962500721156,1.0,0.12223109311117385,0,0,0.0,0.012011841942012103,0.0
2014-12-23,8267.0,132200,-0.006871222260849433,-0.006847669389716482,1.584962500721156,1.0,0.12228855014272762,0,0,-0.0,-0.006847669389716482,-0.0
2014-12-24,8174.10009765625,221900,-0.0113010553438477,-0.01123743829003876,1.584962500721156,1.0,0.12271225457144525,0,0,-0.0,-0.01123743829003876,-0.0
2014-12-26,8200.7001953125,75500,0.003248909370282162,0.0032541927965719086,1.584962500721156,1.0,0.12262567599603856,0,0,0.0,0.0032541927965719086,0.0
2014-12-29,8246.2998046875,82100,0.005545050916857839,0.005560453167287482,1.584962500721156,1.0,0.12135343423573039,0,0,0.0,0.005560453167287482,0.0
2014-12-30,8248.25,77700,0.00023646541975141835,0.00023649337990261365,1.584962500721156,1.0,0.12084283666578462,0,0,0.0,0.00023649337990261365,0.0
2014-12-31,8282.7001953125,84500,0.004167969146088031,0.004176667209711216,1.584962500721156,1.0,0.11917606305431487,0,0,0.0,0.004176667209711216,0.0
2015-01-02,8395.4501953125,101900,0.013520889912634575,0.013612710510011006,1.584962500721156,1.0,0.12106483556513428,0,0,0.0,0.013612710510011006,0.0
2015-01-05,8378.400390625,118200,-0.0020329035926431203,-0.0020308386436523884,1.584962500721156,1.0,0.12076038613818865,0,0,-0.0,-0.0020308386436523884,-0.0
2015-01-06,8127.35009765625,172800,-0.030422082918029548,-0.029963988501869876,1.584962500721156,1.0,0.13047389311671256,0,0,-0.0,-0.029963988501869876,-0.0
2015-01-07,8102.10009765625,164100,-0.0031116297926513815,-0.0031067936900222026,1.584962500721156,1.0,0.13052642232132233,0,0,-0.0,-0.0031067936900222026,-0.0
2015-01-08,8234.599609375,143800,0.01622144246054657,0.016353724358093125,1.584962500721156,1.0,0.13310796257827268,0,0,0.0,0.016353724358093125,0.0
2015-01-09,8284.5,148000,0.006041557177687999,0.006059844193054609,1.584962500721156,1.0,0.13340861534584306,0,0,0.0,0.006059844193054609,0.0
2015-01-12,8323.0,103200,0.004636467736743234,0.004647232784114941,1.584962500721156,1.0,0.13353217263823933,0,0,0.0,0.004647232784114941,0.0
2015-01-13,8299.400390625,129600,-0.0028394966643650508,-0.002835469106692301,1.584962500721156,1.0,0.13363249290053952,0,0,-0.0,-0.002835469106692301,-0.0
2015-01-14,8277.5498046875,146100,-0.0026362628028638235,-0.0026327909136885097,1.584962500721156,1.0,0.1337328519806586,0,0,-0.0,-0.0026327909136885097,-0.0
2015-01-15,8494.150390625,232100,0.025830729950324278,0.026167234392820093,1.584962500721156,1.0,0.140181964407972,0,0,0.0,0.026167234392820093,0.0
2015-01-16,8513.7998046875,176000,0.0023106162211340322,0.0023132877520259942,1.584962500721156,1.0,0.14018219324458892,0,0,0.0,0.0023132877520259942,0.0
2015-01-19,8550.7001953125,125400,0.004324820315931695,0.004334185847861161,1.584962500721156,1.0,0.13959032151550188,0,0,0.0,0.004334185847861161,0.0
2015-01-20,8695.599609375,158700,0.01680393189462208,0.016945912118627948,1.584962500721156,1.0,0.14180533171383172,0,0,0.0,0.016945912118627948,0.0
2015-01-21,8729.5,185900,0.003890988763950604,0.0038985684884169647,1.584962500721156,1.0,0.1418050437873748,0,0,0.0,0.0038985684884169647,0.0
2015-01-22,8761.400390625,175500,0.003647659672542357,0.0036543204794088346,1.584962500721156,1.0,0.1417846970483254,0,0,0.0,0.0036543204794088346,0.0
2015-01-23,8835.599609375,191200,0.008433216854945564,0.008468876599840858,1.584962500721156,1.0,0.14230358635159276,0,0,0.0,0.008468876599840858,0.0
2015-01-27,8910.5,192000,0.008441385660836975,0.00847711461998868,1.584962500721156,1.0,0.1419152716992123,0,0,0.0,0.00847711461998868,0.0
2015-01-28,8914.2998046875,185100,0.0004263503418490414,0.0004264412420740271,1.584962500721156,1.0,0.14179309681282143,0,0,0.0,0.0004264412420740271,0.0
2015-01-29,8952.349609375,256300,0.0042593170470792705,0.0042684008302582566,1.584962500721156,1.0,0.14120646215339835,0,0,0.0,0.0042684008302582566,0.0
2015-01-30,8808.900390625,267300,-0.016153405638702815,-0.01602363904552817,1.584962500721156,1.0,0.1440961254285102,0,0,-0.0,-0.01602363904552817,-0.0
2015-02-02,8797.400390625,210100,-0.0013063506955069547,-0.0013054977908750764,1.584962500721156,1.0,0.14412276050223807,0,0,-0.0,-0.0013054977908750764,-0.0
2015-02-03,8756.5498046875,208700,-0.004654298232220474,-0.004643483770618517,1.584962500721156,1.0,0.1436686573386884,0,0,-0.0,-0.004643483770618517,-0.0
2015-02-04,8723.7001953125,195300,-0.0037584872121479928,-0.003751432939651078,1.584962500721156,1.0,0.14176140287459188,0,0,-0.0,-0.003751432939651078,-0.0
2015-02-05,8711.7001953125,173600,-0.0013765100457609084,-0.0013755630903555804,1.584962500721156,1.0,0.1416307559240951,0,0,-0.0,-0.0013755630903555804,-0.0
2015-02-06,8661.0498046875,171300,-0.005831032408607971,-0.005814064934449137,1.584962500721156,1.0,0.13935184624605723,0,0,-0.0,-0.005814064934449137,-0.0
2015-02-09,8526.349609375,146800,-0.015674617197285398,-0.01555240973670402,1.584962500721156,1.0,0.14202730848502002,0,0,-0.0,-0.01555240973670402,-0.0
2015-02-10,8565.5498046875,196200,0.004586999150377187,0.0045975355349490155,1.584962500721156,1.0,0.14212719986995093,0,0,0.0,0.0045975355349490155,0.0
2015-02-11,8627.400390625,161600,0.007194908616778425,0.007220854159723844,1.584962500721156,1.0,0.13977931241907818,0,0,0.0,0.007220854159723844,0.0
2015-02-12,8711.5498046875,158800,0.009706478627223793,0.009753739278629103,1.584962500721156,1.0,0.14048902103776142,0,0,0.0,0.009753739278629103,0.0
2015-02-13,8805.5,221900,0.010726817268910518,0.0107845558389561,1.584962500721156,1.0,0.13986711272206068,0,0,0.0,0.0107845558389561,0.0
2015-02-16,8809.349609375,136400,0.0004370868354434235,0.00043718237181300523,1.584962500721156,1.0,0.13950413720905802,0,0,0.0,0.00043718237181300523,0.0
2015-02-18,8869.099609375,147600,0.006759668427262326,0.006782566551384539,1.584962500721156,1.0,0.1397634159992822,0,0,0.0,0.006782566551384539,0.0
2015-02-19,8895.2998046875,213300,0.0029497438893496893,0.0029540986646272582,1.584962500721156,1.0,0.1397916021941319,0,0,0.0,0.0029540986646272582,0.0
2015-02-20,8833.599609375,197600,-0.006960437077779418,-0.006936269340802492,1.584962500721156,1.0,0.14033249505798778,0,0,-0.0,-0.006936269340802492,-0.0
2015-02-23,8754.9501953125,139600,-0.008943311319236858,-0.008903438863023694,1.584962500721156,1.0,0.13966622533368256,0,0,-0.0,-0.008903438863023694,-0.0
2015-02-24,8762.099609375,149800,0.0008162806567537197,0.0008166139044774035,1.584962500721156,1.0,0.13960670893426375,0,0,0.0,0.0008166139044774035,0.0
2015-02-25,8767.25,135200,0.0005876305610850604,0.0005878032497472763,1.584962500721156,1.0,0.1376757656955177,0,0,0.0,0.0005878032497472763,0.0
2015-02-26,8683.849609375,217500,-0.009558254487962844,-0.00951271956713906,1.584962500721156,1.0,0.13687888293081937,0,0,-0.0,-0.00951271956713906,-0.0
2015-02-27,8844.599609375,249500,0.018342125395864908,0.018511375395821705,1.584962500721156,1.0,0.13985149280504572,0,0,0.0,0.018511375395821705,0.0
2015-03-02,8956.75,218100,0.012600378838793266,0.01268009809128312,1.584962500721156,1.0,0.1409691242334779,0,0,0.0,0.01268009809128312,0.0
2015-03-03,8996.25,177800,0.00440038586730066,0.004410081781896391,1.584962500721156,1.0,0.13832889145343635,0,0,0.0,0.004410081781896391,0.0
2015-03-04,8922.650390625,248400,-0.008214792388202198,-0.008181143184660233,1.584962500721156,1.0,0.13924773619989142,0,0,-0.0,-0.008181143184660233,-0.0
2015-03-05,8937.75,160100,0.0016908482052135402,0.0016922784950608172,1.584962500721156,1.0,0.13795037479950023,0,0,0.0,0.0016922784950608172,0.0
2015-03-09,8756.75,155500,-0.02045904811401918,-0.02025118178512486,1.584962500721156,1.0,0.1424712157691397,0,0,-0.0,-0.02025118178512486,-0.0
2015-03-10,8712.0498046875,163800,-0.005117729137055929,-0.005104655872612551,1.584962500721156,1.0,0.14228302366699813,0,0,-0.0,-0.005104655872612551,-0.0
2015-03-11,8699.9501953125,172800,-0.00138980143838521,-0.0013888361116221049,1.584962500721156,1.0,0.14231580541113903,0,0,-0.0,-0.0013888361116221049,-0.0
2015-03-12,8776.0,173900,0.00870342200550124,0.008741406902360804,1.584962500721156,1.0,0.14278751370418524,0,0,0.0,0.008741406902360804,0.0
2015-03-13,8647.75,179200,-0.014721551472009752,-0.014613719234275346,1.584962500721156,1.0,0.1447067996471827,0,0,-0.0,-0.014613719234275346,-0.0
2015-03-16,8633.150390625,163300,-0.0016896819631506011,-0.0016882552542568652,1.584962500721156,1.0,0.14396553601642434,0,0,-0.0,-0.0016882552542568652,-0.0
2015-03-17,8723.2998046875,177000,0.01038809476984804,0.010442238346779709,1.584962500721156,1.0,0.14171452857316486,0,0,0.0,0.010442238346779709,0.0
2015-03-18,8685.900390625,156400,-0.0042965180681336585,-0.004287301239194297,1.584962500721156,1.0,0.14194327925447725,0,0,-0.0,-0.004287301239194297,-0.0
2015-03-19,8634.650390625,163500,-0.005917842938767325,-0.00590036699653107,1.584962500721156,1.0,0.14232866471904382,0,0,-0.0,-0.00590036699653107,-0.0
2015-03-20,8570.900390625,174600,-0.0074104331263360745,-0.0073830435647072035,1.584962500721156,1.0,0.14292359534878601,0,0,-0.0,-0.0073830435647072035,-0.0
2015-03-23,8550.900390625,150700,-0.002336203925268819,-0.002333477124745964,1.584962500721156,1.0,0.14298855130436133,0,0,-0.0,-0.002333477124745964,-0.0
2015-03-24,8542.9501953125,156700,-0.0009301819792756467,-0.000929749494125387,1.584962500721156,1.0,0.14296485964740466,0,0,-0.0,-0.000929749494125387,-0.0
2015-03-25,8530.7998046875,161000,-0.0014232834235154116,-0.0014222710360253243,1.584962500721156,1.0,0.14294128156602984,0,0,-0.0,-0.0014222710360253243,-0.0
2015-03-26,8342.150390625,280100,-0.022362097108321904,-0.022113918786236364,1.584962500721156,1.0,0.14775454086102136,0,0,-0.0,-0.022113918786236364,-0.0
2015-03-27,8341.400390625,193000,-8.990891811211022e-05,-8.990487642646094e-05,1.584962500721156,1.0,0.14761097954287825,0,0,-0.0,-8.990487642646094e-05,-0.0
2015-03-30,8492.2998046875,134700,0.017928732765285012,0.018090417315550278,1.584962500721156,1.0,0.15043849037433807,0,0,0.0,0.018090417315550278,0.0
2015-03-31,8491.0,167200,-0.00015306856794447524,-0.0001530568535489385,1.584962500721156,1.0,0.1504349340513103,0,0,-0.0,-0.0001530568535489385,-0.0
2015-04-01,8586.25,125500,0.011155307528727893,0.011217759981156483,1.584962500721156,1.0,0.1512960359687366,0,0,0.0,0.011217759981156483,0.0
2015-04-06,8659.900390625,146900,0.008541133724940244,0.00857771327704171,1.584962500721156,1.0,0.15189142337888842,0,0,0.0,0.00857771327704171,0.0
2015-04-07,8660.2998046875,148700,4.6121183134830896e-05,4.612224673294918e-05,1.584962500721156,1.0,0.15119242775018227,0,0,0.0,4.612224673294918e-05,0.0
2015-04-08,8714.400390625,148200,0.006227533157299894,0.006246964557533818,1.584962500721156,1.0,0.15119448824790593,0,0,0.0,0.006246964557533818,0.0
2015-04-09,8778.2998046875,152700,0.007305870171212896,0.007332623152276119,1.584962500721156,1.0,0.15101944323661298,0,0,0.0,0.007332623152276119,0.0
2015-04-10,8780.349609375,139000,0.00023348090715570997,0.0002335081659441407,1.584962500721156,1.0,0.1510084736463401,0,0,0.0,0.0002335081659441407,0.0
2015-04-13,8834.0,121600,0.0060916874846368065,0.006110279546012176,1.584962500721156,1.0,0.15128138610806574,0,0,0.0,0.006110279546012176,0.0
2015-04-16,8706.7001953125,142900,-0.014515046525185486,-0.014410211080767454,1.584962500721156,1.0,0.15225568184342606,0,0,-0.0,-0.014410211080767454,-0.0
2015-04-17,8606.0,150400,-0.011633232232741262,-0.01156582781691673,1.584962500721156,1.0,0.1533932379107799,0,0,-0.0,-0.01156582781691673,-0.0
2015-04-20,8448.099609375,148900,-0.01851811663955681,-0.01834770981001632,1.584962500721156,1.0,0.1564006735127843,0,0,-0.0,-0.01834770981001632,-0.0
2015-04-21,8377.75,407800,-0.008362135754524264,-0.008327270348106652,1.584962500721156,1.0,0.1569839306417204,0,0,-0.0,-0.008327270348106652,-0.0
2015-04-22,8429.7001953125,171800,0.006181825339152998,0.006200972255378856,1.584962500721156,1.0,0.15725071942847318,0,0,0.0,0.006200972255378856,0.0
2015-04-23,8398.2998046875,156000,-0.003731926202576211,-0.0037249712205020824,1.584962500721156,1.0,0.15729002741875994,0,0,-0.0,-0.0037249712205020824,-0.0
2015-04-24,8305.25,173600,-0.011141436198728826,-0.011079600258562361,1.584962500721156,1.0,0.15715884677912717,0,0,-0.0,-0.011079600258562361,-0.0
2015-04-27,8213.7998046875,171500,-0.011072202173819238,-0.011011130948797465,1.584962500721156,1.0,0.15704693577350926,0,0,-0.0,-0.011011130948797465,-0.0
2015-04-28,8285.599609375,174600,0.008703378361128562,0.008741362876475867,1.584962500721156,1.0,0.1577158968784395,0,0,0.0,0.008741362876475867,0.0
2015-04-29,8239.75,160400,-0.0055490174921902485,-0.005533650132347967,1.584962500721156,1.0,0.15748498692811122,0,0,-0.0,-0.005533650132347967,-0.0
2015-04-30,8181.5,267700,-0.007094495768480639,-0.007069389241178392,1.584962500721156,1.0,0.15731487225750135,0,0,-0.0,-0.007069389241178392,-0.0
2015-05-04,8331.9501953125,131700,0.018222037975143816,0.01838907233545184,1.584962500721156,1.0,0.16025709536877616,0,0,0.0,0.01838907233545184,0.0
2015-05-05,8324.7998046875,155500,-0.0008585577695799613,-0.0008581893143123631,1.584962500721156,1.0,0.15707564815254219,0,0,-0.0,-0.0008581893143123631,-0.0
2015-05-06,8097.0,209600,-0.027745365388399824,-0.02736399793773192,1.584962500721156,1.0,0.16376440437363937,0,0,-0.0,-0.02736399793773192,-0.0
2015-05-07,8057.2998046875,161600,-0.004915134139810429,-0.004903074634123761,1.584962500721156,1.0,0.16173944749422586,0,0,-0.0,-0.004903074634123761,-0.0
2015-05-08,8191.5,183100,0.01651854271401412,0.01665572816769534,1.584962500721156,1.0,0.16356488325326943,0,0,0.0,0.01665572816769534,0.0
2015-05-11,8325.25,192000,0.016196034167464263,0.01632790087285607,1.584962500721156,1.0,0.16459964685875136,0,0,0.0,0.01632790087285607,0.0
2015-05-12,8126.9501953125,173400,-0.024107341992543527,-0.02381908107113906,1.584962500721156,1.0,0.16910268847852145,0,0,-0.0,-0.02381908107113906,-0.0
2015-05-13,8235.4501953125,169800,0.013262307208340643,0.013350641678914421,1.584962500721156,1.0,0.16952743142429222,0,0,0.0,0.013350641678914421,0.0
2015-05-14,8224.2001953125,134800,-0.0013669794296785854,-0.0013660455388829762,1.584962500721156,1.0,0.16945930230365025,0,0,-0.0,-0.0013660455388829762,-0.0
2015-05-15,8262.349609375,129800,0.004627952191887896,0.004638677701966021,1.584962500721156,1.0,0.1693817501043836,0,0,0.0,0.004638677701966021,0.0
2015-05-18,8373.650390625,148700,0.013380913913783618,0.013470838987944989,1.584962500721156,1.0,0.1708506509163733,0,0,0.0,0.013470838987944989,0.0
2015-05-19,8365.650390625,140300,-0.0009558345015271625,-0.0009553778372400901,1.584962500721156,1.0,0.17072604489369342,0,0,-0.0,-0.0009553778372400901,-0.0
2015-05-20,8423.25,123600,0.006861656693210339,0.006885251795789804,1.584962500721156,1.0,0.1696049601715616,0,0,0.0,0.006885251795789804,0.0
2015-05-21,8421.0,143800,-0.0002671534812630433,-0.00026711779894939003,1.584962500721156,1.0,0.16956968376231069,0,0,-0.0,-0.00026711779894939003,-0.0
2015-05-22,8458.9501953125,187300,0.004496489481834225,0.004506613859696085,1.584962500721156,1.0,0.16168208467897083,0,0,0.0,0.004506613859696085,0.0
2015-05-25,8370.25,121300,-0.010541322896106728,-0.010485957862909845,1.584962500721156,1.0,0.16262001811564297,0,0,-0.0,-0.010485957862909845,-0.0
2015-05-26,8339.349609375,116800,-0.003698523791285403,-0.0036916926764433144,1.584962500721156,1.0,0.16052187494188275,0,0,-0.0,-0.0036916926764433144,-0.0
2015-05-27,8334.599609375,165500,-0.0005697510609127147,-0.0005695887835976965,1.584962500721156,1.0,0.16021462233045114,0,0,-0.0,-0.0005695887835976965,-0.0
2015-05-28,8319.0,232300,-0.0018734224796336696,-0.00187166871908917,1.584962500721156,1.0,0.16005915074976562,0,0,-0.0,-0.00187166871908917,-0.0
2015-05-29,8433.650390625,363900,0.01368764678319723,0.013781751487558669,1.584962500721156,1.0,0.16161215247281657,0,0,0.0,0.013781751487558669,0.0
2015-06-01,8433.400390625,122200,-2.9643593685729908e-05,-2.964315431874809e-05,1.584962500721156,1.0,0.1615424601550458,0,0,-0.0,-2.964315431874809e-05,-0.0
2015-06-02,8236.4501953125,146800,-0.02363060893126965,-0.023353592405198742,1.584962500721156,1.0,0.16052703709700347,0,0,-0.0,-0.023353592405198742,-0.0
2015-06-03,8135.10009765625,171400,-0.012381404397236432,-0.012305070176218624,1.584962500721156,1.0,0.16171766068935362,0,0,-0.0,-0.012305070176218624,-0.0
2015-06-04,8130.64990234375,154700,-0.0005471860103022912,-0.0005470363313393456,1.584962500721156,1.0,0.16151097387734378,0,0,-0.0,-0.0005470363313393456,-0.0
2015-06-05,8114.7001953125,162100,-0.001963603376990351,-0.001961676769116849,1.584962500721156,1.0,0.15882890731961977,0,0,-0.0,-0.001961676769116849,-0.0
2015-06-08,8044.14990234375,135900,-0.008732148739867544,-0.008694134258897646,1.584962500721156,1.0,0.15918456499331995,0,0,-0.0,-0.008694134258897646,-0.0
2015-06-09,8022.39990234375,136000,-0.0027074902267056862,-0.0027038282806817193,1.584962500721156,1.0,0.15902465976701946,0,0,-0.0,-0.0027038282806817193,-0.0
2015-06-10,8124.4501953125,136800,0.012640440848079765,0.012720668903445809,1.584962500721156,1.0,0.15988325231207395,0,0,0.0,0.012720668903445809,0.0
2015-06-11,7965.35009765625,166200,-0.019777160752925255,-0.019582875620068996,1.584962500721156,1.0,0.16215529533913078,0,0,-0.0,-0.019582875620068996,-0.0
2015-06-12,7982.89990234375,136600,0.0022008448289133065,0.0022032684655837187,1.584962500721156,1.0,0.16223427661156595,0,0,0.0,0.0022032684655837187,0.0
2015-06-15,8013.89990234375,133000,0.0038757800540692557,0.003883300602441242,1.584962500721156,1.0,0.1621988232069718,0,0,0.0,0.003883300602441242,0.0
2015-06-16,8047.2998046875,124000,0.0041590853857635356,0.004167746384501569,1.584962500721156,1.0,0.16045924650464097,0,0,0.0,0.004167746384501569,0.0
2015-06-17,8091.5498046875,152500,0.005483675969067097,0.005498738840850059,1.584962500721156,1.0,0.1608249504325011,0,0,0.0,0.005498738840850059,0.0
2015-06-18,8174.60009765625,144800,0.010211514727058937,0.010263830165222254,1.584962500721156,1.0,0.16177100311488427,0,0,0.0,0.010263830165222254,0.0
2015-06-19,8224.9501953125,147100,0.006140443483030782,0.006159334653041526,1.584962500721156,1.0,0.1620998795091564,0,0,0.0,0.006159334653041526,0.0
2015-06-22,8353.099609375,122700,0.015460439332762258,0.015580570218593381,1.584962500721156,1.0,0.16432055924834782,0,0,0.0,0.015580570218593381,0.0
2015-06-23,8381.5498046875,131700,0.003400157603319678,0.003405944696333929,1.584962500721156,1.0,0.16419330932001863,0,0,0.0,0.003405944696333929,0.0
2015-06-24,8360.849609375,130100,-0.0024727884395158908,-0.002469733616678238,1.584962500721156,1.0,0.16218153416647338,0,0,-0.0,-0.002469733616678238,-0.0
2015-06-25,8398.0,201200,0.004433532413488122,0.00444337505883885,1.584962500721156,1.0,0.16216886344250872,0,0,0.0,0.00444337505883885,0.0
2015-06-26,8381.099609375,110600,-0.0020144580738723343,-0.0020124304149797823,1.584962500721156,1.0,0.16170819274046283,0,0,-0.0,-0.0020124304149797823,-0.0
2015-06-29,8318.400390625,132000,-0.007509148581665224,-0.00748102536329065,1.584962500721156,1.0,0.16125052211275037,0,0,-0.0,-0.00748102536329065,-0.0
2015-06-30,8368.5,158500,0.006004681365091595,0.006022745602803914,1.584962500721156,1.0,0.16051043292698425,0,0,0.0,0.006022745602803914,0.0
2015-07-01,8453.0498046875,131800,0.010052642911917523,0.01010334046573469,1.584962500721156,1.0,0.16148399674034333,0,0,0.0,0.01010334046573469,0.0
2015-07-02,8444.900390625,112000,-0.000964544764320111,-0.0009640797405430224,1.584962500721156,1.0,0.1610229618343857,0,0,-0.0,-0.0009640797405430224,-0.0
2015-07-03,8484.900390625,88400,0.004725404031422576,0.004736586359787687,1.584962500721156,1.0,0.16115942191292076,0,0,0.0,0.004736586359787687,0.0
2015-07-06,8522.150390625,101500,0.004380543110671768,0.004390151714822377,1.584962500721156,1.0,0.16099433163285942,0,0,0.0,0.004390151714822377,0.0
2015-07-07,8510.7998046875,122200,-0.001332779992604704,-0.0013318922357890006,1.584962500721156,1.0,0.160353055039265,0,0,-0.0,-0.0013318922357890006,-0.0
2015-07-08,8363.0498046875,188100,-0.017512752525573723,-0.01736029555278973,1.584962500721156,1.0,0.16290005076294323,0,0,-0.0,-0.01736029555278973,-0.0
2015-07-09,8328.5498046875,131300,-0.004133821795005965,-0.004125289314989233,1.584962500721156,1.0,0.16300087494967505,0,0,-0.0,-0.004125289314989233,-0.0
2015-07-10,8360.5498046875,154100,0.0038348430969963264,0.0038422055160178825,1.584962500721156,1.0,0.16244955595916502,0,0,0.0,0.0038422055160178825,0.0
2015-07-13,8459.650390625,117800,0.011783656733947193,0.011853357524637564,1.584962500721156,1.0,0.16066552497554787,0,0,0.0,0.011853357524637564,0.0
2015-07-14,8454.099609375,101700,-0.000656363189627265,-0.0006561478304294432,1.584962500721156,1.0,0.15913024181372723,0,0,-0.0,-0.0006561478304294432,-0.0
2015-07-15,8523.7998046875,105500,0.008210743295109776,0.008244543893853207,1.584962500721156,1.0,0.1595991358524138,0,0,0.0,0.008244543893853207,0.0
2015-07-16,8608.0498046875,116000,0.009835561378738018,0.009884089482447456,1.584962500721156,1.0,0.1600179312263542,0,0,0.0,0.009884089482447456,0.0
2015-07-17,8609.849609375,105000,0.00020906205231804127,0.00020908390731189108,1.584962500721156,1.0,0.1599823465507943,0,0,0.0,0.00020908390731189108,0.0
2015-07-20,8603.4501953125,90600,-0.0007435430080160121,-0.0007432666484129546,1.584962500721156,1.0,0.15634859443927365,0,0,-0.0,-0.0007432666484129546,-0.0
2015-07-21,8529.4501953125,164100,-0.008638404295993872,-0.00860120048586066,1.584962500721156,1.0,0.1567727995144623,0,0,-0.0,-0.00860120048586066,-0.0
2015-07-22,8633.5,136800,0.012125080858812433,0.012198887654526924,1.584962500721156,1.0,0.15811635755163575,0,0,0.0,0.012198887654526924,0.0
2015-07-23,8589.7998046875,132900,-0.005074554770036643,-0.005061700968610694,1.584962500721156,1.0,0.15762802607417611,0,0,-0.0,-0.005061700968610694,-0.0
2015-07-24,8521.5498046875,127400,-0.00797720384261551,-0.00794547038951432,1.584962500721156,1.0,0.15627156070009773,0,0,-0.0,-0.00794547038951432,-0.0
2015-07-27,8361.0,136600,-0.019020189089775028,-0.01884044667546103,1.584962500721156,1.0,0.15941006124510584,0,0,-0.0,-0.01884044667546103,-0.0
2015-07-28,8337.0,174600,-0.002874597739444469,-0.002870470039468942,1.584962500721156,1.0,0.15842080190547053,0,0,-0.0,-0.002870470039468942,-0.0
2015-07-29,8375.0498046875,141000,0.0045535850933296085,0.004563968416396724,1.584962500721156,1.0,0.15851293520512882,0,0,0.0,0.004563968416396724,0.0
2015-07-30,8421.7998046875,215200,0.005566534416230723,0.005582056356707721,1.584962500721156,1.0,0.1585468778418614,0,0,0.0,0.005582056356707721,0.0
2015-07-31,8532.849609375,203300,0.013099815871268341,0.013185994355469077,1.584962500721156,1.0,0.15964490021892366,0,0,0.0,0.013185994355469077,0.0
2015-08-03,8543.0498046875,156700,0.0011946892258352072,0.0011954031512864116,1.584962500721156,1.0,0.15961102113899442,0,0,0.0,0.0011954031512864116,0.0
2015-08-04,8516.900390625,187400,-0.0030655933038692055,-0.00306089917070973,1.584962500721156,1.0,0.15968585091449253,0,0,-0.0,-0.00306089917070973,-0.0
2015-08-05,8567.9501953125,132800,0.005976049525257857,0.005993941733038577,1.584962500721156,1.0,0.1599832959533026,0,0,0.0,0.005993941733038577,0.0
2015-08-06,8588.650390625,134900,0.0024130893825477714,0.002416003226048735,1.584962500721156,1.0,0.1554642978363352,0,0,0.0,0.002416003226048735,0.0
2015-08-07,8564.599609375,143700,-0.0028042262557410207,-0.002800298085977815,1.584962500721156,1.0,0.1555510604339185,0,0,-0.0,-0.002800298085977815,-0.0
2015-08-10,8525.599609375,123400,-0.004564027276617137,-0.004553627931107251,1.584962500721156,1.0,0.15286080245360947,0,0,-0.0,-0.004553627931107251,-0.0
2015-08-11,8462.349609375,154400,-0.00744648944425946,-0.007418833032042493,1.584962500721156,1.0,0.1533736812410767,0,0,-0.0,-0.007418833032042493,-0.0
2015-08-12,8349.4501953125,190000,-0.013431174840318333,-0.013341379081930671,1.584962500721156,1.0,0.15381051817104885,0,0,-0.0,-0.013341379081930671,-0.0
2015-08-13,8355.849609375,189200,0.0007661537895581861,0.0007664473603414823,1.584962500721156,1.0,0.15309211751323124,0,0,0.0,0.0007664473603414823,0.0
2015-08-14,8518.5498046875,155900,0.01928427002460754,0.01947141259339502,1.584962500721156,1.0,0.15659432780593702,0,0,0.0,0.01947141259339502,0.0
2015-08-17,8477.2998046875,174700,-0.004854135797220708,-0.004842373519645449,1.584962500721156,1.0,0.156407542165504,0,0,-0.0,-0.004842373519645449,-0.0
2015-08-18,8466.5498046875,153300,-0.001268897173926015,-0.0012680924643075908,1.584962500721156,1.0,0.15588313133951925,0,0,-0.0,-0.0012680924643075908,-0.0
2015-08-19,8495.150390625,130500,0.00337237573051901,0.0033780685872379923,1.584962500721156,1.0,0.15600778808249202,0,0,0.0,0.0033780685872379923,0.0
2015-08-20,8372.75,184100,-0.014513073495647132,-0.014408266481082843,1.584962500721156,1.0,0.1573962491967215,0,0,-0.0,-0.014408266481082843,-0.0
2015-08-21,8299.9501953125,201300,-0.008732870680242016,-0.008694849922367243,1.584962500721156,1.0,0.15624155209087345,0,0,-0.0,-0.008694849922367243,-0.0
2015-08-24,7809.0,312400,-0.0609725995392517,-0.05915098088055637,1.584962500721156,1.0,0.18528227261625457,0,0,-0.0,-0.05915098088055637,-0.0
2015-08-25,7880.7001953125,299100,0.009139842514835898,0.009181738418811536,1.584962500721156,1.0,0.18368490327073275,0,0,0.0,0.009181738418811536,0.0
2015-08-26,7791.85009765625,216600,-0.011338429020653107,-0.011274391291918318,1.584962500721156,1.0,0.1841001538894492,0,0,-0.0,-0.011274391291918318,-0.0
2015-08-27,7948.9501953125,305000,0.019961540867943228,0.02016210472317792,1.584962500721156,1.0,0.18700209236376858,0,0,0.0,0.02016210472317792,0.0
2015-08-28,8001.9501953125,195600,0.006645417343079588,0.006667547122292117,1.584962500721156,1.0,0.18732416895686632,0,0,0.0,0.006667547122292117,0.0
2015-08-31,7971.2998046875,198200,-0.0038377197180878234,-0.003830365083121179,1.584962500721156,1.0,0.1865505594990181,0,0,-0.0,-0.003830365083121179,-0.0
2015-09-01,7785.85009765625,184900,-0.02353957047024599,-0.023264675971940818,1.584962500721156,1.0,0.1896993726696902,0,0,-0.0,-0.023264675971940818,-0.0
2015-09-02,7717.0,215300,-0.008882308721944062,-0.0088429775544967,1.584962500721156,1.0,0.18954109070986766,0,0,-0.0,-0.0088429775544967,-0.0
2015-09-03,7823.0,155800,0.01364242522747763,0.013735907736166952,1.584962500721156,1.0,0.19089232797665148,0,0,0.0,0.013735907736166952,0.0
2015-09-04,7655.0498046875,193600,-0.021702577450189775,-0.021468770971813878,1.584962500721156,1.0,0.19384677376727816,0,0,-0.0,-0.021468770971813878,-0.0
2015-09-07,7558.7998046875,141400,-0.012653113658095735,-0.01257339958011272,1.584962500721156,1.0,0.19217316781625848,0,0,-0.0,-0.01257339958011272,-0.0
2015-09-08,7688.25,172200,0.016980767754825463,0.017125760525132927,1.584962500721156,1.0,0.19453580959730282,0,0,0.0,0.017125760525132927,0.0
2015-09-09,7818.60009765625,208400,0.016812333537542277,0.01695445617094271,1.584962500721156,1.0,0.19137760687677452,0,0,0.0,0.01695445617094271,0.0
2015-09-10,7788.10009765625,160300,-0.003908582653268309,-0.0039009540862875447,1.584962500721156,1.0,0.19131760183434585,0,0,-0.0,-0.0039009540862875447,-0.0
2015-09-11,7789.2998046875,136400,0.00015403174356981987,0.00015404360706794407,1.584962500721156,1.0,0.18917314319767053,0,0,0.0,0.00015404360706794407,0.0
2015-09-14,7872.25,122800,0.010592945398427487,0.010649249276883932,1.584962500721156,1.0,0.1879966370635499,0,0,0.0,0.010649249276883932,0.0
2015-09-15,7829.10009765625,136500,-0.00549634403468119,-0.005481266771729776,1.584962500721156,1.0,0.18394931811693463,0,0,-0.0,-0.005481266771729776,-0.0
2015-09-16,7899.14990234375,140000,0.008907573043561995,0.008947363530129149,1.584962500721156,1.0,0.1831752270416938,0,0,0.0,0.008947363530129149,0.0
2015-09-18,7981.89990234375,241800,0.010421319740291772,0.010475810818002973,1.584962500721156,1.0,0.1840704585933993,0,0,0.0,0.010475810818002973,0.0
2015-09-21,7977.10009765625,121800,-0.0006015169913181517,-0.0006013361162410247,1.584962500721156,1.0,0.18387934584044152,0,0,-0.0,-0.0006013361162410247,-0.0
2015-09-22,7812.0,168400,-0.020913936119176794,-0.02069675641963653,1.584962500721156,1.0,0.18555400093061675,0,0,-0.0,-0.02069675641963653,-0.0
2015-09-23,7845.9501953125,146700,0.004336486972064778,0.004345903137800811,1.584962500721156,1.0,0.18575032972478045,0,0,0.0,0.004345903137800811,0.0
2015-09-24,7868.5,202500,0.0028699470722847766,0.002874069312977845,1.584962500721156,1.0,0.18540923587248434,0,0,0.0,0.002874069312977845,0.0
2015-09-28,7795.7001953125,136300,-0.009295122372462671,-0.009252056260723118,1.584962500721156,1.0,0.18595632361874728,0,0,-0.0,-0.009252056260723118,-0.0
2015-09-29,7843.2998046875,240700,0.006087314580231289,0.006105879931557867,1.584962500721156,1.0,0.1861049999999136,0,0,0.0,0.006105879931557867,0.0
2015-09-30,7948.89990234375,210700,0.01337390276102144,0.013463733413981993,1.584962500721156,1.0,0.18687588099785143,0,0,0.0,0.013463733413981993,0.0
2015-10-01,7950.89990234375,156900,0.0002515754959328041,0.00025160714370175974,1.584962500721156,1.0,0.18680575170960936,0,0,0.0,0.00025160714370175974,0.0
2015-10-05,8119.2998046875,183100,0.02095880198216427,0.02117998017986733,1.584962500721156,1.0,0.19023480980337243,0,0,0.0,0.02117998017986733,0.0
2015-10-06,8152.89990234375,178500,0.004129760698013392,0.004138299910646515,1.584962500721156,1.0,0.19035857624223165,0,0,0.0,0.004138299910646515,0.0
2015-10-07,8177.39990234375,193900,0.003000559533489925,0.0030050657181448504,1.584962500721156,1.0,0.1889821312110783,0,0,0.0,0.0030050657181448504,0.0
2015-10-08,8129.35009765625,171700,-0.00589325816039762,-0.005875926976951273,1.584962500721156,1.0,0.1892091851747281,0,0,-0.0,-0.005875926976951273,-0.0
2015-10-09,8189.7001953125,199700,0.007396309429230271,0.00742372968703231,1.584962500721156,1.0,0.18551363019942313,0,0,0.0,0.00742372968703231,0.0
2015-10-12,8143.60009765625,199100,-0.005644936325841478,-0.005629033610123568,1.584962500721156,1.0,0.1845872606720082,0,0,-0.0,-0.005629033610123568,-0.0
2015-10-13,8131.7001953125,145900,-0.0014623268695636497,-0.0014612581906097155,1.584962500721156,1.0,0.1846014561380519,0,0,-0.0,-0.0014612581906097155,-0.0
2015-10-14,8107.89990234375,138900,-0.002931144839264699,-0.002926853228365389,1.584962500721156,1.0,0.18463771406556223,0,0,-0.0,-0.002926853228365389,-0.0
2015-10-15,8179.5,167200,0.008792141080753622,0.008830905477206663,1.584962500721156,1.0,0.1846221142573377,0,0,0.0,0.008830905477206663,0.0
2015-10-16,8238.150390625,156400,0.007144827515608405,0.007170412693318751,1.584962500721156,1.0,0.1849208296798965,0,0,0.0,0.007170412693318751,0.0
2015-10-19,8275.0498046875,124500,0.00446908837067067,0.004479089639404021,1.584962500721156,1.0,0.18387875475999507,0,0,0.0,0.004479089639404021,0.0
2015-10-20,8261.650390625,155100,-0.0016205672034621203,-0.0016192547934769097,1.584962500721156,1.0,0.18077608164378356,0,0,-0.0,-0.0016192547934769097,-0.0
2015-10-21,8251.7001953125,144800,-0.0012051093404612868,-0.001204383487806604,1.584962500721156,1.0,0.18077016147578562,0,0,-0.0,-0.001204383487806604,-0.0
2015-10-23,8295.4501953125,152000,0.005287931868963474,0.005301937657024025,1.584962500721156,1.0,0.18086317084068754,0,0,0.0,0.005301937657024025,0.0
2015-10-26,8260.5498046875,133900,-0.004216047634858218,-0.004207172582956553,1.584962500721156,1.0,0.18091110215489253,0,0,-0.0,-0.004207172582956553,-0.0
2015-10-27,8232.900390625,156700,-0.003352778179937369,-0.0033471638954116756,1.584962500721156,1.0,0.18079711582630995,0,0,-0.0,-0.0033471638954116756,-0.0
2015-10-28,8171.2001953125,188900,-0.007522568634822207,-0.007494344931314734,1.584962500721156,1.0,0.18044945606093643,0,0,-0.0,-0.007494344931314734,-0.0
2015-10-29,8111.75,217500,-0.0073021729802976425,-0.00727557689096936,1.584962500721156,1.0,0.1805552195036665,0,0,-0.0,-0.00727557689096936,-0.0
2015-10-30,8065.7998046875,199500,-0.005680751342262694,-0.005664646384873739,1.584962500721156,1.0,0.17883588634625425,0,0,-0.0,-0.005664646384873739,-0.0
2015-11-02,8050.7998046875,136100,-0.0018614353765358403,-0.0018597039801661053,1.584962500721156,1.0,0.17873693557619413,0,0,-0.0,-0.0018597039801661053,-0.0
2015-11-03,8060.7001953125,132500,0.0012289844981697455,0.0012297400090901522,1.584962500721156,1.0,0.17872549314278344,0,0,0.0,0.0012297400090901522,0.0
2015-11-04,8040.2001953125,122100,-0.0025464428174963505,-0.0025432033822472278,1.584962500721156,1.0,0.1785718818540819,0,0,-0.0,-0.0025432033822472278,-0.0
2015-11-05,7955.4501953125,132100,-0.010596729858654794,-0.010540782311541208,1.584962500721156,1.0,0.17935591563791875,0,0,-0.0,-0.010540782311541208,-0.0
2015-11-06,7954.2998046875,219500,-0.00014461454479229208,-0.00014460408861305396,1.584962500721156,1.0,0.1789731585641238,0,0,-0.0,-0.00014460408861305396,-0.0
2015-11-09,7915.2001953125,211800,-0.004927652224989373,-0.004915531264230055,1.584962500721156,1.0,0.1787834025170714,0,0,-0.0,-0.004915531264230055,-0.0
2015-11-10,7783.35009765625,165200,-0.016798136847989233,-0.01665783484975325,1.584962500721156,1.0,0.1798876737730278,0,0,-0.0,-0.01665783484975325,-0.0
2015-11-13,7762.25,160900,-0.0027146086971354118,-0.002710927478722036,1.584962500721156,1.0,0.17991281455865193,0,0,-0.0,-0.002710927478722036,-0.0
2015-11-16,7806.60009765625,149500,0.005697301642988936,0.005713562131630656,1.584962500721156,1.0,0.180006744013137,0,0,0.0,0.005713562131630656,0.0
2015-11-17,7837.5498046875,145000,0.0039567183391247835,0.00396455648349936,1.584962500721156,1.0,0.17997276253812172,0,0,0.0,0.00396455648349936,0.0
2015-11-18,7731.7998046875,143600,-0.013584591382027576,-0.01349273722468125,1.584962500721156,1.0,0.1812137056193854,0,0,-0.0,-0.01349273722468125,-0.0
2015-11-19,7842.75,132600,0.014247868942778304,0.014349853606560714,1.584962500721156,1.0,0.18084496383490137,0,0,0.0,0.014349853606560714,0.0
2015-11-20,7856.5498046875,151900,0.0017580157603643014,0.0017595619760288894,1.584962500721156,1.0,0.18079819487742102,0,0,0.0,0.0017595619760288894,0.0
2015-11-23,7849.25,127000,-0.0009295680963622142,-0.0009291361817810317,1.584962500721156,1.0,0.18063939318963643,0,0,-0.0,-0.0009291361817810317,-0.0
2015-11-24,7831.60009765625,130600,-0.0022511419581774496,-0.002248610038379506,1.584962500721156,1.0,0.17941530761543623,0,0,-0.0,-0.002248610038379506,-0.0
2015-11-26,7883.7998046875,219800,0.006643152490718722,0.006665267171503286,1.584962500721156,1.0,0.17985367247475323,0,0,0.0,0.006665267171503286,0.0
2015-11-27,7942.7001953125,150300,0.007443296061827621,0.0074710662477730505,1.584962500721156,1.0,0.17974964877620445,0,0,0.0,0.0074710662477730505,0.0
2015-11-30,7935.25,216300,-0.000938432954834984,-0.0009379927643368147,1.584962500721156,1.0,0.178849099670596,0,0,-0.0,-0.0009379927643368147,-0.0
2015-12-01,7954.89990234375,138600,0.0024732192560477395,0.0024762801857218797,1.584962500721156,1.0,0.1789291174138087,0,0,0.0,0.0024762801857218797,0.0
2015-12-02,7931.35009765625,126300,-0.0029648056574549755,-0.00296041496142041,1.584962500721156,1.0,0.17896295472209597,0,0,-0.0,-0.00296041496142041,-0.0
2015-12-03,7864.14990234375,125700,-0.008508828559286395,-0.008472730932953976,1.584962500721156,1.0,0.17894722876355904,0,0,-0.0,-0.008472730932953976,-0.0
2015-12-04,7781.89990234375,152500,-0.010513932743920033,-0.010458854551524621,1.584962500721156,1.0,0.17828916645683904,0,0,-0.0,-0.010458854551524621,-0.0
2015-12-07,7765.39990234375,137600,-0.0021225558652615325,-0.0021203048364873966,1.584962500721156,1.0,0.17817375026682683,0,0,-0.0,-0.0021203048364873966,-0.0
2015-12-08,7701.7001953125,135100,-0.008236846826399094,-0.00820301695113268,1.584962500721156,1.0,0.17820256692378406,0,0,-0.0,-0.00820301695113268,-0.0
2015-12-09,7612.5,140000,-0.011649476035916928,-0.011581883616657795,1.584962500721156,1.0,0.1765256000858824,0,0,-0.0,-0.011581883616657795,-0.0
2015-12-10,7683.2998046875,140800,0.009257483913935133,0.00930046695402309,1.584962500721156,1.0,0.17733446394380223,0,0,0.0,0.00930046695402309,0.0
2015-12-11,7610.4501953125,167800,-0.009526788440796045,-0.00948155235730297,1.584962500721156,1.0,0.1776716197144329,0,0,-0.0,-0.00948155235730297,-0.0
2015-12-14,7650.0498046875,148900,0.0051898297247641055,0.005203320218742258,1.584962500721156,1.0,0.1776329299666585,0,0,0.0,0.005203320218742258,0.0
2015-12-15,7700.89990234375,134300,0.006625034231155874,0.006647028314128445,1.584962500721156,1.0,0.17649749422882205,0,0,0.0,0.006647028314128445,0.0
2015-12-16,7750.89990234375,154300,0.006471760590641962,0.006492747683265243,1.584962500721156,1.0,0.17691552459777357,0,0,0.0,0.006492747683265243,0.0
2015-12-17,7844.35009765625,175900,0.011984586823973591,0.012056689737954374,1.584962500721156,1.0,0.17822513916853683,0,0,0.0,0.012056689737954374,0.0
2015-12-18,7761.9501953125,191400,-0.010559923429662535,-0.010504363180879661,1.584962500721156,1.0,0.17856268210782125,0,0,-0.0,-0.010504363180879661,-0.0
2015-12-21,7834.4501953125,126300,0.009297083993681328,0.009340436124388285,1.584962500721156,1.0,0.1793158817938298,0,0,0.0,0.009340436124388285,0.0
2015-12-22,7786.10009765625,125700,-0.006190595230165718,-0.006171472975241898,1.584962500721156,1.0,0.17950065866768872,0,0,-0.0,-0.006171472975241898,-0.0
2015-12-23,7865.9501953125,117900,0.010203237135106905,0.01025546764808305,1.584962500721156,1.0,0.18038283068753203,0,0,0.0,0.01025546764808305,0.0
2015-12-24,7861.0498046875,93500,-0.0006231818889286995,-0.0006229877514251081,1.584962500721156,1.0,0.18004213257778515,0,0,-0.0,-0.0006229877514251081,-0.0
2015-12-28,7925.14990234375,122900,0.008121074246974173,0.008154139618607559,1.584962500721156,1.0,0.17937799205792807,0,0,0.0,0.008154139618607559,0.0
2015-12-29,7928.9501953125,113000,0.0004794082310730862,0.0004795231655652099,1.584962500721156,1.0,0.17937254297338648,0,0,0.0,0.0004795231655652099,0.0
2015-12-30,7896.25,106800,-0.004132679706995248,-0.004124151937772491,1.584962500721156,1.0,0.1762820912971,0,0,-0.0,-0.004124151937772491,-0.0
2015-12-31,7946.35009765625,150900,0.006324752800432643,0.006344796283837217,1.584962500721156,1.0,0.17655410190168186,0,0,0.0,0.006344796283837217,0.0
2016-01-04,7791.2998046875,134700,-0.019705014523420224,-0.01951213966956744,1.584962500721156,1.0,0.17938921443991074,0,0,-0.0,-0.01951213966956744,-0.0
2016-01-05,7784.64990234375,145200,-0.0008538680302466864,-0.0008535035886758635,1.584962500721156,1.0,0.17924198345679002,0,0,-0.0,-0.0008535035886758635,-0.0
2016-01-06,7741.0,147100,-0.005622955254962513,-0.005607176031205752,1.584962500721156,1.0,0.17795278768615752,0,0,-0.0,-0.005607176031205752,-0.0
2016-01-07,7568.2998046875,188900,-0.022562432473354942,-0.022309804329221028,1.584962500721156,1.0,0.18115840630374255,0,0,-0.0,-0.022309804329221028,-0.0
2016-01-08,7601.35009765625,157400,0.004357430194614917,0.004366937597831466,1.584962500721156,1.0,0.15030232364465254,0,0,0.0,0.004366937597831466,0.0
2016-01-11,7563.85009765625,189000,-0.00494554321070581,-0.00493333414699082,1.584962500721156,1.0,0.1496441875549491,0,0,-0.0,-0.00493333414699082,-0.0
2016-01-12,7510.2998046875,163900,-0.007104947023205757,-0.007079766557687717,1.584962500721156,1.0,0.14893847908678526,0,0,-0.0,-0.007079766557687717,-0.0
2016-01-13,7562.39990234375,215200,0.00691320150571891,0.006937152844914696,1.584962500721156,1.0,0.14544479262864998,0,0,0.0,0.006937152844914696,0.0
2016-01-14,7536.7998046875,200800,-0.0033909243778356985,-0.003385181686611949,1.584962500721156,1.0,0.14500707934004914,0,0,-0.0,-0.003385181686611949,-0.0
2016-01-15,7437.7998046875,197500,-0.013222582904531205,-0.013135548583687595,1.584962500721156,1.0,0.14643175620491272,0,0,-0.0,-0.013135548583687595,-0.0
2016-01-18,7351.0,233600,-0.01173872154132596,-0.01167009155487031,1.584962500721156,1.0,0.14251504639584506,0,0,-0.0,-0.01167009155487031,-0.0
2016-01-19,7435.10009765625,188300,0.011375684463334866,0.011440633608522655,1.584962500721156,1.0,0.14322675568453838,0,0,0.0,0.011440633608522655,0.0
2016-01-20,7309.2998046875,225600,-0.017064559633827973,-0.01691978471256972,1.584962500721156,1.0,0.1439092660946342,0,0,-0.0,-0.01691978471256972,-0.0
2016-01-21,7276.7998046875,240700,-0.004456304927870771,-0.004446390334017725,1.584962500721156,1.0,0.13963104880313357,0,0,-0.0,-0.004446390334017725,-0.0
2016-01-22,7422.4501953125,229200,0.019818039378412727,0.020015720445019758,1.584962500721156,1.0,0.14221793699524501,0,0,0.0,0.020015720445019758,0.0
2016-01-25,7436.14990234375,163200,0.0018440109866640082,0.0018457122204607046,1.584962500721156,1.0,0.13926443347886752,0,0,0.0,0.0018457122204607046,0.0
2016-01-27,7437.75,187600,0.00021515509354344282,0.00021517824106065397,1.584962500721156,1.0,0.1362017048282758,0,0,0.0,0.00021517824106065397,0.0
2016-01-28,7424.64990234375,274500,-0.0017628513745914778,-0.001761298464757477,1.584962500721156,1.0,0.13609939226225565,0,0,-0.0,-0.001761298464757477,-0.0
2016-01-29,7563.5498046875,298700,0.018535098493895702,0.018707939656508632,1.584962500721156,1.0,0.13978687221974964,0,0,0.0,0.018707939656508632,0.0
2016-02-01,7555.9501953125,200400,-0.001005272663116682,-0.0010047675458274563,1.584962500721156,1.0,0.13856340228353195,0,0,-0.0,-0.0010047675458274563,-0.0
2016-02-02,7455.5498046875,230200,-0.013376662920665904,-0.013287592960483763,1.584962500721156,1.0,0.13999513899476954,0,0,-0.0,-0.013287592960483763,-0.0
2016-02-03,7361.7998046875,192000,-0.012654253761286621,-0.01257452534768888,1.584962500721156,1.0,0.14052197453918078,0,0,-0.0,-0.01257452534768888,-0.0
2016-02-04,7404.0,222700,0.00571595318480905,0.005732320415128722,1.584962500721156,1.0,0.13967774594785615,0,0,0.0,0.005732320415128722,0.0
2016-02-05,7489.10009765625,249800,0.011428248424226505,0.011493800331746407,1.584962500721156,1.0,0.14117714309354262,0,0,0.0,0.011493800331746407,0.0
2016-02-08,7387.25,171500,-0.013693101923425259,-0.013599777854234385,1.584962500721156,1.0,0.13874605573119472,0,0,-0.0,-0.013599777854234385,-0.0
2016-02-09,7298.2001953125,212100,-0.012127772043135017,-0.012054527014450533,1.584962500721156,1.0,0.13981143651254022,0,0,-0.0,-0.012054527014450533,-0.0
2016-02-10,7215.7001953125,246900,-0.011368534484495037,-0.011304156886925099,1.584962500721156,1.0,0.14077872623821436,0,0,-0.0,-0.011304156886925099,-0.0
2016-02-11,6976.35009765625,292300,-0.03373336331978199,-0.03317073758299127,1.584962500721156,1.0,0.15047949968350605,0,0,-0.0,-0.03317073758299127,-0.0
2016-02-12,6980.9501953125,333900,0.0006591672782349067,0.0006593845767279838,1.584962500721156,1.0,0.15000511558615554,0,0,0.0,0.0006593845767279838,0.0
2016-02-15,7162.9501953125,354200,0.02573689591661371,0.02607094949942601,1.584962500721156,1.0,0.15477860853812636,0,0,0.0,0.02607094949942601,0.0
2016-02-16,7048.25,253800,-0.01614257549907488,-0.016012982386442,1.584962500721156,1.0,0.1567744147349154,0,0,-0.0,-0.016012982386442,-0.0
2016-02-17,7108.4501953125,260000,0.008504885651830765,0.008541154940942874,1.584962500721156,1.0,0.15310106403964593,0,0,0.0,0.008541154940942874,0.0
2016-02-18,7191.75,246700,0.011650291007518507,0.011718419964794835,1.584962500721156,1.0,0.15439266495651682,0,0,0.0,0.011718419964794835,0.0
2016-02-19,7210.75,192300,0.002638432358562314,0.0026419160844022294,1.584962500721156,1.0,0.15436466802822163,0,0,0.0,0.0026419160844022294,0.0
2016-02-22,7234.5498046875,154400,0.0032951654232690796,0.0033006004489823937,1.584962500721156,1.0,0.1543727069767322,0,0,0.0,0.0033006004489823937,0.0
2016-02-23,7109.5498046875,194400,-0.017429210300505937,-0.017278200216274464,1.584962500721156,1.0,0.15599559305664343,0,0,-0.0,-0.017278200216274464,-0.0
2016-02-24,7018.7001953125,199700,-0.0128608796700014,-0.012778531956425754,1.584962500721156,1.0,0.15699322661139517,0,0,-0.0,-0.012778531956425754,-0.0
2016-02-25,6970.60009765625,283100,-0.006876725240095017,-0.006853134671341854,1.584962500721156,1.0,0.15723597016495575,0,0,-0.0,-0.006853134671341854,-0.0
2016-02-26,7029.75,206700,0.008449825021575584,0.008485625558068977,1.584962500721156,1.0,0.15813678584631188,0,0,0.0,0.008485625558068977,0.0
2016-02-29,6987.0498046875,473400,-0.006092735574228962,-0.006074212498666354,1.584962500721156,1.0,0.15733043459405419,0,0,-0.0,-0.006074212498666354,-0.0
2016-03-01,7222.2998046875,275100,0.03311502695088197,0.03366943224623564,1.584962500721156,1.0,0.16718129435901982,0,0,0.0,0.03366943224623564,0.0
2016-03-02,7368.85009765625,338500,0.02008823459754814,0.020291361052837242,1.584962500721156,1.0,0.17075506903587961,0,0,0.0,0.020291361052837242,0.0
2016-03-03,7475.60009765625,278600,0.014382727390574045,0.014486656477644022,1.584962500721156,1.0,0.17275506794997983,0,0,0.0,0.014486656477644022,0.0
2016-03-04,7485.35009765625,281700,0.0013033933343828406,0.0013042431206367056,1.584962500721156,1.0,0.17280218255065205,0,0,0.0,0.0013042431206367056,0.0
2016-03-08,7485.2998046875,257000,-6.718875810813698e-06,-6.71885323921817e-06,1.584962500721156,1.0,0.17247627736085547,0,0,-0.0,-6.71885323921817e-06,-0.0
2016-03-09,7531.7998046875,245100,0.006192960002448895,0.006212176026787919,1.584962500721156,1.0,0.17283005830795545,0,0,0.0,0.006212176026787919,0.0
2016-03-10,7486.14990234375,224700,-0.006079397498643517,-0.006060955352974129,1.584962500721156,1.0,0.17299413142947453,0,0,-0.0,-0.006060955352974129,-0.0
2016-03-11,7510.2001953125,198700,0.0032074889464729544,0.0032126384433233124,1.584962500721156,1.0,0.1727901717520115,0,0,0.0,0.0032126384433233124,0.0
2016-03-14,7538.75,166900,0.0037942631968658764,0.0038014705260878134,1.584962500721156,1.0,0.17263038606630315,0,0,0.0,0.0038014705260878134,0.0
2016-03-15,7460.60009765625,193700,-0.010420532757604035,-0.010366427105786724,1.584962500721156,1.0,0.1731900199557777,0,0,-0.0,-0.010366427105786724,-0.0
2016-03-16,7498.75,195400,0.005100486959710426,0.005113516586384925,1.584962500721156,1.0,0.17346836757105677,0,0,0.0,0.005113516586384925,0.0
2016-03-17,7512.5498046875,239600,0.0018385894298917032,0.0018402806717785491,1.584962500721156,1.0,0.1734914476742715,0,0,0.0,0.0018402806717785491,0.0
2016-03-18,7604.35009765625,237400,0.012145535400108631,0.012219591930221929,1.584962500721156,1.0,0.1748053646524223,0,0,0.0,0.012219591930221929,0.0
2016-03-21,7704.25,196800,0.013051659829120443,0.013137204502793765,1.584962500721156,1.0,0.1754612006385138,0,0,0.0,0.013137204502793765,0.0
2016-03-22,7714.89990234375,208900,0.0013813866658977931,0.001382341219943628,1.584962500721156,1.0,0.17548499730627937,0,0,0.0,0.001382341219943628,0.0
2016-03-23,7716.5,199600,0.000207382048564695,0.00020740355370829633,1.584962500721156,1.0,0.1753151373829536,0,0,0.0,0.00020740355370829633,0.0
2016-03-28,7615.10009765625,242400,-0.013227762297457975,-0.013140659929210097,1.584962500721156,1.0,0.17446250274294642,0,0,-0.0,-0.013140659929210097,-0.0
2016-03-29,7597.0,216800,-0.0023796985402065656,-0.0023768693023248355,1.584962500721156,1.0,0.1744499670481501,0,0,-0.0,-0.0023768693023248355,-0.0
2016-03-30,7735.2001953125,232600,0.018027932915947852,0.01819141704784788,1.584962500721156,1.0,0.17684184693195984,0,0,0.0,0.01819141704784788,0.0
2016-03-31,7738.39990234375,380100,0.0004135698294723892,0.00041365536126503066,1.584962500721156,1.0,0.17671092632752816,0,0,0.0,0.00041365536126503066,0.0
2016-04-01,7713.0498046875,183900,-0.0032812610960895605,-0.0032758836421172832,1.584962500721156,1.0,0.17532720797257595,0,0,-0.0,-0.0032758836421172832,-0.0
2016-04-04,7758.7998046875,155500,0.005913983718554631,0.005931505845093277,1.584962500721156,1.0,0.1739551982347456,0,0,0.0,0.005931505845093277,0.0
2016-04-05,7603.2001953125,203800,-0.020258420894693874,-0.02005459778469787,1.584962500721156,1.0,0.1771540107533358,0,0,-0.0,-0.02005459778469787,-0.0
2016-04-06,7614.35009765625,165600,0.0014654006885952725,0.0014664749128432408,1.584962500721156,1.0,0.1771776967032356,0,0,0.0,0.0014664749128432408,0.0
2016-04-07,7546.4501953125,234400,-0.008957357794121351,-0.00891736017820488,1.584962500721156,1.0,0.1777372554044437,0,0,-0.0,-0.00891736017820488,-0.0
2016-04-08,7555.2001953125,143400,0.001158813871706803,0.0011594855559287076,1.584962500721156,1.0,0.17735735799537214,0,0,0.0,0.0011594855559287076,0.0
2016-04-11,7671.39990234375,179800,0.015263021567415073,0.015380096361092388,1.584962500721156,1.0,0.17882226472120022,0,0,0.0,0.015380096361092388,0.0
2016-04-12,7708.9501953125,163400,0.0048829015384887434,0.004894842329530746,1.584962500721156,1.0,0.17903653928688656,0,0,0.0,0.004894842329530746,0.0
2016-04-13,7850.4501953125,220400,0.018188863004861715,0.018355287868643932,1.584962500721156,1.0,0.18164346521466287,0,0,0.0,0.018355287868643932,0.0
2016-04-18,7914.7001953125,184600,0.008150934704248517,0.008184244011682829,1.584962500721156,1.0,0.18210692632679448,0,0,0.0,0.008184244011682829,0.0
2016-04-20,7914.75,205300,6.292661701482301e-06,6.292681500319475e-06,1.584962500721156,1.0,0.1815400212350781,0,0,0.0,6.292681500319475e-06,0.0
2016-04-21,7912.0498046875,223700,-0.00034121810751646184,-0.0003411598992387743,1.584962500721156,1.0,0.18065644326644306,0,0,-0.0,-0.0003411598992387743,-0.0
2016-04-22,7899.2998046875,183300,-0.0016127659027939515,-0.0016114660947212922,1.584962500721156,1.0,0.1806400247194614,0,0,-0.0,-0.0016114660947212922,-0.0
2016-04-25,7855.0498046875,146300,-0.005617511031739854,-0.005601762319964343,1.584962500721156,1.0,0.18034698095370313,0,0,-0.0,-0.005601762319964343,-0.0
2016-04-26,7962.64990234375,202400,0.013605234565983467,0.013698206928241197,1.584962500721156,1.0,0.1805920557925327,0,0,0.0,0.013698206928241197,0.0
2016-04-27,7979.89990234375,206800,0.002164021055994669,0.0021663642394880167,1.584962500721156,1.0,0.18000716604429606,0,0,0.0,0.0021663642394880167,0.0
2016-04-28,7847.25,292500,-0.016762715869970777,-0.016623003291656557,1.584962500721156,1.0,0.1815400876830883,0,0,-0.0,-0.016623003291656557,-0.0
2016-04-29,7849.7998046875,243700,0.0003248769344116223,0.00032492971263820003,1.584962500721156,1.0,0.18135455224223382,0,0,0.0,0.00032492971263820003,0.0
2016-05-02,7805.89990234375,146300,-0.005608183374211703,-0.005592486870497626,1.584962500721156,1.0,0.18129915719852893,0,0,-0.0,-0.005592486870497626,-0.0
2016-05-03,7747.0,186500,-0.007574173857563739,-0.0075455620851691,1.584962500721156,1.0,0.18143591146011226,0,0,-0.0,-0.0075455620851691,-0.0
2016-05-04,7706.5498046875,199700,-0.005235080380291306,-0.0052214012278947175,1.584962500721156,1.0,0.1804993951240954,0,0,-0.0,-0.0052214012278947175,-0.0
2016-05-05,7735.5,185100,0.003749531907512104,0.003756570196288278,1.584962500721156,1.0,0.17975987492615011,0,0,0.0,0.003756570196288278,0.0
2016-05-06,7733.4501953125,163600,-0.00026502182418547155,-0.00026498670900398924,1.584962500721156,1.0,0.17906462990838373,0,0,-0.0,-0.00026498670900398924,-0.0
2016-05-09,7866.0498046875,160600,0.017000904277695215,0.01714624210748439,1.584962500721156,1.0,0.18104149527546218,0,0,0.0,0.01714624210748439,0.0
2016-05-10,7887.7998046875,162000,0.0027612316174809364,0.002765047328716186,1.584962500721156,1.0,0.18029387212804798,0,0,0.0,0.002765047328716186,0.0
2016-05-11,7848.85009765625,214100,-0.004950200558543867,-0.00493796850778383,1.584962500721156,1.0,0.18048360142977196,0,0,-0.0,-0.00493796850778383,-0.0
2016-05-12,7900.39990234375,152700,0.006546342052207653,0.006567816182767139,1.584962500721156,1.0,0.18030169027697732,0,0,0.0,0.006567816182767139,0.0
2016-05-13,7814.89990234375,179500,-0.010881223351540733,-0.010822236982540034,1.584962500721156,1.0,0.18120982390538218,0,0,-0.0,-0.010822236982540034,-0.0
2016-05-16,7860.75,205200,0.005849866346159204,0.005867010227795566,1.584962500721156,1.0,0.18136014508680304,0,0,0.0,0.005867010227795566,0.0
2016-05-17,7890.75,183400,0.0038091656381104887,0.003816429729987636,1.584962500721156,1.0,0.1811585167317795,0,0,0.0,0.003816429729987636,0.0
2016-05-18,7870.14990234375,156400,-0.002614077814670393,-0.002610664088489645,1.584962500721156,1.0,0.17814796325539953,0,0,-0.0,-0.002610664088489645,-0.0
2016-05-19,7783.39990234375,170400,-0.011083861385826453,-0.011022661712474568,1.584962500721156,1.0,0.17912473882755847,0,0,-0.0,-0.011022661712474568,-0.0
2016-05-20,7749.7001953125,157000,-0.004339090032687426,-0.0043296897826234915,1.584962500721156,1.0,0.17902351524368765,0,0,-0.0,-0.0043296897826234915,-0.0
2016-05-23,7731.0498046875,172000,-0.0024094956185153732,-0.0024065951139995434,1.584962500721156,1.0,0.17495788868075762,0,0,-0.0,-0.0024065951139995434,-0.0
2016-05-24,7748.85009765625,147000,0.0022997953380331686,0.002302441895789764,1.584962500721156,1.0,0.17485450661236976,0,0,0.0,0.002302441895789764,0.0
2016-05-25,7934.89990234375,176200,0.023726281336622208,0.024009988881288802,1.584962500721156,1.0,0.1789922992544745,0,0,0.0,0.024009988881288802,0.0
2016-05-26,8069.64990234375,264300,0.01683935953427849,0.016981940750153468,1.584962500721156,1.0,0.18057691234058854,0,0,0.0,0.016981940750153468,0.0
2016-05-27,8156.64990234375,260900,0.010723434761836886,0.010781136858828422,1.584962500721156,1.0,0.18105417922896286,0,0,0.0,0.010781136858828422,0.0
2016-05-30,8178.5,247400,0.002675226223002301,0.0026788078338353394,1.584962500721156,1.0,0.1809372606550571,0,0,0.0,0.0026788078338353394,0.0
2016-05-31,8160.10009765625,471000,-0.0022523239460265896,-0.0022497893677019265,1.584962500721156,1.0,0.17943640818205225,0,0,-0.0,-0.0022497893677019265,-0.0
2016-06-01,8179.9501953125,194400,0.0024296262330994575,0.0024325801667495206,1.584962500721156,1.0,0.17814328605285523,0,0,0.0,0.0024325801667495206,0.0
2016-06-02,8218.9501953125,181700,0.004756425442880727,0.00476775519028827,1.584962500721156,1.0,0.17741421385760095,0,0,0.0,0.00476775519028827,0.0
2016-06-03,8220.7998046875,379000,0.00022501672869773692,0.00022504204686080165,1.584962500721156,1.0,0.17473689938811096,0,0,0.0,0.00022504204686080165,0.0
2016-06-06,8201.0498046875,171600,-0.0024053331374929024,-0.002402442641741276,1.584962500721156,1.0,0.17457903224826915,0,0,-0.0,-0.002402442641741276,-0.0
2016-06-07,8266.4501953125,241900,0.007943007071457264,0.007974636440766236,1.584962500721156,1.0,0.1721316818831178,0,0,0.0,0.007974636440766236,0.0
2016-06-08,8273.0498046875,174300,0.0007980422292402209,0.0007983607496653278,1.584962500721156,1.0,0.17212944143536613,0,0,0.0,0.0007983607496653278,0.0
2016-06-09,8203.599609375,174900,-0.008430185637149968,-0.0083947512649023,1.584962500721156,1.0,0.17287366348030672,0,0,-0.0,-0.0083947512649023,-0.0
2016-06-10,8170.0498046875,182200,-0.004098029802836798,-0.004089644337244347,1.584962500721156,1.0,0.17302683026159538,0,0,-0.0,-0.004089644337244347,-0.0
2016-06-13,8110.60009765625,169700,-0.007303144729646939,-0.007276541569812833,1.584962500721156,1.0,0.1710294951765942,0,0,-0.0,-0.007276541569812833,-0.0
2016-06-14,8108.85009765625,145500,-0.00021579029938960387,-0.00021576701833758705,1.584962500721156,1.0,0.17101131592604193,0,0,-0.0,-0.00021576701833758705,-0.0
2016-06-15,8206.599609375,169800,0.011982591110193301,0.012054669964487674,1.584962500721156,1.0,0.1703286628679402,0,0,0.0,0.012054669964487674,0.0
2016-06-16,8140.75,189200,-0.008056347617289792,-0.008023982222768011,1.584962500721156,1.0,0.1694514493589788,0,0,-0.0,-0.008023982222768011,-0.0
2016-06-17,8170.2001953125,166600,0.0036110989197415846,0.003617626792678852,1.584962500721156,1.0,0.16932627495074246,0,0,0.0,0.003617626792678852,0.0
2016-06-20,8238.5,168600,0.008324876233428225,0.008359624373303065,1.584962500721156,1.0,0.16886900498478893,0,0,0.0,0.008359624373303065,0.0
2016-06-21,8219.900390625,137000,-0.0022601974495153427,-0.002257645126540031,1.584962500721156,1.0,0.1671154835186534,0,0,-0.0,-0.002257645126540031,-0.0
2016-06-22,8203.7001953125,136100,-0.001972795244488282,-0.0019708505629796313,1.584962500721156,1.0,0.16568240076803606,0,0,-0.0,-0.0019708505629796313,-0.0
2016-06-23,8270.4501953125,154100,0.00810364889252149,0.008136572328440339,1.584962500721156,1.0,0.1646676116122269,0,0,0.0,0.008136572328440339,0.0
2016-06-24,8088.60009765625,297600,-0.02223326969761141,-0.021987932139331257,1.584962500721156,1.0,0.158714056788319,0,0,-0.0,-0.021987932139331257,-0.0
2016-06-27,8094.7001953125,162500,0.0007538756415223447,0.0007541598771854119,1.584962500721156,1.0,0.15871247249612144,0,0,0.0,0.0007541598771854119,0.0
2016-06-28,8127.85009765625,170400,0.004086897298664459,0.004095260052119798,1.584962500721156,1.0,0.15345460777514472,0,0,0.0,0.004095260052119798,0.0
2016-06-29,8204.0,147000,0.009325392253691965,0.009369009200318468,1.584962500721156,1.0,0.15110857214372125,0,0,0.0,0.009369009200318468,0.0
2016-06-30,8287.75,279400,0.010156680759383653,0.010208434909800168,1.584962500721156,1.0,0.15134468368378778,0,0,0.0,0.010208434909800168,0.0
2016-07-01,8328.349609375,165500,0.004886789454209853,0.00489874928358125,1.584962500721156,1.0,0.15050714812437224,0,0,0.0,0.00489874928358125,0.0
2016-07-04,8370.7001953125,154200,0.005072225932684971,0.005085111447510116,1.584962500721156,1.0,0.1506083693112437,0,0,0.0,0.005085111447510116,0.0
2016-07-05,8335.9501953125,139000,-0.00416002601386157,-0.0041513850919495665,1.584962500721156,1.0,0.15089519690840594,0,0,-0.0,-0.0041513850919495665,-0.0
2016-07-07,8337.900390625,155500,0.0002339226096985007,0.00023394997172565546,1.584962500721156,1.0,0.1474519321222988,0,0,0.0,0.00023394997172565546,0.0
2016-07-08,8323.2001953125,137900,-0.0017646132140196943,-0.0017630571995113087,1.584962500721156,1.0,0.14549025011621616,0,0,-0.0,-0.0017630571995113087,-0.0
2016-07-11,8467.900390625,149800,0.01723577043083921,0.017385163388715874,1.584962500721156,1.0,0.1469616845881764,0,0,0.0,0.017385163388715874,0.0
2016-07-12,8521.0498046875,183600,0.006256959594241648,0.006276575256050743,1.584962500721156,1.0,0.1467416736727129,0,0,0.0,0.006276575256050743,0.0
2016-07-13,8519.5,195500,-0.0001818960901539572,-0.00018187954806314632,1.584962500721156,1.0,0.14613504963293605,0,0,-0.0,-0.00018187954806314632,-0.0
2016-07-14,8565.0,153900,0.005326478102926448,0.005340689007570898,1.584962500721156,1.0,0.1365767988374451,0,0,0.0,0.005340689007570898,0.0
2016-07-15,8541.400390625,221700,-0.0027591572520208334,-0.0027553542761237226,1.584962500721156,1.0,0.1332699508353957,0,0,-0.0,-0.0027553542761237226,-0.0
2016-07-18,8508.7001953125,164300,-0.0038357821106622886,-0.003828434895569499,1.584962500721156,1.0,0.13181670911067733,0,0,-0.0,-0.003828434895569499,-0.0
2016-07-19,8528.5498046875,167900,0.0023301434628515147,0.0023328603569714446,1.584962500721156,1.0,0.13182493066740802,0,0,0.0,0.0023328603569714446,0.0
2016-07-20,8565.849609375,160300,0.004363986470652139,0.004373522526303297,1.584962500721156,1.0,0.13189106702794234,0,0,0.0,0.004373522526303297,0.0
2016-07-21,8510.099609375,150000,-0.00652967485068765,-0.006508402848794281,1.584962500721156,1.0,0.13232624644950092,0,0,-0.0,-0.006508402848794281,-0.0
2016-07-22,8541.2001953125,143200,0.0036478885225085054,0.003654550165692383,1.584962500721156,1.0,0.13177839440965888,0,0,0.0,0.003654550165692383,0.0
2016-07-25,8635.650390625,150000,0.010997493024321226,0.011058187743255843,1.584962500721156,1.0,0.13271145723382227,0,0,0.0,0.011058187743255843,0.0
2016-07-26,8590.650390625,154800,-0.005224581055714631,-0.005210956669673972,1.584962500721156,1.0,0.1331372902314998,0,0,-0.0,-0.005210956669673972,-0.0
2016-07-27,8615.7998046875,184100,0.0029232563005614403,0.0029275331807177007,1.584962500721156,1.0,0.131632074118998,0,0,0.0,0.0029275331807177007,0.0
2016-07-28,8666.2998046875,233500,0.005844213941164874,0.005861324676151858,1.584962500721156,1.0,0.13169394964237338,0,0,0.0,0.005861324676151858,0.0
2016-07-29,8638.5,157000,-0.0032129615963578163,-0.003207805558776422,1.584962500721156,1.0,0.13193993441465537,0,0,-0.0,-0.003207805558776422,-0.0
2016-08-01,8636.5498046875,188400,-0.00022578173062699604,-0.00022575624385023918,1.584962500721156,1.0,0.13074595557788032,0,0,-0.0,-0.00022575624385023918,-0.0
2016-08-02,8622.900390625,169400,-0.0015816745902789463,-0.001580424402241265,1.584962500721156,1.0,0.1293434168287921,0,0,-0.0,-0.001580424402241265,-0.0
2016-08-03,8544.849609375,163000,-0.009092783738205783,-0.009051569392458547,1.584962500721156,1.0,0.13049600717637652,0,0,-0.0,-0.009051569392458547,-0.0
2016-08-04,8551.099609375,164700,0.0007311673892417124,0.0007314347572768831,1.584962500721156,1.0,0.13048840478185747,0,0,0.0,0.0007314347572768831,0.0
2016-08-05,8683.150390625,157900,0.015324527088340225,0.015442549763450941,1.584962500721156,1.0,0.13033259209201212,0,0,0.0,0.015442549763450941,0.0
2016-08-08,8711.349609375,172600,0.003242317221417232,0.0032475792173825013,1.584962500721156,1.0,0.13020327312457003,0,0,0.0,0.0032475792173825013,0.0
2016-08-09,8678.25,200100,-0.0038068328301676924,-0.003799596028080332,1.584962500721156,1.0,0.12746266302912432,0,0,-0.0,-0.003799596028080332,-0.0
2016-08-10,8575.2998046875,173600,-0.0119339403558223,-0.011863013316336768,1.584962500721156,1.0,0.12936026908329074,0,0,-0.0,-0.011863013316336768,-0.0
2016-08-11,8592.150390625,189200,0.001963086091088332,0.00196501420606765,1.584962500721156,1.0,0.129150122057392,0,0,0.0,0.00196501420606765,0.0
2016-08-16,8642.5498046875,224800,0.0058486143833095606,0.0058657509204553815,1.584962500721156,1.0,0.129143411358473,0,0,0.0,0.0058657509204553815,0.0
2016-08-17,8624.0498046875,174100,-0.0021428662849281455,-0.0021405719860551065,1.584962500721156,1.0,0.12407941000722446,0,0,-0.0,-0.0021405719860551065,-0.0
2016-08-18,8673.25,164300,0.005688787100174632,0.0057049989769026865,1.584962500721156,1.0,0.12428681175355377,0,0,0.0,0.0057049989769026865,0.0
2016-08-19,8666.900390625,191900,-0.0007323592374647016,-0.0007320911278931863,1.584962500721156,1.0,0.12309360250161788,0,0,-0.0,-0.0007320911278931863,-0.0
2016-08-22,8629.150390625,152300,-0.004365165253066113,-0.0043556517669032235,1.584962500721156,1.0,0.12348822468251919,0,0,-0.0,-0.0043556517669032235,-0.0
2016-08-23,8632.599609375,187500,0.0003996372089627608,0.0003997170745508871,1.584962500721156,1.0,0.12127459571819693,0,0,0.0,0.0003997170745508871,0.0
2016-08-24,8650.2998046875,149600,0.0020482907499330422,0.0020503899304304962,1.584962500721156,1.0,0.1211309164051931,0,0,0.0,0.0020503899304304962,0.0
2016-08-25,8592.2001953125,213100,-0.006739142150229588,-0.006716485056797228,1.584962500721156,1.0,0.11843018043816814,0,0,-0.0,-0.006716485056797228,-0.0
2016-08-26,8572.5498046875,147500,-0.0022896225356679534,-0.0022870033493540554,1.584962500721156,1.0,0.11793352613417171,0,0,-0.0,-0.0022870033493540554,-0.0
2016-08-29,8607.4501953125,129700,0.00406291485846204,0.004071179686342186,1.584962500721156,1.0,0.11804303697558753,0,0,0.0,0.004071179686342186,0.0
2016-08-30,8744.349609375,150200,0.015779602831678955,0.015904758198549196,1.584962500721156,1.0,0.12060502236205488,0,0,0.0,0.015904758198549196,0.0
2016-08-31,8786.2001953125,362200,0.0047745981624819625,0.00478601471887985,1.584962500721156,1.0,0.12067009935894628,0,0,0.0,0.00478601471887985,0.0
2016-09-01,8774.650390625,238900,-0.0013154039773133465,-0.0013145392127147382,1.584962500721156,1.0,0.12019748311842804,0,0,-0.0,-0.0013145392127147382,-0.0
2016-09-02,8809.650390625,191500,0.00398082888319566,0.0039887629069979,1.584962500721156,1.0,0.11845811392160839,0,0,0.0,0.0039887629069979,0.0
2016-09-06,8943.0,195600,0.015023347446829987,0.015136765190694401,1.584962500721156,1.0,0.12071095565343135,0,0,0.0,0.015136765190694401,0.0
2016-09-07,8917.9501953125,290100,-0.0028049819116828943,-0.002801051625573092,1.584962500721156,1.0,0.11701112733934459,0,0,-0.0,-0.002801051625573092,-0.0
2016-09-08,8952.5,217200,0.0038667014380895045,0.0038741867728371293,1.584962500721156,1.0,0.11706724848639165,0,0,0.0,0.0038741867728371293,0.0
2016-09-09,8866.7001953125,175900,-0.009630114351834806,-0.009583893290980194,1.584962500721156,1.0,0.11794502402569838,0,0,-0.0,-0.009583893290980194,-0.0
2016-09-12,8715.599609375,184500,-0.01718822993969123,-0.017041355026008564,1.584962500721156,1.0,0.12107551508804301,0,0,-0.0,-0.017041355026008564,-0.0
2016-09-14,8726.599609375,184300,0.0012613090035687876,0.0012621047883116798,1.584962500721156,1.0,0.12056824737391829,0,0,0.0,0.0012621047883116798,0.0
2016-09-15,8742.5498046875,145400,0.0018260991839711186,0.001827767518446155,1.584962500721156,1.0,0.12050420879832101,0,0,0.0,0.001827767518446155,0.0
2016-09-16,8779.849609375,265800,0.0042573919410826295,0.004266467508998506,1.584962500721156,1.0,0.1205691454421215,0,0,0.0,0.004266467508998506,0.0
2016-09-19,8808.400390625,131700,0.003246577269225301,0.003251853109136782,1.584962500721156,1.0,0.11769562548739733,0,0,0.0,0.003251853109136782,0.0
2016-09-20,8775.900390625,136500,-0.0036964832905136196,-0.0036896597064991488,1.584962500721156,1.0,0.1179577259363461,0,0,-0.0,-0.0036896597064991488,-0.0
2016-09-21,8777.150390625,148800,0.00014242538436080372,0.0001424355273373923,1.584962500721156,1.0,0.11751465970976534,0,0,0.0,0.0001424355273373923,0.0
2016-09-22,8867.4501953125,172800,0.01023549301709891,0.010288054854791007,1.584962500721156,1.0,0.11814658971272549,0,0,0.0,0.010288054854791007,0.0
2016-09-23,8831.5498046875,185900,-0.004056776073300545,-0.00404855847332275,1.584962500721156,1.0,0.1167001168900457,0,0,-0.0,-0.00404855847332275,-0.0
2016-09-26,8723.0498046875,164000,-0.01236159001721051,-0.012285499419638857,1.584962500721156,1.0,0.11867771777028642,0,0,-0.0,-0.012285499419638857,-0.0
2016-09-27,8706.400390625,151400,-0.0019104927510736648,-0.0019086689214536934,1.584962500721156,1.0,0.11870165197964236,0,0,-0.0,-0.0019086689214536934,-0.0
2016-09-28,8745.150390625,165500,0.004440873383603119,0.004450748674702076,1.584962500721156,1.0,0.11866483106849386,0,0,0.0,0.004450748674702076,0.0
2016-09-29,8591.25,372900,-0.01775506219605918,-0.0175983698107679,1.584962500721156,1.0,0.12111539756318514,0,0,-0.0,-0.0175983698107679,-0.0
2016-09-30,8611.150390625,181700,0.002313677050935853,0.002316355667103087,1.584962500721156,1.0,0.12078102923919154,0,0,0.0,0.002316355667103087,0.0
2016-10-03,8738.099609375,137300,0.014634809521912494,0.014742422671912614,1.584962500721156,1.0,0.12270238045792917,0,0,0.0,0.014742422671912614,0.0
2016-10-04,8769.150390625,184300,0.0035471948830647004,0.0035534936242527237,1.584962500721156,1.0,0.12274716231886094,0,0,0.0,0.0035534936242527237,0.0
2016-10-05,8743.9501953125,157200,-0.002877869921600413,-0.0028737328235858284,1.584962500721156,1.0,0.11696657286498857,0,0,-0.0,-0.0028737328235858284,-0.0
2016-10-06,8709.5498046875,163600,-0.00394195263650275,-0.003934193340149772,1.584962500721156,1.0,0.1141737516608123,0,0,-0.0,-0.003934193340149772,-0.0
2016-10-07,8697.599609375,150400,-0.0013730217286708416,-0.0013720795655899343,1.584962500721156,1.0,0.11299940684906344,0,0,-0.0,-0.0013720795655899343,-0.0
2016-10-10,8708.7998046875,108400,0.0012869056479532695,0.0012877340663539627,1.584962500721156,1.0,0.11295503371989331,0,0,0.0,0.0012877340663539627,0.0
2016-10-13,8573.349609375,212300,-0.015675477121613476,-0.015553256286772621,1.584962500721156,1.0,0.1161362030799992,0,0,-0.0,-0.015553256286772621,-0.0
2016-10-14,8583.400390625,162800,0.001171641761961016,0.0011723284023095193,1.584962500721156,1.0,0.11609759160652368,0,0,0.0,0.0011723284023095193,0.0
2016-10-17,8520.400390625,197400,-0.007366816969274471,-0.007339748483457642,1.584962500721156,1.0,0.11662056979476344,0,0,-0.0,-0.007339748483457642,-0.0
2016-10-18,8677.900390625,216600,0.018316274989203487,0.01848504680288232,1.584962500721156,1.0,0.12041108252163132,0,0,0.0,0.01848504680288232,0.0
2016-10-19,8659.099609375,172100,-0.0021688629658940845,-0.002166512682066579,1.584962500721156,1.0,0.1203950132655105,0,0,-0.0,-0.002166512682066579,-0.0
2016-10-20,8699.400390625,161000,0.004643356702434108,0.004654153788272275,1.584962500721156,1.0,0.11995127423934025,0,0,0.0,0.004654153788272275,0.0
2016-10-21,8693.0498046875,157300,-0.0007302693005771827,-0.0007300027188475999,1.584962500721156,1.0,0.11997020659161417,0,0,-0.0,-0.0007300027188475999,-0.0
2016-10-24,8708.9501953125,157100,0.001827421566475664,0.0018290923188344355,1.584962500721156,1.0,0.11902019892800712,0,0,0.0,0.0018290923188344355,0.0
2016-10-25,8691.2998046875,189800,-0.0020287520787162444,-0.0020266955521803798,1.584962500721156,1.0,0.11883598998842507,0,0,-0.0,-0.0020266955521803798,-0.0
2016-10-26,8615.25,219300,-0.008788614143283245,-0.008750107164233856,1.584962500721156,1.0,0.11914439371803212,0,0,-0.0,-0.008750107164233856,-0.0
2016-10-27,8615.25,242800,0.0,0.0,1.584962500721156,1.0,0.11914039473098313,0,0,0.0,0.0,0.0
2016-10-28,8638.0,175500,0.0026371858270232084,0.0026406662604103737,1.584962500721156,1.0,0.11764544706884368,0,0,0.0,0.0026406662604103737,0.0
2016-11-01,8626.25,165000,-0.001361194585834806,-0.0013602685806899384,1.584962500721156,1.0,0.1167858273654198,0,0,-0.0,-0.0013602685806899384,-0.0
2016-11-02,8514.0,155300,-0.013098012546713908,-0.013012606868569754,1.584962500721156,1.0,0.11891125151803206,0,0,-0.0,-0.013012606868569754,-0.0
2016-11-03,8484.9501953125,170500,-0.003417838470350909,-0.003412004309079175,1.584962500721156,1.0,0.1183336312613621,0,0,-0.0,-0.003412004309079175,-0.0
2016-11-04,8433.75,224800,-0.006052515976111644,-0.00603423639902867,1.584962500721156,1.0,0.11873790265529964,0,0,-0.0,-0.00603423639902867,-0.0
2016-11-07,8497.0498046875,172800,0.007477508488472915,0.007505534867348507,1.584962500721156,1.0,0.11928077724096439,0,0,0.0,0.007505534867348507,0.0
2016-11-08,8543.5498046875,195700,0.005457567982692605,0.005472487636161372,1.584962500721156,1.0,0.11887778924345249,0,0,0.0,0.005472487636161372,0.0
2016-11-09,8432.0,314300,-0.013142597631657107,-0.013056610804363489,1.584962500721156,1.0,0.11489201631403143,0,0,-0.0,-0.013056610804363489,-0.0
2016-11-10,8525.75,263100,0.01105700404045472,0.011118358633776193,1.584962500721156,1.0,0.11625161803971795,0,0,0.0,0.011118358633776193,0.0
2016-11-11,8296.2998046875,266900,-0.027281387102400093,-0.026912611243878892,1.584962500721156,1.0,0.12508386084694195,0,0,-0.0,-0.026912611243878892,-0.0
2016-11-15,8108.4501953125,359200,-0.02290285685988103,-0.022642577269069153,1.584962500721156,1.0,0.1299764496216074,0,0,-0.0,-0.022642577269069153,-0.0
2016-11-16,8111.60009765625,269500,0.00038839613027746525,0.0003884715658204474,1.584962500721156,1.0,0.12880999129032508,0,0,0.0,0.0003884715658204474,0.0
2016-11-17,8079.9501953125,191300,-0.003909439439923456,-0.003901807530291679,1.584962500721156,1.0,0.12865981176207267,0,0,-0.0,-0.003901807530291679,-0.0
2016-11-18,8074.10009765625,161200,-0.0007242886837538094,-0.000724026450019899,1.584962500721156,1.0,0.12833505139017604,0,0,-0.0,-0.000724026450019899,-0.0
2016-11-21,7929.10009765625,218800,-0.01812187142597807,-0.017958657713704862,1.584962500721156,1.0,0.13157855877912586,0,0,-0.0,-0.017958657713704862,-0.0
2016-11-22,8002.2998046875,210200,0.009189427494782599,0.009231779915716665,1.584962500721156,1.0,0.13258031286531471,0,0,0.0,0.009231779915716665,0.0
2016-11-23,8033.2998046875,181000,0.0038664021768522933,0.0038738863522509437,1.584962500721156,1.0,0.13275770668396145,0,0,0.0,0.0038738863522509437,0.0
2016-11-24,7965.5,260500,-0.008475662098624583,-0.008439844937436325,1.584962500721156,1.0,0.1300335095330703,0,0,-0.0,-0.008439844937436325,-0.0
2016-11-25,8114.2998046875,177900,0.018508197132649923,0.018680535394827613,1.584962500721156,1.0,0.13345492062782863,0,0,0.0,0.018680535394827613,0.0
2016-11-28,8126.89990234375,189700,0.0015516218520139676,0.001552826240037497,1.584962500721156,1.0,0.13349973593191206,0,0,0.0,0.001552826240037497,0.0
2016-11-29,8142.14990234375,189700,0.001874725893588773,0.0018764842908427504,1.584962500721156,1.0,0.13319601013942056,0,0,0.0,0.0018764842908427504,0.0
2016-11-30,8224.5,248000,0.010063243621010479,0.01011404833415619,1.584962500721156,1.0,0.13432064594149634,0,0,0.0,0.01011404833415619,0.0
2016-12-01,8192.900390625,157700,-0.0038495313077255163,-0.00384213136056899,1.584962500721156,1.0,0.13432163788425847,0,0,-0.0,-0.00384213136056899,-0.0
2016-12-02,8086.7998046875,171500,-0.013034894616329137,-0.012950308300941793,1.584962500721156,1.0,0.135882395685181,0,0,-0.0,-0.012950308300941793,-0.0
2016-12-05,8128.75,126500,0.005174081595203409,0.00518749027126697,1.584962500721156,1.0,0.13597276860814464,0,0,0.0,0.00518749027126697,0.0
2016-12-06,8143.14990234375,115300,0.0017699108511295017,0.0017714780678148578,1.584962500721156,1.0,0.13565369295813093,0,0,0.0,0.0017714780678148578,0.0
2016-12-07,8102.0498046875,169800,-0.005059979081726745,-0.005047198952388254,1.584962500721156,1.0,0.13568421167615674,0,0,-0.0,-0.005047198952388254,-0.0
2016-12-08,8246.849609375,142500,0.017714169916451,0.017871996368588716,1.584962500721156,1.0,0.13775751328974534,0,0,0.0,0.017871996368588716,0.0
2016-12-09,8261.75,149700,0.0018051676124941,0.0018067979083868924,1.584962500721156,1.0,0.13757867912442398,0,0,0.0,0.0018067979083868924,0.0
2016-12-12,8170.7998046875,108100,-0.011069630108506541,-0.011008587201561393,1.584962500721156,1.0,0.1386005904925742,0,0,-0.0,-0.011008587201561393,-0.0
2016-12-13,8221.7998046875,184000,0.006222340051564259,0.006241739024219095,1.584962500721156,1.0,0.13865172178997806,0,0,0.0,0.006241739024219095,0.0
2016-12-14,8182.4501953125,144600,-0.004797498800311476,-0.004786009184091999,1.584962500721156,1.0,0.13876206537963207,0,0,-0.0,-0.004786009184091999,-0.0
2016-12-15,8153.60009765625,181800,-0.0035320811496494836,-0.003525850688682164,1.584962500721156,1.0,0.138846906110054,0,0,-0.0,-0.003525850688682164,-0.0
2016-12-16,8139.4501953125,203000,-0.0017369253327930302,-0.001735417750965862,1.584962500721156,1.0,0.13885013240752073,0,0,-0.0,-0.001735417750965862,-0.0
2016-12-19,8104.35009765625,107400,-0.004321667547371758,-0.004312342580149231,1.584962500721156,1.0,0.1382560874813024,0,0,-0.0,-0.004312342580149231,-0.0
2016-12-20,8082.39990234375,128000,-0.0027121205636996375,-0.0027084460873485483,1.584962500721156,1.0,0.1382831116232125,0,0,-0.0,-0.0027084460873485483,-0.0
2016-12-21,8061.2998046875,123700,-0.0026140364419853872,-0.0026106228238139684,1.584962500721156,1.0,0.13565718778985789,0,0,-0.0,-0.0026106228238139684,-0.0
2016-12-22,7979.10009765625,122600,-0.010249174221346512,-0.010196830414798908,1.584962500721156,1.0,0.13638816231314774,0,0,-0.0,-0.010196830414798908,-0.0
2016-12-23,7985.75,124100,0.0008330679821808747,0.0008334150796909245,1.584962500721156,1.0,0.1363364166935833,0,0,0.0,0.0008334150796909245,0.0
2016-12-26,7908.25,106900,-0.009752185003088458,-0.009704786651222541,1.584962500721156,1.0,0.13588567925166298,0,0,-0.0,-0.009704786651222541,-0.0
2016-12-27,8032.85009765625,118800,0.015632877835896817,0.01575571051196545,1.584962500721156,1.0,0.1385992472797736,0,0,0.0,0.01575571051196545,0.0
2016-12-28,8034.85009765625,126700,0.00024894664276991384,0.00024897763255693484,1.584962500721156,1.0,0.13816067016494765,0,0,0.0,0.00024897763255693484,0.0
2016-12-29,8103.60009765625,178500,0.008520076594398652,0.008556475748073389,1.584962500721156,1.0,0.139018881464966,0,0,0.0,0.008556475748073389,0.0
2016-12-30,8185.7998046875,127600,0.010092502517199517,0.01014360358861044,1.584962500721156,1.0,0.13978434484746066,0,0,0.0,0.01014360358861044,0.0
2017-01-02,8179.5,118300,-0.0007698979027411989,-0.0007696016073948098,1.584962500721156,1.0,0.13978442713872302,0,0,-0.0,-0.0007696016073948098,-0.0
2017-01-03,8192.25,127300,0.0015575613575361691,0.0015587749862460143,1.584962500721156,1.0,0.13968918720508525,0,0,0.0,0.0015587749862460143,0.0
2017-01-04,8190.5,132400,-0.00021363934707617968,-0.00021361652781592966,1.584962500721156,1.0,0.13968081208780628,0,0,-0.0,-0.00021361652781592966,-0.0
2017-01-05,8273.7998046875,159100,0.01011892597298775,0.01017029542610337,1.584962500721156,1.0,0.14076014248992794,0,0,0.0,0.01017029542610337,0.0
2017-01-06,8243.7998046875,139400,-0.0036324930615801707,-0.0036259035398709116,1.584962500721156,1.0,0.1404655834520037,0,0,-0.0,-0.0036259035398709116,-0.0
2017-01-09,8236.0498046875,99100,-0.0009405426329750955,-0.0009401004613908137,1.584962500721156,1.0,0.14043396240697137,0,0,-0.0,-0.0009401004613908137,-0.0
2017-01-10,8288.599609375,142900,0.006360193250249055,0.0063804622280927425,1.584962500721156,1.0,0.1406951271325943,0,0,0.0,0.0063804622280927425,0.0
2017-01-11,8380.650390625,186500,0.011044494137506545,0.01110570972035907,1.584962500721156,1.0,0.13936832151671702,0,0,0.0,0.01110570972035907,0.0
2017-01-12,8407.2001953125,172600,0.0031629810720875113,0.003167988574872327,1.584962500721156,1.0,0.1392225499435259,0,0,0.0,0.003167988574872327,0.0
2017-01-13,8400.349609375,185300,-0.0008151796539613075,-0.0008148474852923693,1.584962500721156,1.0,0.13921666818047096,0,0,-0.0,-0.0008148474852923693,-0.0
2017-01-16,8412.7998046875,124100,0.0014810071904502009,0.0014821044232022906,1.584962500721156,1.0,0.139052391166293,0,0,0.0,0.0014821044232022906,0.0
2017-01-17,8398.0,122000,-0.001760750075312027,-0.0017592008642893786,1.584962500721156,1.0,0.13655673316030276,0,0,-0.0,-0.0017592008642893786,-0.0
2017-01-18,8417.0,163800,0.002259887967437504,0.002262443438914019,1.584962500721156,1.0,0.13659851928775446,0,0,0.0,0.002262443438914019,0.0
2017-01-19,8435.099609375,165900,0.0021480547533008396,0.0021503634757038537,1.584962500721156,1.0,0.1364680959745909,0,0,0.0,0.0021503634757038537,0.0
2017-01-20,8349.349609375,202600,-0.010217880246458876,-0.010165855054597661,1.584962500721156,1.0,0.13658096664753896,0,0,-0.0,-0.010165855054597661,-0.0
2017-01-23,8391.5,195000,0.005035644029815811,0.005048344194100052,1.584962500721156,1.0,0.13400811892928782,0,0,0.0,0.005048344194100052,0.0
2017-01-24,8475.7998046875,179200,0.009995732282151228,0.010045856484240057,1.584962500721156,1.0,0.13511107345965484,0,0,0.0,0.010045856484240057,0.0
2017-01-25,8602.75,292500,0.014866898538362306,0.014977960574563243,1.584962500721156,1.0,0.13744075223230262,0,0,0.0,0.014977960574563243,0.0
2017-01-27,8641.25,275400,0.004465328690727306,0.00447531312661642,1.584962500721156,1.0,0.13746019624722874,0,0,0.0,0.00447531312661642,0.0
2017-01-30,8632.75,304700,-0.0009841380903137704,-0.0009836539852451365,1.584962500721156,1.0,0.13734411026792634,0,0,-0.0,-0.0009836539852451365,-0.0
2017-01-31,8561.2998046875,521000,-0.008311085218864388,-0.008276643631809133,1.584962500721156,1.0,0.13789045563375185,0,0,-0.0,-0.008276643631809133,-0.0
2017-02-01,8716.400390625,327700,0.017954328487415367,0.01811647640847469,1.584962500721156,1.0,0.14122404010557219,0,0,0.0,0.01811647640847469,0.0
2017-02-02,8734.25,283500,0.002045724967320079,0.002047818890261066,1.584962500721156,1.0,0.14019183663346577,0,0,0.0,0.002047818890261066,0.0
2017-02-03,8740.9501953125,191000,0.0007668233343177947,0.0007671174184962215,1.584962500721156,1.0,0.14004527513088663,0,0,0.0,0.0007671174184962215,0.0
2017-02-06,8801.0498046875,194400,0.006852108598963618,0.006875638006406781,1.584962500721156,1.0,0.13897409729861251,0,0,0.0,0.006875638006406781,0.0
2017-02-07,8768.2998046875,226300,-0.003728087682222944,-0.0037211469911869743,1.584962500721156,1.0,0.13908174769077747,0,0,-0.0,-0.0037211469911869743,-0.0
2017-02-08,8769.0498046875,218700,8.553173850807276e-05,8.55353964515082e-05,1.584962500721156,1.0,0.1388857721077848,0,0,0.0,8.55353964515082e-05,0.0
2017-02-09,8778.400390625,187500,0.0010657487804178315,0.0010663168924529565,1.584962500721156,1.0,0.13559314770163866,0,0,0.0,0.0010663168924529565,0.0
2017-02-10,8793.5498046875,225900,0.0017242727924366554,0.0017257602055471555,1.584962500721156,1.0,0.1355712032292013,0,0,0.0,0.0017257602055471555,0.0
2017-02-13,8805.0498046875,204900,0.0013069223565665177,0.001307776751758416,1.584962500721156,1.0,0.1333789379168211,0,0,0.0,0.001307776751758416,0.0
2017-02-14,8792.2998046875,188300,-0.0014490821077153884,-0.0014480326951941125,1.584962500721156,1.0,0.13327367982096036,0,0,-0.0,-0.0014480326951941125,-0.0
2017-02-15,8724.7001953125,216100,-0.007718210304816345,-0.007688501401983627,1.584962500721156,1.0,0.13381764210517866,0,0,-0.0,-0.007688501401983627,-0.0
2017-02-16,8778.0,184600,0.006090485336691579,0.006109070053333943,1.584962500721156,1.0,0.1340388685229125,0,0,0.0,0.006109070053333943,0.0
2017-02-17,8821.7001953125,298300,0.004966026084143879,0.004978377228582742,1.584962500721156,1.0,0.1342628823654635,0,0,0.0,0.004978377228582742,0.0
2017-02-20,8879.2001953125,167800,0.006496867502078924,0.0065180179247708026,1.584962500721156,1.0,0.134669402359865,0,0,0.0,0.0065180179247708026,0.0
2017-02-21,8907.849609375,175700,0.0032213817527225,0.003226575978951818,1.584962500721156,1.0,0.13204244846781849,0,0,0.0,0.003226575978951818,0.0
2017-02-22,8926.900390625,247100,0.0021363673161383717,0.0021386509747480797,1.584962500721156,1.0,0.13206775417577782,0,0,0.0,0.0021386509747480797,0.0
2017-02-23,8939.5,377200,0.0014104252886116898,0.0014114204061503877,1.584962500721156,1.0,0.13141448336134567,0,0,0.0,0.0014114204061503877,0.0
2017-02-27,8896.7001953125,189900,-0.00479921579345047,-0.004787717958219084,1.584962500721156,1.0,0.12821113145128638,0,0,-0.0,-0.004787717958219084,-0.0
2017-02-28,8879.599609375,293600,-0.0019239764630964217,-0.0019221268068030373,1.584962500721156,1.0,0.1281985598008117,0,0,-0.0,-0.0019221268068030373,-0.0
2017-03-01,8945.7998046875,205900,0.007427659614302356,0.007455313102474381,1.584962500721156,1.0,0.12855109920708022,0,0,0.0,0.007455313102474381,0.0
2017-03-02,8899.75,218800,-0.005160940111567701,-0.0051476453411544165,1.584962500721156,1.0,0.12886605743599347,0,0,-0.0,-0.0051476453411544165,-0.0
2017-03-03,8897.5498046875,202600,-0.0002472504647169898,-0.0002472199008398679,1.584962500721156,1.0,0.12884141607107494,0,0,-0.0,-0.0002472199008398679,-0.0
2017-03-06,8963.4501953125,174800,0.00737928331770254,0.00740657732427441,1.584962500721156,1.0,0.1293335734379059,0,0,0.0,0.00740657732427441,0.0
2017-03-07,8946.900390625,173400,-0.0018480720763560477,-0.0018463654426456033,1.584962500721156,1.0,0.12846463336199673,0,0,-0.0,-0.0018463654426456033,-0.0
2017-03-08,8924.2998046875,177800,-0.0025292759007722594,-0.0025260799775062015,1.584962500721156,1.0,0.12855771361332377,0,0,-0.0,-0.0025260799775062015,-0.0
2017-03-09,8927.0,171500,0.0003025208654424808,0.0003025666294942386,1.584962500721156,1.0,0.12850158999815564,0,0,0.0,0.0003025666294942386,0.0
2017-03-10,8934.5498046875,152700,0.0008453695473995277,0.0008457269729471584,1.584962500721156,1.0,0.12847067195115824,0,0,0.0,0.0008457269729471584,0.0
2017-03-14,9087.0,270300,0.016919058968585234,0.017062996865551794,1.584962500721156,1.0,0.12936306200464542,0,0,0.0,0.017062996865551794,0.0
2017-03-15,9084.7998046875,240600,-0.00024215491551740303,-0.0002421255983823256,1.584962500721156,1.0,0.12918420864368127,0,0,-0.0,-0.0002421255983823256,-0.0
2017-03-16,9153.7001953125,208600,0.0075555246752815495,0.0075841396735512046,1.584962500721156,1.0,0.12915942651162557,0,0,0.0,0.0075841396735512046,0.0
2017-03-17,9160.0498046875,286700,0.000693425391241901,0.0006936658662091144,1.584962500721156,1.0,0.12868069943949276,0,0,0.0,0.0006936658662091144,0.0
2017-03-20,9126.849609375,332100,-0.0036310400180971465,-0.0036244557639315556,1.584962500721156,1.0,0.1286549090342932,0,0,-0.0,-0.0036244557639315556,-0.0
2017-03-21,9121.5,247700,-0.0005863115999817308,-0.0005861397529225432,1.584962500721156,1.0,0.12651817291444234,0,0,-0.0,-0.0005861397529225432,-0.0
2017-03-22,9030.4501953125,232300,-0.010032042543653485,-0.009981889457600146,1.584962500721156,1.0,0.1266331370994739,0,0,-0.0,-0.009981889457600146,-0.0
2017-03-23,9086.2998046875,191800,0.006165541424006181,0.006184587497530369,1.584962500721156,1.0,0.11781330425438048,0,0,0.0,0.006184587497530369,0.0
2017-03-24,9108.0,203700,0.0023853850750034113,0.002388232369495924,1.584962500721156,1.0,0.11066173769287219,0,0,0.0,0.002388232369495924,0.0
2017-03-27,9045.2001953125,202700,-0.006918896341847197,-0.006895015885759803,1.584962500721156,1.0,0.11150294477982507,0,0,-0.0,-0.006895015885759803,-0.0
2017-03-28,9100.7998046875,183300,0.006128048426003716,0.006146863328001739,1.584962500721156,1.0,0.1114629472698028,0,0,0.0,0.006146863328001739,0.0
2017-03-29,9143.7998046875,243400,0.004713732341589461,0.004724859454424246,1.584962500721156,1.0,0.1115516738963386,0,0,0.0,0.004724859454424246,0.0
2017-03-30,9173.75,323400,0.0032701122498964663,0.003275464899958447,1.584962500721156,1.0,0.10659425882456992,0,0,0.0,0.003275464899958447,0.0
2017-03-31,9173.75,190900,0.0,0.0,1.584962500721156,1.0,0.10585311506843682,0,0,0.0,0.0,0.0
2017-04-03,9237.849609375,139100,0.006962987433382358,0.006987285393105225,1.584962500721156,1.0,0.10617397135882381,0,0,0.0,0.006987285393105225,0.0
2017-04-05,9265.150390625,184800,0.0029509594186491106,0.002955317785461098,1.584962500721156,1.0,0.10483132584114677,0,0,0.0,0.002955317785461098,0.0
2017-04-06,9261.9501953125,186100,-0.00034546099962948787,-0.00034540133484917135,1.584962500721156,1.0,0.10093628119566786,0,0,-0.0,-0.00034540133484917135,-0.0
2017-04-07,9198.2998046875,190000,-0.006895967591191596,-0.006872244968150865,1.584962500721156,1.0,0.10190208104494919,0,0,-0.0,-0.006872244968150865,-0.0
2017-04-10,9181.4501953125,135800,-0.001833497636833679,-0.0018318178068531532,1.584962500721156,1.0,0.10203951962405963,0,0,-0.0,-0.0018318178068531532,-0.0
2017-04-11,9237.0,200100,0.006031992108960761,0.006050221207523521,1.584962500721156,1.0,0.10128330258166116,0,0,0.0,0.006050221207523521,0.0
2017-04-12,9203.4501953125,161800,-0.0036387226287440087,-0.003632110499891761,1.584962500721156,1.0,0.10125362355466809,0,0,-0.0,-0.003632110499891761,-0.0
2017-04-13,9150.7998046875,166500,-0.005737149166000338,-0.005720723153564311,1.584962500721156,1.0,0.09904201580682927,0,0,-0.0,-0.005720723153564311,-0.0
2017-04-17,9139.2998046875,0,-0.0012575110864404995,-0.0012567207506942735,1.584962500721156,1.0,0.098927842120379,0,0,-0.0,-0.0012567207506942735,-0.0
2017-04-18,9105.150390625,174200,-0.003743544319295666,-0.003736545992832463,1.584962500721156,1.0,0.09928354577997207,0,0,-0.0,-0.003736545992832463,-0.0
2017-04-19,9103.5,173700,-0.00018127544810997014,-0.00018125901870869043,1.584962500721156,1.0,0.0987410448881954,0,0,-0.0,-0.00018125901870869043,-0.0
2017-04-20,9136.400390625,170300,0.00360752258526342,0.003614037526775471,1.584962500721156,1.0,0.09484375072504202,0,0,0.0,0.003614037526775471,0.0
2017-04-21,9119.400390625,155200,-0.0018624222643066866,-0.0018606890321317682,1.584962500721156,1.0,0.0949691917414912,0,0,-0.0,-0.0018606890321317682,-0.0
2017-04-24,9217.9501953125,167700,0.010748636018943606,0.010806610135114969,1.584962500721156,1.0,0.09406778983682962,0,0,0.0,0.010806610135114969,0.0
2017-04-25,9306.599609375,168700,0.009571092601938416,0.00961704198701141,1.584962500721156,1.0,0.09472454275754291,0,0,0.0,0.00961704198701141,0.0
2017-04-26,9351.849609375,185700,0.00485035901773151,0.004862141050359314,1.584962500721156,1.0,0.09431871138892503,0,0,0.0,0.004862141050359314,0.0
2017-04-27,9342.150390625,209400,-0.001037682638315093,-0.001037144431864756,1.584962500721156,1.0,0.09403500616693115,0,0,-0.0,-0.001037144431864756,-0.0
2017-04-28,9304.0498046875,162200,-0.004086692040742791,-0.004078352878555069,1.584962500721156,1.0,0.09434656233638371,0,0,-0.0,-0.004078352878555069,-0.0
2017-05-02,9313.7998046875,161600,0.0010473820656935206,0.0010479307618374012,1.584962500721156,1.0,0.09383716562617776,0,0,0.0,0.0010479307618374012,0.0
2017-05-03,9311.9501953125,151600,-0.00019860777483643832,-0.00019858805361794296,1.584962500721156,1.0,0.09360823109564356,0,0,-0.0,-0.00019858805361794296,-0.0
2017-05-04,9359.900390625,269600,0.005136105872378302,0.005149318274558334,1.584962500721156,1.0,0.09352486419705881,0,0,0.0,0.005149318274558334,0.0
2017-05-05,9285.2998046875,231900,-0.008002164979810267,-0.007970232889681239,1.584962500721156,1.0,0.09278740932117155,0,0,-0.0,-0.007970232889681239,-0.0
2017-05-08,9314.0498046875,174300,0.0030915084131222883,0.0030962920535411165,1.584962500721156,1.0,0.09280568589945108,0,0,0.0,0.0030962920535411165,0.0
2017-05-09,9316.849609375,132300,0.0003005549701442118,0.0003006001413146109,1.584962500721156,1.0,0.0907929549791214,0,0,0.0,0.0003006001413146109,0.0
2017-05-10,9407.2998046875,152700,0.009661416055306064,0.009708238203339103,1.584962500721156,1.0,0.08874769443454195,0,0,0.0,0.009708238203339103,0.0
2017-05-11,9422.400390625,171100,0.0016039118008357616,0.0016051987553300506,1.584962500721156,1.0,0.08871154449294172,0,0,0.0,0.0016051987553300506,0.0
2017-05-12,9400.900390625,154300,-0.0022844037397764944,-0.002281796475279485,1.584962500721156,1.0,0.08822470902356173,0,0,-0.0,-0.002281796475279485,-0.0
2017-05-15,9445.400390625,140800,0.004722420937348687,0.004733589140501593,1.584962500721156,1.0,0.08722158337290815,0,0,0.0,0.004733589140501593,0.0
2017-05-16,9512.25,166500,0.007052549770711115,0.007077477566896029,1.584962500721156,1.0,0.08760357710457276,0,0,0.0,0.007077477566896029,0.0
2017-05-17,9525.75,205500,0.0014182164368899746,0.0014192225814082526,1.584962500721156,1.0,0.08760442630562293,0,0,0.0,0.0014192225814082526,0.0
2017-05-18,9429.4501953125,193300,-0.01016086690923151,-0.010109419697924005,1.584962500721156,1.0,0.08976643803132212,0,0,-0.0,-0.010109419697924005,-0.0
2017-05-19,9427.900390625,252100,-0.00016437141409942322,-0.00016435790585866972,1.584962500721156,1.0,0.08863400023448215,0,0,-0.0,-0.00016435790585866972,-0.0
2017-05-22,9438.25,196800,0.0010971618691591547,0.001097763971423804,1.584962500721156,1.0,0.08821830602988437,0,0,0.0,0.001097763971423804,0.0
2017-05-23,9386.150390625,224400,-0.005535341505865151,-0.00552004973114717,1.584962500721156,1.0,0.0889110560569082,0,0,-0.0,-0.00552004973114717,-0.0
2017-05-24,9360.5498046875,211800,-0.002731211528938736,-0.0027274851639997877,1.584962500721156,1.0,0.08879151301459229,0,0,-0.0,-0.0027274851639997877,-0.0
2017-05-25,9509.75,289200,0.01581355951256376,0.015939255537936958,1.584962500721156,1.0,0.09060572114254113,0,0,0.0,0.015939255537936958,0.0
2017-05-26,9595.099609375,218800,0.008934922695320598,0.008974958266515953,1.584962500721156,1.0,0.09143392189316583,0,0,0.0,0.008974958266515953,0.0
2017-05-29,9604.900390625,235000,0.001020914802213731,0.00102143611312,1.584962500721156,1.0,0.09135566072465694,0,0,0.0,0.00102143611312,0.0
2017-05-30,9624.5498046875,193900,0.0020436799494468433,0.0020457696866569286,1.584962500721156,1.0,0.09136037494798814,0,0,0.0,0.0020457696866569286,0.0
2017-05-31,9621.25,414300,-0.0003429116745806887,-0.0003428528870922376,1.584962500721156,1.0,0.09124804079158569,0,0,-0.0,-0.0003428528870922376,-0.0
2017-06-01,9616.099609375,176100,-0.0005354574151470177,-0.0005353140834091219,1.584962500721156,1.0,0.09130294415167316,0,0,-0.0,-0.0005353140834091219,-0.0
2017-06-02,9653.5,162200,0.003881807442491232,0.00388935141525959,1.584962500721156,1.0,0.09138492635740306,0,0,0.0,0.00388935141525959,0.0
2017-06-05,9675.099609375,127700,0.00223499051174814,0.002237489964779682,1.584962500721156,1.0,0.08921398342488644,0,0,0.0,0.002237489964779682,0.0
2017-06-06,9637.150390625,145900,-0.003930072114359614,-0.003922359487981697,1.584962500721156,1.0,0.08950797398000986,0,0,-0.0,-0.003922359487981697,-0.0
2017-06-07,9663.900390625,160700,0.002771871586730097,0.002775716774745085,1.584962500721156,1.0,0.08838436827879333,0,0,0.0,0.002775716774745085,0.0
2017-06-08,9647.25,155400,-0.0017244332330555142,-0.0017229472523487832,1.584962500721156,1.0,0.08557266564949803,0,0,-0.0,-0.0017229472523487832,-0.0
2017-06-09,9668.25,159000,0.0021744203643893584,0.0021767861307626646,1.584962500721156,1.0,0.08541641783260805,0,0,0.0,0.0021767861307626646,0.0
2017-06-12,9616.400390625,141400,-0.005377306123000276,-0.005362874292141773,1.584962500721156,1.0,0.08605539040523089,0,0,-0.0,-0.005362874292141773,-0.0
2017-06-13,9606.900390625,129700,-0.0009883839285963953,-0.0009878956380873216,1.584962500721156,1.0,0.08462452380441238,0,0,-0.0,-0.0009878956380873216,-0.0
2017-06-14,9618.150390625,181800,0.001170348147540874,0.0011710332721861505,1.584962500721156,1.0,0.07978265880688033,0,0,0.0,0.0011710332721861505,0.0
2017-06-15,9578.0498046875,171100,-0.00417797729350316,-0.0041692616884621,1.584962500721156,1.0,0.08025073593348919,0,0,-0.0,-0.0041692616884621,-0.0
2017-06-16,9588.0498046875,213200,0.0010435092284018055,0.001044053873587636,1.584962500721156,1.0,0.08024955412133869,0,0,0.0,0.001044053873587636,0.0
2017-06-19,9657.5498046875,141700,0.0072224616043765726,0.007248606485755094,1.584962500721156,1.0,0.08032801673798184,0,0,0.0,0.007248606485755094,0.0
2017-06-20,9653.5,159500,-0.00041942875067181194,-0.0004193408027297618,1.584962500721156,1.0,0.07996284500095537,0,0,-0.0,-0.0004193408027297618,-0.0
2017-06-21,9633.599609375,144000,-0.0020635967138743832,-0.0020614689620345183,1.584962500721156,1.0,0.08011837404310675,0,0,-0.0,-0.0020614689620345183,-0.0
2017-06-22,9630.0,198800,-0.00037372136982585634,-0.00037365154469337636,1.584962500721156,1.0,0.08015350637069815,0,0,-0.0,-0.00037365154469337636,-0.0
2017-06-23,9574.9501953125,175200,-0.005732892290795095,-0.005716490621754944,1.584962500721156,1.0,0.0809377532486928,0,0,-0.0,-0.005716490621754944,-0.0
2017-06-27,9511.400390625,203300,-0.006659213268124637,-0.006637089842891464,1.584962500721156,1.0,0.08192875027628574,0,0,-0.0,-0.006637089842891464,-0.0
2017-06-28,9491.25,172400,-0.002120798705808072,-0.0021185514012070916,1.584962500721156,1.0,0.08198998143774389,0,0,-0.0,-0.0021185514012070916,-0.0
2017-06-29,9504.099609375,259300,0.001352921804466218,0.0013538374160411148,1.584962500721156,1.0,0.08070079544645278,0,0,0.0,0.0013538374160411148,0.0
2017-06-30,9520.900390625,179600,0.0017661798283679123,0.0017677404426008625,1.584962500721156,1.0,0.08024408885748618,0,0,0.0,0.0017677404426008625,0.0
2017-07-03,9615.0,183000,0.00983495586260243,0.009883477981521338,1.584962500721156,1.0,0.0813481905910956,0,0,0.0,0.009883477981521338,0.0
2017-07-04,9613.2998046875,144800,-0.00017684302140083614,-0.00017682738559543498,1.584962500721156,1.0,0.08082611353817129,0,0,-0.0,-0.00017682738559543498,-0.0
2017-07-05,9637.599609375,130800,0.0025245384198064923,0.0025277277502206985,1.584962500721156,1.0,0.08077741729820716,0,0,0.0,0.0025277277502206985,0.0
2017-07-06,9674.5498046875,147400,0.00382663157881288,0.003833962481337938,1.584962500721156,1.0,0.0809015789237952,0,0,0.0,0.003833962481337938,0.0
2017-07-07,9665.7998046875,141800,-0.000904844097829429,-0.0009044348498532528,1.584962500721156,1.0,0.08095245146577824,0,0,-0.0,-0.0009044348498532528,-0.0
2017-07-10,9771.0498046875,37500,0.010830050223587575,0.010888907501369838,1.584962500721156,1.0,0.08207120192116603,0,0,0.0,0.010888907501369838,0.0
2017-07-11,9786.0498046875,179700,0.0015339700917757582,0.001535147225716127,1.584962500721156,1.0,0.08192124786014401,0,0,0.0,0.001535147225716127,0.0
2017-07-12,9816.099609375,145500,0.003065972775967725,0.0030706776776372458,1.584962500721156,1.0,0.08128697818260971,0,0,0.0,0.0030706776776372458,0.0
2017-07-13,9891.7001953125,181300,0.0076721863955028615,0.007701693029408263,1.584962500721156,1.0,0.08135524242897078,0,0,0.0,0.007701693029408263,0.0
2017-07-14,9886.349609375,159600,-0.0005410630593885717,-0.0005409167111671831,1.584962500721156,1.0,0.08137126120851626,0,0,-0.0,-0.0005409167111671831,-0.0
2017-07-17,9915.9501953125,163500,0.0029896131536668747,0.0029940865038224906,1.584962500721156,1.0,0.08075212178877371,0,0,0.0,0.0029940865038224906,0.0
2017-07-18,9827.150390625,293900,-0.008995588419495522,-0.008955249163058343,1.584962500721156,1.0,0.08236606747522449,0,0,-0.0,-0.008955249163058343,-0.0
2017-07-19,9899.599609375,200200,0.007345309743460549,0.007372352703497453,1.584962500721156,1.0,0.08280971737556654,0,0,0.0,0.007372352703497453,0.0
2017-07-20,9873.2998046875,161100,-0.002660188538483533,-0.002656653372384299,1.584962500721156,1.0,0.08304387821934203,0,0,-0.0,-0.002656653372384299,-0.0
2017-07-21,9915.25,187500,0.004239851688892752,0.004248852576378193,1.584962500721156,1.0,0.08320624665429936,0,0,0.0,0.004248852576378193,0.0
2017-07-24,9966.400390625,174500,0.005145498736317388,0.005158759549683589,1.584962500721156,1.0,0.079123448139988,0,0,0.0,0.005158759549683589,0.0
2017-07-25,9964.5498046875,185500,-0.00018569972075426088,-0.00018568247962835738,1.584962500721156,1.0,0.07912094170181018,0,0,-0.0,-0.00018568247962835738,-0.0
2017-07-26,10020.650390625,197600,0.005614227803035337,0.0056300171143817135,1.584962500721156,1.0,0.07873312496621725,0,0,0.0,0.0056300171143817135,0.0
2017-07-27,10020.5498046875,287900,-1.0037915545995924e-05,-1.0037865166290239e-05,1.584962500721156,1.0,0.07874981616098713,0,0,-0.0,-1.0037865166290239e-05,-0.0
2017-07-28,10014.5,191600,-0.0006039221195206731,-0.0006037397952625145,1.584962500721156,1.0,0.07840819511023878,0,0,-0.0,-0.0006037397952625145,-0.0
2017-07-31,10077.099609375,237700,0.006231441314613235,0.006250897136651945,1.584962500721156,1.0,0.07883870937689345,0,0,0.0,0.006250897136651945,0.0
2017-08-01,10114.650390625,184300,0.003719422490879323,0.0037263481265050746,1.584962500721156,1.0,0.07666546168717696,0,0,0.0,0.0037263481265050746,0.0
2017-08-02,10081.5,161500,-0.0032828454686495033,-0.0032774628232060676,1.584962500721156,1.0,0.07658375189871078,0,0,-0.0,-0.0032774628232060676,-0.0
2017-08-03,10013.650390625,192700,-0.006752859858295522,-0.006730110536626532,1.584962500721156,1.0,0.07768662488930438,0,0,-0.0,-0.006730110536626532,-0.0
2017-08-04,10066.400390625,178600,0.005253982862758577,0.0052678092346210015,1.584962500721156,1.0,0.07681508795537241,0,0,0.0,0.0052678092346210015,0.0
2017-08-07,10057.400390625,137400,-0.0008944632972548343,-0.000894063384204502,1.584962500721156,1.0,0.07643433606644993,0,0,-0.0,-0.000894063384204502,-0.0
2017-08-08,9978.5498046875,203300,-0.007870951189924851,-0.007840056363968673,1.584962500721156,1.0,0.07764578908342755,0,0,-0.0,-0.007840056363968673,-0.0
2017-08-09,9908.0498046875,169200,-0.007090231284273741,-0.007065154895241621,1.584962500721156,1.0,0.078705174345264,0,0,-0.0,-0.007065154895241621,-0.0
2017-08-10,9820.25,235500,-0.008900958038211523,-0.008861461782919355,1.584962500721156,1.0,0.0803708009290138,0,0,-0.0,-0.008861461782919355,-0.0
2017-08-11,9710.7998046875,285900,-0.01120793220489222,-0.011145357329243155,1.584962500721156,1.0,0.08213003833578685,0,0,-0.0,-0.011145357329243155,-0.0
2017-08-14,9794.150390625,195600,0.008546660459731773,0.008583287433983067,1.584962500721156,1.0,0.08312007485213659,0,0,0.0,0.008583287433983067,0.0
2017-08-16,9897.2998046875,219500,0.010476664391422662,0.010531736796816515,1.584962500721156,1.0,0.08472247247186862,0,0,0.0,0.010531736796816515,0.0
2017-08-17,9904.150390625,197600,0.0006919277268328227,0.0006921671640436333,1.584962500721156,1.0,0.08373240900359828,0,0,0.0,0.0006921671640436333,0.0
2017-08-18,9837.400390625,246300,-0.006762412448120804,-0.006739598791147605,1.584962500721156,1.0,0.08457686799444747,0,0,-0.0,-0.006739598791147605,-0.0
2017-08-21,9754.349609375,205300,-0.008478188903126932,-0.008442350412935062,1.584962500721156,1.0,0.08549928360186697,0,0,-0.0,-0.008442350412935062,-0.0
2017-08-22,9765.5498046875,183600,0.0011475670344457027,0.0011482257414410224,1.584962500721156,1.0,0.08520113915914936,0,0,0.0,0.0011482257414410224,0.0
2017-08-23,9852.5,168600,0.008864363739937172,0.008903768559017866,1.584962500721156,1.0,0.08559994951160615,0,0,0.0,0.008903768559017866,0.0
2017-08-24,9857.0498046875,184700,0.0004616853061997081,0.00046179189926420783,1.584962500721156,1.0,0.08553006539619835,0,0,0.0,0.00046179189926420783,0.0
2017-08-28,9912.7998046875,159600,0.005639916223863896,0.005655850493267112,1.584962500721156,1.0,0.08554746579777343,0,0,0.0,0.005655850493267112,0.0
2017-08-29,9796.0498046875,173300,-0.011847608353940924,-0.011777701789638884,1.584962500721156,1.0,0.08816926704389291,0,0,-0.0,-0.011777701789638884,-0.0
2017-08-30,9884.400390625,157800,0.0089785730092648,0.009019001301445284,1.584962500721156,1.0,0.08910410495437292,0,0,0.0,0.009019001301445284,0.0
2017-08-31,9917.900390625,327700,0.0033834484516002566,0.0033891787742403867,1.584962500721156,1.0,0.08908026751523122,0,0,0.0,0.0033891787742403867,0.0
2017-09-01,9974.400390625,157800,0.005680605029627355,0.00569677026131532,1.584962500721156,1.0,0.08789478958500625,0,0,0.0,0.00569677026131532,0.0
2017-09-04,9912.849609375,148800,-0.006189993868598528,-0.006170875324781666,1.584962500721156,1.0,0.08743572569676707,0,0,-0.0,-0.006170875324781666,-0.0
2017-09-05,9952.2001953125,139200,0.003961795997934277,0.003969654285916446,1.584962500721156,1.0,0.08732891192711408,0,0,0.0,0.003969654285916446,0.0
2017-09-06,9916.2001953125,149200,-0.0036238487939692175,-0.0036172905783141696,1.584962500721156,1.0,0.08758075002117803,0,0,-0.0,-0.0036172905783141696,-0.0
2017-09-07,9929.900390625,188800,0.001380643762176384,0.0013815972895521167,1.584962500721156,1.0,0.08721835620849354,0,0,0.0,0.0013815972895521167,0.0
2017-09-08,9934.7998046875,163600,0.0004932784400140928,0.0004934001218306339,1.584962500721156,1.0,0.08721745556317127,0,0,0.0,0.0004934001218306339,0.0
2017-09-11,10006.0498046875,173000,0.007146165244692658,0.007171760015373785,1.584962500721156,1.0,0.08786263182927585,0,0,0.0,0.007171760015373785,0.0
2017-09-12,10093.0498046875,182600,0.008657158285843384,0.008694739852208588,1.584962500721156,1.0,0.08854964453565313,0,0,0.0,0.008694739852208588,0.0
2017-09-13,10079.2998046875,215000,-0.0013632524119145414,-0.0013623236054590704,1.584962500721156,1.0,0.08736189966246409,0,0,-0.0,-0.0013623236054590704,-0.0
2017-09-14,10086.599609375,225600,0.0007239751479918529,0.0007242372812548137,1.584962500721156,1.0,0.08728442490678963,0,0,0.0,0.0007242372812548137,0.0
2017-09-15,10085.400390625,266600,-0.0001188993408102696,-0.00011889227256378643,1.584962500721156,1.0,0.08729520384298613,0,0,-0.0,-0.00011889227256378643,-0.0
2017-09-18,10153.099609375,156100,0.006690166885736892,0.006712596042585561,1.584962500721156,1.0,0.08658769121487597,0,0,0.0,0.006712596042585561,0.0
2017-09-19,10147.5498046875,187500,-0.0005467613092135457,-0.0005466118624873895,1.584962500721156,1.0,0.08660929171950328,0,0,-0.0,-0.0005466118624873895,-0.0
2017-09-20,10141.150390625,199400,-0.000630835313560427,-0.0006306363787978997,1.584962500721156,1.0,0.0864853748992008,0,0,-0.0,-0.0006306363787978997,-0.0
2017-09-21,10121.900390625,191800,-0.001900010615274047,-0.0018982067377479872,1.584962500721156,1.0,0.08635392556591892,0,0,-0.0,-0.0018982067377479872,-0.0
2017-09-22,9964.400390625,226600,-0.01568265154818977,-0.01556031910231781,1.584962500721156,1.0,0.08997358642809287,0,0,-0.0,-0.01556031910231781,-0.0
2017-09-25,9872.599609375,221400,-0.009255576609087487,-0.009212875602266135,1.584962500721156,1.0,0.09143147381340529,0,0,-0.0,-0.009212875602266135,-0.0
2017-09-26,9871.5,190900,-0.00011138612526191736,-0.00011137992205778602,1.584962500721156,1.0,0.08967512622956322,0,0,-0.0,-0.00011137992205778602,-0.0
2017-09-27,9735.75,200100,-0.013847140123069935,-0.013751709466646389,1.584962500721156,1.0,0.09283328275182366,0,0,-0.0,-0.013751709466646389,-0.0
2017-09-28,9768.9501953125,385000,0.0034043309606841105,0.003410132276660871,1.584962500721156,1.0,0.09296554810914004,0,0,0.0,0.003410132276660871,0.0
2017-09-29,9788.599609375,196300,0.0020093949262780385,0.002011415113154058,1.584962500721156,1.0,0.09246150573717296,0,0,0.0,0.002011415113154058,0.0
2017-10-03,9859.5,162800,0.00721705404356513,0.007243159742390093,1.584962500721156,1.0,0.09298437770587081,0,0,0.0,0.007243159742390093,0.0
2017-10-04,9914.900390625,156200,0.005603258200374948,0.005618985813175215,1.584962500721156,1.0,0.08976088358362798,0,0,0.0,0.005618985813175215,0.0
2017-10-05,9888.7001953125,147800,-0.0026460047490028745,-0.0026425071639926134,1.584962500721156,1.0,0.08875234596771535,0,0,-0.0,-0.0026425071639926134,-0.0
2017-10-06,9979.7001953125,195800,0.009160338481321154,0.009202422785872022,1.584962500721156,1.0,0.08996721823593407,0,0,0.0,0.009202422785872022,0.0
2017-10-09,9988.75,143900,0.0009064103842389305,0.0009068212982741297,1.584962500721156,1.0,0.0899294123959459,0,0,0.0,0.0009068212982741297,0.0
2017-10-10,10016.9501953125,148600,0.0028192178944088774,0.0028231956263296,1.584962500721156,1.0,0.0900098109319357,0,0,0.0,0.0028231956263296,0.0
2017-10-11,9984.7998046875,189700,-0.00321476053982032,-0.0032095987299651796,1.584962500721156,1.0,0.09020413182505564,0,0,-0.0,-0.0032095987299651796,-0.0
2017-10-12,10096.400390625,200900,0.011115046293774924,0.011177047924897598,1.584962500721156,1.0,0.09178867169260377,0,0,0.0,0.011177047924897598,0.0
2017-10-13,10167.4501953125,230100,0.007012497012134821,0.007037142143597297,1.584962500721156,1.0,0.09239075252691242,0,0,0.0,0.007037142143597297,0.0
2017-10-16,10230.849609375,203000,0.006216166917771876,0.006235527378509298,1.584962500721156,1.0,0.09255701245062092,0,0,0.0,0.006235527378509298,0.0
2017-10-17,10234.4501953125,195700,0.0003518722920273383,0.00035193420634405115,1.584962500721156,1.0,0.09248953998729215,0,0,0.0,0.00035193420634405115,0.0
2017-10-18,10210.849609375,254200,-0.0023086574073600593,-0.0023059945074831445,1.584962500721156,1.0,0.09253693577152738,0,0,-0.0,-0.0023059945074831445,-0.0
2017-10-19,10146.5498046875,30200,-0.006317115188263494,-0.006297204164917303,1.584962500721156,1.0,0.09322422986808815,0,0,-0.0,-0.006297204164917303,-0.0
2017-10-23,10184.849609375,218100,0.003767556695072139,0.00377466285828576,1.584962500721156,1.0,0.09283673803019088,0,0,0.0,0.00377466285828576,0.0
2017-10-24,10207.7001953125,217200,0.002241072913402321,0.0022435859942857572,1.584962500721156,1.0,0.0928338104613385,0,0,0.0,0.0022435859942857572,0.0
2017-10-25,10295.349609375,594200,0.008549942456258083,0.008586597606260904,1.584962500721156,1.0,0.09376215655488458,0,0,0.0,0.008586597606260904,0.0
2017-10-26,10343.7998046875,429700,0.004694988474485417,0.004706027201677676,1.584962500721156,1.0,0.09361552960868631,0,0,0.0,0.004706027201677676,0.0
2017-10-27,10323.0498046875,312700,-0.0020080474155119445,-0.002006032637116295,1.584962500721156,1.0,0.09373727301640512,0,0,-0.0,-0.002006032637116295,-0.0
2017-10-30,10363.650390625,236900,0.003925288971653147,0.00393300300838062,1.584962500721156,1.0,0.09326084141820061,0,0,0.0,0.00393300300838062,0.0
2017-10-31,10335.2998046875,232600,-0.0027393276855447964,-0.002735579151063039,1.584962500721156,1.0,0.09342625190630817,0,0,-0.0,-0.002735579151063039,-0.0
2017-11-01,10440.5,260300,0.010127272636955603,0.010178727013297362,1.584962500721156,1.0,0.09460329007731198,0,0,0.0,0.010178727013297362,0.0
2017-11-02,10423.7998046875,201500,-0.001600839619376669,-0.0015995589591015769,1.584962500721156,1.0,0.09467209930790645,0,0,-0.0,-0.0015995589591015769,-0.0
2017-11-03,10452.5,199900,0.002749549839980272,0.0027533333189682097,1.584962500721156,1.0,0.09405644084459448,0,0,0.0,0.0027533333189682097,0.0
2017-11-06,10451.7998046875,193600,-6.699055402996047e-05,-6.698831021290097e-05,1.584962500721156,1.0,0.09318435856803384,0,0,-0.0,-6.698831021290097e-05,-0.0
2017-11-07,10350.150390625,286900,-0.009773143593572503,-0.009725541625559164,1.584962500721156,1.0,0.09478707234017349,0,0,-0.0,-0.009725541625559164,-0.0
2017-11-08,10303.150390625,274500,-0.004551338464517429,-0.004540996818999998,1.584962500721156,1.0,0.09523206459449865,0,0,-0.0,-0.004540996818999998,-0.0
2017-11-09,10308.9501953125,240200,0.0005627572809849458,0.0005629156585715833,1.584962500721156,1.0,0.09522225333033352,0,0,0.0,0.0005629156585715833,0.0
2017-11-10,10321.75,279400,0.0012408504033945,0.0012416205767800115,1.584962500721156,1.0,0.09401297219218989,0,0,0.0,0.0012416205767800115,0.0
2017-11-13,10224.9501953125,210300,-0.009422488277922888,-0.009378235734008311,1.584962500721156,1.0,0.095542190963157,0,0,-0.0,-0.009378235734008311,-0.0
2017-11-14,10186.599609375,305000,-0.003757738283689395,-0.0037506868204679744,1.584962500721156,1.0,0.0957778028904488,0,0,-0.0,-0.0037506868204679744,-0.0
2017-11-15,10118.0498046875,207400,-0.0067521545169891405,-0.00672940994209803,1.584962500721156,1.0,0.09640732757424313,0,0,-0.0,-0.00672940994209803,-0.0
2017-11-16,10214.75,182600,0.009511815914835575,0.009557197007243445,1.584962500721156,1.0,0.09754710870454576,0,0,0.0,0.009557197007243445,0.0
2017-11-17,10283.599609375,203300,0.006717601133431633,0.006740214824151325,1.584962500721156,1.0,0.0965653715466907,0,0,0.0,0.006740214824151325,0.0
2017-11-20,10298.75,147200,0.001472173357154509,0.0014732575363192169,1.584962500721156,1.0,0.09656367670333262,0,0,0.0,0.0014732575363192169,0.0
2017-11-21,10326.900390625,186100,0.0027296504663746014,0.0027333793542905216,1.584962500721156,1.0,0.09654067353528323,0,0,0.0,0.0027333793542905216,0.0
2017-11-22,10342.2998046875,157600,0.0014900834832817704,0.00149119420929833,1.584962500721156,1.0,0.09580319423369991,0,0,0.0,0.00149119420929833,0.0
2017-11-23,10348.75,153000,0.0006234768735595227,0.0006236712756650942,1.584962500721156,1.0,0.0957873530710122,0,0,0.0,0.0006236712756650942,0.0
2017-11-24,10389.7001953125,129200,0.003949210104835523,0.003957018510689636,1.584962500721156,1.0,0.09587117016410385,0,0,0.0,0.003957018510689636,0.0
2017-11-27,10399.5498046875,141900,0.0009475676238426342,0.000948016707878141,1.584962500721156,1.0,0.09451132720652408,0,0,0.0,0.000948016707878141,0.0
2017-11-28,10370.25,196000,-0.0028213872448567432,-0.0028174108723719726,1.584962500721156,1.0,0.09399535400885407,0,0,-0.0,-0.0028174108723719726,-0.0
2017-11-29,10361.2998046875,152500,-0.0008634372203591307,-0.0008630645657047298,1.584962500721156,1.0,0.09387144299111298,0,0,-0.0,-0.0008630645657047298,-0.0
2017-11-30,10226.5498046875,342500,-0.013090432150481796,-0.013005125084696312,1.584962500721156,1.0,0.09638103565956628,0,0,-0.0,-0.013005125084696312,-0.0
2017-12-01,10121.7998046875,143400,-0.010295766224326257,-0.010242946252702612,1.584962500721156,1.0,0.09765763789999035,0,0,-0.0,-0.010242946252702612,-0.0
2017-12-04,10127.75,148600,0.0005876866933977984,0.0005878594150563465,1.584962500721156,1.0,0.09765819367428648,0,0,0.0,0.0005878594150563465,0.0
2017-12-05,10118.25,155500,-0.000938457048031478,-0.0009380168349337747,1.584962500721156,1.0,0.09724051254706098,0,0,-0.0,-0.0009380168349337747,-0.0
2017-12-06,10044.099609375,166100,-0.007355365457362713,-0.007328380957675518,1.584962500721156,1.0,0.09803920298574678,0,0,-0.0,-0.007328380957675518,-0.0
2017-12-07,10166.7001953125,166200,0.012132334291871919,0.012206229598028528,1.584962500721156,1.0,0.1001021521602588,0,0,0.0,0.012206229598028528,0.0
2017-12-08,10265.650390625,200000,0.009685715646246356,0.009732773998600175,1.584962500721156,1.0,0.10085864908684246,0,0,0.0,0.009732773998600175,0.0
2017-12-11,10322.25,147400,0.005498351059959995,0.0055134947345070184,1.584962500721156,1.0,0.10107780247119605,0,0,0.0,0.0055134947345070184,0.0
2017-12-12,10240.150390625,175100,-0.007985453457626933,-0.007953654423696332,1.584962500721156,1.0,0.10184340072385309,0,0,-0.0,-0.007953654423696332,-0.0
2017-12-13,10192.9501953125,181600,-0.0046199820794001496,-0.004609326378225087,1.584962500721156,1.0,0.10149461688699409,0,0,-0.0,-0.004609326378225087,-0.0
2017-12-14,10252.099609375,154300,0.005786200538018408,0.005802972930222028,1.584962500721156,1.0,0.10157357468691901,0,0,0.0,0.005802972930222028,0.0
2017-12-15,10333.25,255100,0.007884326721783314,0.007915489872025061,1.584962500721156,1.0,0.10236412994056146,0,0,0.0,0.007915489872025061,0.0
2017-12-18,10388.75,230400,0.005356638616709943,0.005371011056540809,1.584962500721156,1.0,0.10176551711731446,0,0,0.0,0.005371011056540809,0.0
2017-12-19,10463.2001953125,169100,0.007140867974318959,0.007166424768379365,1.584962500721156,1.0,0.10156680500260498,0,0,0.0,0.007166424768379365,0.0
2017-12-20,10444.2001953125,175200,-0.0018175387542658723,-0.001815888030940238,1.584962500721156,1.0,0.10037412307981393,0,0,-0.0,-0.001815888030940238,-0.0
2017-12-21,10440.2998046875,151900,-0.00037352013889224483,-0.00037345038892977467,1.584962500721156,1.0,0.09835644903475031,0,0,-0.0,-0.00037345038892977467,-0.0
2017-12-22,10493.0,138800,0.0050350692095142814,0.0050477664720738336,1.584962500721156,1.0,0.09774745840561154,0,0,0.0,0.0050477664720738336,0.0
2017-12-26,10531.5,155600,0.0036623979675021196,0.003669112741827796,1.584962500721156,1.0,0.09648757806337604,0,0,0.0,0.003669112741827796,0.0
2017-12-27,10490.75,165200,-0.0038768496273459364,-0.003869344347908643,1.584962500721156,1.0,0.0967897298644222,0,0,-0.0,-0.003869344347908643,-0.0
2017-12-28,10477.900390625,272900,-0.0012256021006669842,-0.0012248513571480046,1.584962500721156,1.0,0.09603130300602464,0,0,-0.0,-0.0012248513571480046,-0.0
2017-12-29,10530.7001953125,152000,0.005026504801246669,0.005039158869532878,1.584962500721156,1.0,0.0950299396960361,0,0,0.0,0.005039158869532878,0.0
2018-01-02,10442.2001953125,153400,-0.008439512288536271,-0.008403999578242116,1.584962500721156,1.0,0.09629089931489708,0,0,-0.0,-0.008403999578242116,-0.0
2018-01-03,10443.2001953125,167300,9.576067320342099e-05,9.576525840304662e-05,1.584962500721156,1.0,0.0953101241481791,0,0,0.0,9.576525840304662e-05,0.0
2018-01-04,10504.7998046875,174900,0.005881209368789884,0.0058985376343401175,1.584962500721156,1.0,0.09571088385791186,0,0,0.0,0.0058985376343401175,0.0
2018-01-05,10558.849609375,180900,0.005132056867763014,0.005145248428569005,1.584962500721156,1.0,0.09564051992599389,0,0,0.0,0.005145248428569005,0.0
2018-01-08,10623.599609375,169000,0.006113570815585057,0.006132296831134809,1.584962500721156,1.0,0.09366959510117619,0,0,0.0,0.006132296831134809,0.0
2018-01-09,10637.0,205000,0.001260584616212523,0.0012613794869653638,1.584962500721156,1.0,0.09267008419121177,0,0,0.0,0.0012613794869653638,0.0
2018-01-10,10632.2001953125,176400,-0.0004513385294137436,-0.0004512366915013777,1.584962500721156,1.0,0.09259131109007301,0,0,-0.0,-0.0004512366915013777,-0.0
2018-01-11,10651.2001953125,153800,0.0017854294613236375,0.0017870242895141608,1.584962500721156,1.0,0.09223543448348907,0,0,0.0,0.0017870242895141608,0.0
2018-01-12,10681.25,175200,0.0028172876803263624,0.00282125996474325,1.584962500721156,1.0,0.09155107133455992,0,0,0.0,0.00282125996474325,0.0
2018-01-15,10741.5498046875,175900,0.005629512900836509,0.005645388385020489,1.584962500721156,1.0,0.09175493339146903,0,0,0.0,0.005645388385020489,0.0
2018-01-16,10700.4501953125,211000,-0.00383356587156863,-0.003826227138756466,1.584962500721156,1.0,0.09178454032683007,0,0,-0.0,-0.003826227138756466,-0.0
2018-01-17,10788.5498046875,252700,0.00819955353642979,0.008233261943837888,1.584962500721156,1.0,0.09260264824875633,0,0,0.0,0.008233261943837888,0.0
2018-01-18,10817.0,312000,0.002633602200690908,0.002637073177355065,1.584962500721156,1.0,0.0926438717910618,0,0,0.0,0.002637073177355065,0.0
2018-01-19,10894.7001953125,207600,0.007157479729840962,0.007183155709762357,1.584962500721156,1.0,0.09264601798469689,0,0,0.0,0.007183155709762357,0.0
2018-01-22,10966.2001953125,231600,0.006541382438729125,0.006562824007838586,1.584962500721156,1.0,0.09221399419912131,0,0,0.0,0.006562824007838586,0.0
2018-01-23,11083.7001953125,284600,0.010657745398174344,0.010714741469905364,1.584962500721156,1.0,0.09355465670568863,0,0,0.0,0.010714741469905364,0.0
2018-01-24,11086.0,283400,0.000207472782716017,0.00020749430668232094,1.584962500721156,1.0,0.09356383028168576,0,0,0.0,0.00020749430668232094,0.0
2018-01-25,11069.650390625,330300,-0.0014758864718050037,-0.001474797886974577,1.584962500721156,1.0,0.09363934325891957,0,0,-0.0,-0.001474797886974577,-0.0
2018-01-29,11130.400390625,241700,0.00547297411504586,0.005487978197707966,1.584962500721156,1.0,0.09345315525886785,0,0,0.0,0.005487978197707966,0.0
2018-01-30,11049.650390625,228000,-0.007281350035077295,-0.0072549052294663685,1.584962500721156,1.0,0.09444723639583051,0,0,-0.0,-0.0072549052294663685,-0.0
2018-01-31,11027.7001953125,245900,-0.0019884815852113905,-0.001986505865481769,1.584962500721156,1.0,0.09453870525735356,0,0,-0.0,-0.001986505865481769,-0.0
2018-02-01,11016.900390625,306200,-0.000979814128127614,-0.000979334267002474,1.584962500721156,1.0,0.09447319320650924,0,0,-0.0,-0.000979334267002474,-0.0
2018-02-02,10760.599609375,282700,-0.023539213933076866,-0.023264327729431322,1.584962500721156,1.0,0.0991848758891449,0,0,-0.0,-0.023264327729431322,-0.0
2018-02-05,10666.5498046875,240100,-0.00877862069830589,-0.00874020111347329,1.584962500721156,1.0,0.09905034372952508,0,0,-0.0,-0.00874020111347329,-0.0
2018-02-06,10498.25,266500,-0.01590408165467595,-0.015778279553294694,1.584962500721156,1.0,0.10293755383636778,0,0,-0.0,-0.015778279553294694,-0.0
2018-02-07,10476.7001953125,250400,-0.0020548141539544224,-0.0020527044686019513,1.584962500721156,1.0,0.10007563261291011,0,0,-0.0,-0.0020527044686019513,-0.0
2018-02-08,10576.849609375,232200,0.009513851145813865,0.009559251691416026,1.584962500721156,1.0,0.10104073949300166,0,0,0.0,0.009559251691416026,0.0
2018-02-09,10454.9501953125,191600,-0.0115920444485001,-0.011525115565078292,1.584962500721156,1.0,0.10315260348016166,0,0,-0.0,-0.011525115565078292,-0.0
2018-02-12,10539.75,217400,0.008078254517088934,0.008110971654893273,1.584962500721156,1.0,0.10331584842631417,0,0,0.0,0.008110971654893273,0.0
2018-02-14,10500.900390625,229200,-0.003692818691702758,-0.0036860086221209842,1.584962500721156,1.0,0.1032481730069867,0,0,-0.0,-0.0036860086221209842,-0.0
2018-02-15,10545.5,210600,0.004238223668407977,0.004247217640005241,1.584962500721156,1.0,0.1032707950344993,0,0,0.0,0.004247217640005241,0.0
2018-02-16,10452.2998046875,184300,-0.008877197442514924,-0.00883791146104973,1.584962500721156,1.0,0.10350432348695958,0,0,-0.0,-0.00883791146104973,-0.0
2018-02-19,10378.400390625,187300,-0.007095270288084443,-0.0070701582851038225,1.584962500721156,1.0,0.10428155904462713,0,0,-0.0,-0.0070701582851038225,-0.0
2018-02-20,10360.400390625,187700,-0.0017358770846747271,-0.001734371321447492,1.584962500721156,1.0,0.10426402165408649,0,0,-0.0,-0.001734371321447492,-0.0
2018-02-21,10397.4501953125,234100,0.003569718731482044,0.003576097765586983,1.584962500721156,1.0,0.10422075363925618,0,0,0.0,0.003576097765586983,0.0
2018-02-22,10382.7001953125,313600,-0.0014196242279203768,-0.0014186170381128571,1.584962500721156,1.0,0.10268815784120669,0,0,-0.0,-0.0014186170381128571,-0.0
2018-02-23,10491.0498046875,210600,0.010381515779008083,0.010435590678416817,1.584962500721156,1.0,0.10346254844320957,0,0,0.0,0.010435590678416817,0.0
2018-02-26,10582.599609375,171900,0.008688611908417675,0.008726467454819975,1.584962500721156,1.0,0.1039412108326468,0,0,0.0,0.008726467454819975,0.0
2018-02-27,10554.2998046875,187500,-0.002677764703635068,-0.0026741826897078713,1.584962500721156,1.0,0.10406672214305601,0,0,-0.0,-0.0026741826897078713,-0.0
2018-02-28,10492.849609375,286000,-0.0058393057141950064,-0.005822290104475547,1.584962500721156,1.0,0.10448818735730714,0,0,-0.0,-0.005822290104475547,-0.0
2018-03-01,10458.349609375,176000,-0.003293370543887722,-0.0032879533476946055,1.584962500721156,1.0,0.10406742594906225,0,0,-0.0,-0.0032879533476946055,-0.0
2018-03-05,10358.849609375,194000,-0.009559475957881534,-0.009513929416818057,1.584962500721156,1.0,0.10520636768176389,0,0,-0.0,-0.009513929416818057,-0.0
2018-03-06,10249.25,222900,-0.01063665692404489,-0.010580287725753812,1.584962500721156,1.0,0.10669121335438139,0,0,-0.0,-0.010580287725753812,-0.0
2018-03-07,10154.2001953125,249500,-0.009317099938461516,-0.00927383024977435,1.584962500721156,1.0,0.10684731590298102,0,0,-0.0,-0.00927383024977435,-0.0
2018-03-08,10242.650390625,226400,0.00867298109371104,0.008710700361544088,1.584962500721156,1.0,0.10756336252468768,0,0,0.0,0.008710700361544088,0.0
2018-03-09,10226.849609375,186500,-0.0015438368683495453,-0.001542645765246653,1.584962500721156,1.0,0.10754296180499347,0,0,-0.0,-0.001542645765246653,-0.0
2018-03-12,10421.400390625,216400,0.018844845326350685,0.019023530088059015,1.584962500721156,1.0,0.11193381820892034,0,0,0.0,0.019023530088059015,0.0
2018-03-13,10426.849609375,266700,0.000522750722395459,0.0005228873803659884,1.584962500721156,1.0,0.11183573225646272,0,0,0.0,0.0005228873803659884,0.0
2018-03-14,10410.900390625,181400,-0.0015308007692338495,-0.001529629691374823,1.584962500721156,1.0,0.11056970686147735,0,0,-0.0,-0.001529629691374823,-0.0
2018-03-15,10360.150390625,173900,-0.004886618546444992,-0.004874698450260895,1.584962500721156,1.0,0.11083812457522585,0,0,-0.0,-0.004874698450260895,-0.0
2018-03-16,10195.150390625,328500,-0.0160545978679463,-0.01592640973139836,1.584962500721156,1.0,0.11390839317988846,0,0,-0.0,-0.01592640973139836,-0.0
2018-03-19,10094.25,210200,-0.00994620052782473,-0.009896900659531527,1.584962500721156,1.0,0.11505064203852619,0,0,-0.0,-0.009896900659531527,-0.0
2018-03-20,10124.349609375,203000,0.002977420018466655,0.002981856935879268,1.584962500721156,1.0,0.11407943460645599,0,0,0.0,0.002981856935879268,0.0
2018-03-21,10155.25,204800,0.003047438325629427,0.003052086486265315,1.584962500721156,1.0,0.11397582979836575,0,0,0.0,0.003052086486265315,0.0
2018-03-22,10114.75,230500,-0.003996058598285198,-0.003988084980675044,1.584962500721156,1.0,0.11414905112039399,0,0,-0.0,-0.003988084980675044,-0.0
2018-03-23,9998.0498046875,285700,-0.011604700101594518,-0.011537625281148767,1.584962500721156,1.0,0.11569958465942307,0,0,-0.0,-0.011537625281148767,-0.0
2018-03-26,10130.650390625,262600,0.01317546616079525,0.013262645068574441,1.584962500721156,1.0,0.11685790189632825,0,0,0.0,0.013262645068574441,0.0
2018-03-27,10184.150390625,225700,0.005267107884641591,0.005281003483202706,1.584962500721156,1.0,0.11703434478980716,0,0,0.0,0.005281003483202706,0.0
2018-03-28,10113.7001953125,344400,-0.006941668814759831,-0.006917631084606968,1.584962500721156,1.0,0.11706571658633969,0,0,-0.0,-0.006917631084606968,-0.0
2018-04-02,10211.7998046875,225400,0.009652935584409928,0.009699675438319622,1.584962500721156,1.0,0.11709843270922538,0,0,0.0,0.009699675438319622,0.0
2018-04-03,10245.0,205300,0.0032458864317621047,0.0032511600254110373,1.584962500721156,1.0,0.11667758711713964,0,0,0.0,0.0032511600254110373,0.0
2018-04-04,10128.400390625,231100,-0.011446384030859532,-0.011381123413860439,1.584962500721156,1.0,0.11819556944964583,0,0,-0.0,-0.011381123413860439,-0.0
2018-04-05,10325.150390625,236800,0.019239306758980577,0.019425574859986305,1.584962500721156,1.0,0.12249863053390607,0,0,0.0,0.019425574859986305,0.0
2018-04-06,10331.599609375,200200,0.0006244175835545499,0.0006246125727966678,1.584962500721156,1.0,0.12247734004426801,0,0,0.0,0.0006246125727966678,0.0
2018-04-09,10379.349609375,221600,0.004611095715747583,0.004621743176794313,1.584962500721156,1.0,0.12271740189063364,0,0,0.0,0.004621743176794313,0.0
2018-04-10,10402.25,251700,0.0022039111834326382,0.002206341580816895,1.584962500721156,1.0,0.12259437984046673,0,0,0.0,0.002206341580816895,0.0
2018-04-11,10417.150390625,250400,0.001431395034394698,0.0014324199692374862,1.584962500721156,1.0,0.12260749114817696,0,0,0.0,0.0014324199692374862,0.0
2018-04-12,10458.650390625,238600,0.0039759006232568585,0.003983815001590951,1.584962500721156,1.0,0.12268920134579508,0,0,0.0,0.003983815001590951,0.0
2018-04-13,10480.599609375,213100,0.002096467331850084,0.002098666456015641,1.584962500721156,1.0,0.1227237445374012,0,0,0.0,0.002098666456015641,0.0
2018-04-16,10528.349609375,195000,0.004545689717794212,0.004556037037927396,1.584962500721156,1.0,0.12087984985851588,0,0,0.0,0.004556037037927396,0.0
2018-04-17,10548.7001953125,206100,0.0019310664870136763,0.001932932196645476,1.584962500721156,1.0,0.11956285071176881,0,0,0.0,0.001932932196645476,0.0
2018-04-18,10526.2001953125,205400,-0.0021352422200410556,-0.002132964212026689,1.584962500721156,1.0,0.11964134448786838,0,0,-0.0,-0.002132964212026689,-0.0
2018-04-19,10565.2998046875,262600,0.0037076219486611,0.0037145036812440413,1.584962500721156,1.0,0.11974356058765033,0,0,0.0,0.0037145036812440413,0.0
2018-04-20,10564.0498046875,244600,-0.00011831883371402492,-0.00011831183431687542,1.584962500721156,1.0,0.11901276749317974,0,0,-0.0,-0.00011831183431687542,-0.0
2018-04-23,10584.7001953125,194200,0.0019528716532068399,0.0019547797489403163,1.584962500721156,1.0,0.1174186171786777,0,0,0.0,0.0019547797489403163,0.0
2018-04-24,10614.349609375,219200,0.002797241731914462,0.0028011576629851653,1.584962500721156,1.0,0.11644582209351644,0,0,0.0,0.0028011576629851653,0.0
2018-04-25,10570.5498046875,189200,-0.004135008266019891,-0.00412647089076601,1.584962500721156,1.0,0.11636051722729615,0,0,-0.0,-0.00412647089076601,-0.0
2018-04-26,10617.7998046875,335100,0.004460005540255803,0.0044699661676110836,1.584962500721156,1.0,0.11572402696272047,0,0,0.0,0.0044699661676110836,0.0
2018-04-27,10692.2998046875,0,0.006992018327494462,0.007016519558704637,1.584962500721156,1.0,0.11592815749086861,0,0,0.0,0.007016519558704637,0.0
2018-04-30,10739.349609375,173800,0.004390691482923282,0.004400344691688707,1.584962500721156,1.0,0.1157724655866611,0,0,0.0,0.004400344691688707,0.0
2018-05-02,10718.0498046875,229700,-0.0019853115722468315,-0.0019833421447520427,1.584962500721156,1.0,0.11517023534723256,0,0,-0.0,-0.0019833421447520427,-0.0
2018-05-03,10679.650390625,185200,-0.003589119852419833,-0.003582686660562606,1.584962500721156,1.0,0.11505422693667337,0,0,-0.0,-0.003582686660562606,-0.0
2018-05-04,10618.25,186500,-0.005765879228025447,-0.0057492884485150775,1.584962500721156,1.0,0.11491045695677174,0,0,-0.0,-0.0057492884485150775,-0.0
2018-05-07,10715.5,168400,0.009117072584576636,0.00915875968262192,1.584962500721156,1.0,0.11582975054571557,0,0,0.0,0.00915875968262192,0.0
2018-05-08,10717.7998046875,269800,0.00021460108497364168,0.00021462411343375898,1.584962500721156,1.0,0.11582446463292859,0,0,0.0,0.00021462411343375898,0.0
2018-05-09,10741.7001953125,215400,0.002227489038162844,0.0022299717349214543,1.584962500721156,1.0,0.11559393882097277,0,0,0.0,0.0022299717349214543,0.0
2018-05-10,10716.5498046875,192100,-0.002344124254457977,-0.0023413789407356056,1.584962500721156,1.0,0.11553032793130251,0,0,-0.0,-0.0023413789407356056,-0.0
2018-05-11,10806.5,203100,0.008358547680564028,0.00839357787271755,1.584962500721156,1.0,0.11612235389721676,0,0,0.0,0.00839357787271755,0.0
2018-05-14,10806.599609375,171400,9.217500201396874e-06,9.217542682682378e-06,1.584962500721156,1.0,0.11609391113372275,0,0,0.0,9.217542682682378e-06,0.0
2018-05-15,10801.849609375,254300,-0.00043964284789006357,-0.0004395462191344457,1.584962500721156,1.0,0.11582956565417322,0,0,-0.0,-0.0004395462191344457,-0.0
2018-05-16,10741.099609375,231100,-0.005639911268794516,-0.005624036826737067,1.584962500721156,1.0,0.1153263038748403,0,0,-0.0,-0.005624036826737067,-0.0
2018-05-17,10682.7001953125,214100,-0.005451839472282671,-0.005437005165795927,1.584962500721156,1.0,0.11572887155123486,0,0,-0.0,-0.005437005165795927,-0.0
2018-05-18,10596.400390625,223000,-0.008111271197454395,-0.008078463600931896,1.584962500721156,1.0,0.11616939562930147,0,0,-0.0,-0.008078463600931896,-0.0
2018-05-21,10516.7001953125,0,-0.007549869197766206,-0.007521440524559053,1.584962500721156,1.0,0.11655048828670422,0,0,-0.0,-0.007521440524559053,-0.0
2018-05-22,10536.7001953125,241700,0.0018999311888009693,0.0019017372016476575,1.584962500721156,1.0,0.11613264030556046,0,0,0.0,0.0019017372016476575,0.0
2018-05-23,10430.349609375,290900,-0.010144631600820039,-0.010093348388598211,1.584962500721156,1.0,0.11731879554293174,0,0,-0.0,-0.010093348388598211,-0.0
2018-05-24,10513.849609375,297600,0.007973610404251362,0.008005484296034426,1.584962500721156,1.0,0.11811566322833914,0,0,0.0,0.008005484296034426,0.0
2018-05-25,10605.150390625,260800,0.008646370571623485,0.00868385840031305,1.584962500721156,1.0,0.11898451374969161,0,0,0.0,0.00868385840031305,0.0
2018-05-28,10688.650390625,232600,0.00784269833741265,0.007873532851907061,1.584962500721156,1.0,0.11962263027621357,0,0,0.0,0.007873532851907061,0.0
2018-05-29,10633.2998046875,225800,-0.005191899405584954,-0.005178444790938985,1.584962500721156,1.0,0.11955313660240341,0,0,-0.0,-0.005178444790938985,-0.0
2018-05-30,10614.349609375,238700,-0.0017837455774774606,-0.0017821556488181178,1.584962500721156,1.0,0.11942162231018588,0,0,-0.0,-0.0017821556488181178,-0.0
2018-05-31,10736.150390625,610300,0.011409765823805856,0.011475105468772284,1.584962500721156,1.0,0.12017101235910738,0,0,0.0,0.011475105468772284,0.0
2018-06-01,10696.2001953125,220600,-0.003728031736138272,-0.0037210912532843476,1.584962500721156,1.0,0.12023960972400873,0,0,-0.0,-0.0037210912532843476,-0.0
2018-06-04,10628.5,203800,-0.00634948413268003,-0.006329368754912523,1.584962500721156,1.0,0.12004740031077758,0,0,-0.0,-0.006329368754912523,-0.0
2018-06-05,10593.150390625,167700,-0.003331469647161854,-0.003325926459519235,1.584962500721156,1.0,0.11959603990023916,0,0,-0.0,-0.003325926459519235,-0.0
2018-06-06,10684.650390625,189900,0.00860056590990892,0.0086376570355291,1.584962500721156,1.0,0.11910677311431843,0,0,0.0,0.0086376570355291,0.0
2018-06-07,10768.349609375,220900,0.007803071219768874,0.007833594520176401,1.584962500721156,1.0,0.11989333798075756,0,0,0.0,0.007833594520176401,0.0
2018-06-08,10767.650390625,209400,-6.49348765086917e-05,-6.493276828523076e-05,1.584962500721156,1.0,0.11987816799558199,0,0,-0.0,-6.493276828523076e-05,-0.0
2018-06-11,10786.9501953125,211400,0.0017907833428202438,0.0017923877528847054,1.584962500721156,1.0,0.11953329294752175,0,0,0.0,0.0017923877528847054,0.0
2018-06-12,10842.849609375,198300,0.005168752278609608,0.005182133323169635,1.584962500721156,1.0,0.11930386308869356,0,0,0.0,0.005182133323169635,0.0
2018-06-13,10856.7001953125,213400,0.001276578356983104,0.0012773935299743577,1.584962500721156,1.0,0.11929114089506522,0,0,0.0,0.0012773935299743577,0.0
2018-06-14,10808.0498046875,184300,-0.004491210136474933,-0.0044811397339686865,1.584962500721156,1.0,0.11950284739861035,0,0,-0.0,-0.0044811397339686865,-0.0
2018-06-15,10817.7001953125,305400,0.0008924907821071907,0.000892889170515776,1.584962500721156,1.0,0.1128048406892061,0,0,0.0,0.000892889170515776,0.0
2018-06-18,10799.849609375,196600,-0.0016514905857463397,-0.00165012762557748,1.584962500721156,1.0,0.11185025263738628,0,0,-0.0,-0.00165012762557748,-0.0
2018-06-19,10710.4501953125,224500,-0.00831229035595547,-0.008277838793689818,1.584962500721156,1.0,0.10946315097392731,0,0,-0.0,-0.008277838793689818,-0.0
2018-06-20,10772.0498046875,193500,0.005734879851344152,0.005751355755517995,1.584962500721156,1.0,0.10977992711947362,0,0,0.0,0.005751355755517995,0.0
2018-06-21,10741.099609375,223600,-0.002877330145384961,-0.0028731945983977436,1.584962500721156,1.0,0.10879170109501057,0,0,-0.0,-0.0028731945983977436,-0.0
2018-06-22,10821.849609375,229800,0.00748973404895337,0.007517852262492797,1.584962500721156,1.0,0.10762914151944171,0,0,0.0,0.007517852262492797,0.0
2018-06-25,10762.4501953125,229600,-0.0055039602444048865,-0.005488841206131911,1.584962500721156,1.0,0.10727862949230489,0,0,-0.0,-0.005488841206131911,-0.0
2018-06-26,10769.150390625,220000,0.0006223592623338975,0.0006225529680423669,1.584962500721156,1.0,0.10707439284872705,0,0,0.0,0.0006225529680423669,0.0
2018-06-27,10671.400390625,246000,-0.009118299083682797,-0.009076853461448153,1.584962500721156,1.0,0.10800494950488114,0,0,-0.0,-0.009076853461448153,-0.0
2018-06-28,10589.099609375,352300,-0.007742169031781291,-0.007712275637441368,1.584962500721156,1.0,0.10775328242356616,0,0,-0.0,-0.007712275637441368,-0.0
2018-06-29,10714.2998046875,242800,0.011754146307527904,0.011823497741172861,1.584962500721156,1.0,0.10877876838863183,0,0,0.0,0.011823497741172861,0.0
2018-07-02,10657.2998046875,295400,-0.005334194556937323,-0.005319993003655044,1.584962500721156,1.0,0.10914054355954968,0,0,-0.0,-0.005319993003655044,-0.0
2018-07-03,10699.900390625,202100,0.003989347109783859,0.003997315147197256,1.584962500721156,1.0,0.10917823998213579,0,0,0.0,0.003997315147197256,0.0
2018-07-04,10769.900390625,173900,0.0065208102070441875,0.006542116977213297,1.584962500721156,1.0,0.1096278636140347,0,0,0.0,0.006542116977213297,0.0
2018-07-05,10749.75,220500,-0.0018727438548922296,-0.0018709913642785958,1.584962500721156,1.0,0.10838146981500305,0,0,-0.0,-0.0018709913642785958,-0.0
2018-07-06,10772.650390625,0,0.002128052526818883,0.0021303184376380013,1.584962500721156,1.0,0.10749099824657879,0,0,0.0,0.0021303184376380013,0.0
2018-07-09,10852.900390625,183600,0.007421810355794803,0.007449420253147654,1.584962500721156,1.0,0.10805303251725623,0,0,0.0,0.007449420253147654,0.0
2018-07-10,10947.25,197000,0.008655921796766377,0.008693492612951825,1.584962500721156,1.0,0.10843893884747899,0,0,0.0,0.008693492612951825,0.0
2018-07-11,10948.2998046875,222300,9.589206004582807e-05,9.589665783638068e-05,1.584962500721156,1.0,0.10825394399894601,0,0,0.0,9.589665783638068e-05,0.0
2018-07-12,11023.2001953125,248300,0.006817985187144955,0.006841280560560881,1.584962500721156,1.0,0.10740656239878173,0,0,0.0,0.006841280560560881,0.0
2018-07-13,11018.900390625,0,-0.00039014473464332456,-0.0003900686380828855,1.584962500721156,1.0,0.1057018151242909,0,0,-0.0,-0.0003900686380828855,-0.0
2018-07-16,10936.849609375,210500,-0.007474230051277428,-0.0074463674542162295,1.584962500721156,1.0,0.1052461562929511,0,0,-0.0,-0.0074463674542162295,-0.0
2018-07-17,11008.0498046875,210600,0.006489019959189796,0.006510119262449043,1.584962500721156,1.0,0.10484773670638597,0,0,0.0,0.006510119262449043,0.0
2018-07-18,10980.4501953125,225500,-0.0025103689537061304,-0.002507220612614547,1.584962500721156,1.0,0.10492138195577554,0,0,-0.0,-0.002507220612614547,-0.0
2018-07-19,10957.099609375,215400,-0.00212882431847883,-0.0021265599790679657,1.584962500721156,1.0,0.10047779479841122,0,0,-0.0,-0.0021265599790679657,-0.0
2018-07-20,11010.2001953125,187300,0.004834521296150269,0.00484622644956767,1.584962500721156,1.0,0.10073235742476966,0,0,0.0,0.00484622644956767,0.0
2018-07-23,11084.75,229100,0.0067481562013002455,0.006770976309698584,1.584962500721156,1.0,0.10118693759860897,0,0,0.0,0.006770976309698584,0.0
2018-07-24,11134.2998046875,205800,0.004460126536742217,0.00447008770495505,1.584962500721156,1.0,0.10093501059650943,0,0,0.0,0.00447008770495505,0.0
2018-07-25,11132.0,205900,-0.00020657268750096133,-0.0002065513528324292,1.584962500721156,1.0,0.0968422730092778,0,0,-0.0,-0.0002065513528324292,-0.0
2018-07-26,11167.2998046875,365400,0.0031660038191820943,0.0031710209025781477,1.584962500721156,1.0,0.0951249709423194,0,0,0.0,0.0031710209025781477,0.0
2018-07-27,11278.349609375,314600,0.00989507665693427,0.009944194803553685,1.584962500721156,1.0,0.0962050758058203,0,0,0.0,0.009944194803553685,0.0
2018-07-30,11319.5498046875,278800,0.0036463779405013436,0.0036530340643325943,1.584962500721156,1.0,0.096242866223709,0,0,0.0,0.0036530340643325943,0.0
2018-07-31,11356.5,256500,0.003258965149071806,0.0032642813495284972,1.584962500721156,1.0,0.09589756755903935,0,0,0.0,0.0032642813495284972,0.0
2018-08-01,11346.2001953125,269700,-0.0009073639087465626,-0.0009069523785937283,1.584962500721156,1.0,0.09346562702919206,0,0,-0.0,-0.0009069523785937283,-0.0
2018-08-02,11244.7001953125,210000,-0.008985979419681003,-0.008945726168478219,1.584962500721156,1.0,0.09291862106520497,0,0,-0.0,-0.008945726168478219,-0.0
2018-08-03,11360.7998046875,218300,0.010271892255968624,0.010324829240302646,1.584962500721156,1.0,0.09391713469536368,0,0,0.0,0.010324829240302646,0.0
2018-08-06,11387.099609375,203700,0.0023122852731850252,0.0023149606664707445,1.584962500721156,1.0,0.0929127044418693,0,0,0.0,0.0023149606664707445,0.0
2018-08-07,11389.4501953125,226400,0.00020640403976921495,0.00020642534254866618,1.584962500721156,1.0,0.09185172450042686,0,0,0.0,0.00020642534254866618,0.0
2018-08-08,11450.0,210500,0.005302224530419492,0.005316306199962151,1.584962500721156,1.0,0.09204485483982175,0,0,0.0,0.005316306199962151,0.0
2018-08-09,11470.7001953125,302200,0.0018062450766348273,0.001807877319869089,1.584962500721156,1.0,0.08951124890464988,0,0,0.0,0.001807877319869089,0.0
2018-08-10,11429.5,0,-0.003598242758917501,-0.003591776841080363,1.584962500721156,1.0,0.08463617385957348,0,0,-0.0,-0.003591776841080363,-0.0
2018-08-13,11355.75,246900,-0.006473508743511776,-0.006452600726191027,1.584962500721156,1.0,0.08558406056850384,0,0,-0.0,-0.006452600726191027,-0.0
2018-08-14,11435.099609375,232600,0.00696331478277028,0.006987615029830696,1.584962500721156,1.0,0.08595089552056129,0,0,0.0,0.006987615029830696,0.0
2018-08-16,11385.0498046875,290600,-0.004386464262815843,-0.004376857779749166,1.584962500721156,1.0,0.08641230590911506,0,0,-0.0,-0.004376857779749166,-0.0
2018-08-17,11470.75,234700,0.007499242877784467,0.0075274326228431665,1.584962500721156,1.0,0.08709130941209177,0,0,0.0,0.0075274326228431665,0.0
2018-08-20,11551.75,232600,0.007036623669863275,0.007061438877143944,1.584962500721156,1.0,0.08752990658440589,0,0,0.0,0.007061438877143944,0.0
2018-08-21,11570.900390625,224200,0.001656418678663017,0.00165779129785526,1.584962500721156,1.0,0.08751888294769286,0,0,0.0,0.00165779129785526,0.0
2018-08-23,11582.75,248500,0.001023563041648874,0.0010240870610727093,1.584962500721156,1.0,0.08732443312899738,0,0,0.0,0.0010240870610727093,0.0
2018-08-24,11557.099609375,218800,-0.0022169894415104054,-0.0022145337355118366,1.584962500721156,1.0,0.08748305455437598,0,0,-0.0,-0.0022145337355118366,-0.0
2018-08-27,11691.9501953125,199500,0.011600654595540067,0.011668203138797129,1.584962500721156,1.0,0.0890874708363247,0,0,0.0,0.011668203138797129,0.0
2018-08-28,11738.5,241900,0.003973450407027797,0.003981355027167455,1.584962500721156,1.0,0.08911004339111205,0,0,0.0,0.003981355027167455,0.0
2018-08-29,11691.900390625,251600,-0.003977710157774837,-0.003969809547642367,1.584962500721156,1.0,0.08950118478628423,0,0,-0.0,-0.003969809547642367,-0.0
2018-08-30,11676.7998046875,313800,-0.0012923772322029556,-0.0012915424723947133,1.584962500721156,1.0,0.08958110908672749,0,0,-0.0,-0.0012915424723947133,-0.0
2018-08-31,11680.5,346500,0.0003168341695652239,0.00031688436681198695,1.584962500721156,1.0,0.08954348716879117,0,0,0.0,0.00031688436681198695,0.0
2018-09-03,11582.349609375,234400,-0.008438430776075216,-0.00840292715423141,1.584962500721156,1.0,0.09053495242939463,0,0,-0.0,-0.00840292715423141,-0.0
2018-09-04,11520.2998046875,254800,-0.005371674285373425,-0.00535727264157837,1.584962500721156,1.0,0.09096957860344272,0,0,-0.0,-0.00535727264157837,-0.0
2018-09-05,11476.9501953125,246100,-0.003769986473883496,-0.0037628889968090995,1.584962500721156,1.0,0.09071317425611161,0,0,-0.0,-0.0037628889968090995,-0.0
2018-09-06,11536.900390625,247900,0.005209934834070753,0.005223530144531363,1.584962500721156,1.0,0.09081562945110397,0,0,0.0,0.005223530144531363,0.0
2018-09-07,11589.099609375,295900,0.0045143394792379185,0.0045245444601755835,1.584962500721156,1.0,0.09090322148544061,0,0,0.0,0.0045245444601755835,0.0
2018-09-10,11438.099609375,286700,-0.013115113390097494,-0.013029485041085365,1.584962500721156,1.0,0.0935838072631416,0,0,-0.0,-0.013029485041085365,-0.0
2018-09-11,11287.5,0,-0.013253935347788789,-0.013166488710376734,1.584962500721156,1.0,0.09587362374564966,0,0,-0.0,-0.013166488710376734,-0.0
2018-09-12,11369.900390625,268200,0.007273628261968242,0.0073001453488372725,1.584962500721156,1.0,0.09546298176049804,0,0,0.0,0.0073001453488372725,0.0
2018-09-14,11515.2001953125,276600,0.012698371727607837,0.012779338401883056,1.584962500721156,1.0,0.09756102651989523,0,0,0.0,0.012779338401883056,0.0
2018-09-17,11377.75,201400,-0.012008224872722099,-0.011936413868727347,1.584962500721156,1.0,0.09985138060405636,0,0,-0.0,-0.011936413868727347,-0.0
2018-09-18,11278.900390625,240900,-0.008725935642451747,-0.008687975159851424,1.584962500721156,1.0,0.10095618360847443,0,0,-0.0,-0.008687975159851424,-0.0
2018-09-19,11234.349609375,250600,-0.003957743942134398,-0.003949922395540484,1.584962500721156,1.0,0.10036704579422503,0,0,-0.0,-0.003949922395540484,-0.0
2018-09-21,11143.099609375,719000,-0.008155577062129398,-0.00812241056873042,1.584962500721156,1.0,0.10138897441081751,0,0,-0.0,-0.00812241056873042,-0.0
2018-09-24,10967.400390625,0,-0.015893165427847328,-0.015767535507102526,1.584962500721156,1.0,0.10496040096988496,0,0,-0.0,-0.015767535507102526,-0.0
2018-09-25,11067.4501953125,405000,0.009081113743931286,0.009122472156029238,1.584962500721156,1.0,0.10554248324640614,0,0,0.0,0.009122472156029238,0.0
2018-09-26,11053.7998046875,340500,-0.001234142949208208,-0.0012333817079910325,1.584962500721156,1.0,0.10512310562787497,0,0,-0.0,-0.0012333817079910325,-0.0
2018-09-27,10977.5498046875,405700,-0.006921982157626523,-0.006898080420062014,1.584962500721156,1.0,0.10486965283357681,0,0,-0.0,-0.006898080420062014,-0.0
2018-09-28,10930.4501953125,478100,-0.004299770124143364,-0.004290539347394984,1.584962500721156,1.0,0.10431221646893907,0,0,-0.0,-0.004290539347394984,-0.0
2018-10-01,11008.2998046875,387000,0.007097025685968254,0.007122269255513958,1.584962500721156,1.0,0.10488071177844721,0,0,0.0,0.007122269255513958,0.0
2018-10-03,10858.25,386800,-0.013724356268050715,-0.01363060666494631,1.584962500721156,1.0,0.10607240558966058,0,0,-0.0,-0.01363060666494631,-0.0
2018-10-04,10599.25,425100,-0.024141915818458322,-0.023852830796859514,1.584962500721156,1.0,0.11300618484253014,0,0,-0.0,-0.023852830796859514,-0.0
2018-10-05,10316.4501953125,606400,-0.027043516339215604,-0.026681114672028716,1.584962500721156,1.0,0.12086192863836762,0,0,-0.0,-0.026681114672028716,-0.0
2018-10-08,10348.0498046875,456200,0.003058349730753957,0.003063031253653259,1.584962500721156,1.0,0.12021191220078513,0,0,0.0,0.003063031253653259,0.0
2018-10-09,10301.0498046875,430500,-0.004552264462335634,-0.004541918611438267,1.584962500721156,1.0,0.12014385819186536,0,0,-0.0,-0.004541918611438267,-0.0
2018-10-10,10460.099609375,0,0.015322168649223668,0.015440154906845027,1.584962500721156,1.0,0.12294404581388974,0,0,0.0,0.015440154906845027,0.0
2018-10-11,10234.650390625,483500,-0.021788921165731508,-0.021553257346415555,1.584962500721156,1.0,0.1265923908800193,0,0,-0.0,-0.021553257346415555,-0.0
2018-10-12,10472.5,343500,0.022973713528550762,0.02323964183406524,1.584962500721156,1.0,0.13243354350609488,0,0,0.0,0.02323964183406524,0.0
2018-10-15,10512.5,259500,0.003812251460013522,0.003819527333492445,1.584962500721156,1.0,0.13219646793073855,0,0,0.0,0.003819527333492445,0.0
2018-10-16,10584.75,265200,0.006849260681022563,0.006872770511296089,1.584962500721156,1.0,0.13259366562983432,0,0,0.0,0.006872770511296089,0.0
2018-10-17,10453.0498046875,284800,-0.012520502809902525,-0.012442447418455793,1.584962500721156,1.0,0.13341820390040243,0,0,-0.0,-0.012442447418455793,-0.0
2018-10-19,10303.5498046875,357500,-0.014405306077947945,-0.014302046081609565,1.584962500721156,1.0,0.13479406628299453,0,0,-0.0,-0.014302046081609565,-0.0
2018-10-22,10245.25,297300,-0.005674293551714025,-0.0056582251546914986,1.584962500721156,1.0,0.13507046923342372,0,0,-0.0,-0.0056582251546914986,-0.0
2018-10-23,10146.7998046875,302600,-0.009655817945697833,-0.009609350217173795,1.584962500721156,1.0,0.13586390687754007,0,0,-0.0,-0.009609350217173795,-0.0
2018-10-24,10224.75,351400,0.007652886157385112,0.007682244334463961,1.584962500721156,1.0,0.13622978199938265,0,0,0.0,0.007682244334463961,0.0
2018-10-25,10124.900390625,0,-0.009813476770964884,-0.009765481735494741,1.584962500721156,1.0,0.13704668780086476,0,0,-0.0,-0.009765481735494741,-0.0
2018-10-26,10030.0,364300,-0.009417173007402645,-0.0093729702973544,1.584962500721156,1.0,0.13767131565555513,0,0,-0.0,-0.0093729702973544,-0.0
2018-10-29,10250.849609375,364400,0.021779988895005153,0.022018904224825553,1.584962500721156,1.0,0.1427541728183572,0,0,0.0,0.022018904224825553,0.0
2018-10-30,10198.400390625,289800,-0.005129707325392901,-0.005116572845048073,1.584962500721156,1.0,0.14294536725006593,0,0,-0.0,-0.005116572845048073,-0.0
2018-10-31,10386.599609375,375000,0.018285592676591408,0.01845379780568379,1.584962500721156,1.0,0.14580163670588037,0,0,0.0,0.01845379780568379,0.0
2018-11-01,10380.4501953125,348500,-0.0005922280054286613,-0.0005920526730374132,1.584962500721156,1.0,0.1454390046851059,0,0,-0.0,-0.0005920526730374132,-0.0
2018-11-02,10553.0,421200,0.016485931474334168,0.01662257430466929,1.584962500721156,1.0,0.14809434300231836,0,0,0.0,0.01662257430466929,0.0
2018-11-05,10524.0,301900,-0.0027518165109068284,-0.0027480337344830685,1.584962500721156,1.0,0.14758000134187307,0,0,-0.0,-0.0027480337344830685,-0.0
2018-11-06,10530.0,0,0.0005699629678378127,0.0005701254275940482,1.584962500721156,1.0,0.1473244957991399,0,0,0.0,0.0005701254275940482,0.0
2018-11-07,10598.400390625,31200,0.006474757039787639,0.006495763592117676,1.584962500721156,1.0,0.14774665871023038,0,0,0.0,0.006495763592117676,0.0
2018-11-09,10585.2001953125,296600,-0.0012462656636175824,-0.0012454893970770264,1.584962500721156,1.0,0.14698306901708705,0,0,-0.0,-0.0012454893970770264,-0.0
2018-11-12,10482.2001953125,259700,-0.009778218363148,-0.009730567027500525,1.584962500721156,1.0,0.14732229307510633,0,0,-0.0,-0.009730567027500525,-0.0
2018-11-13,10582.5,254600,0.009523094254035388,0.009568583199961456,1.584962500721156,1.0,0.14686002122532213,0,0,0.0,0.009568583199961456,0.0
2018-11-14,10576.2998046875,384500,-0.000586063060967349,-0.0005858913595558901,1.584962500721156,1.0,0.1465989824559934,0,0,-0.0,-0.0005858913595558901,-0.0
2018-11-15,10616.7001953125,0,0.003812621107308771,0.0038198983927342223,1.584962500721156,1.0,0.1465853737181935,0,0,0.0,0.0038198983927342223,0.0
2018-11-16,10682.2001953125,342800,0.006150571652505879,0.006169525256907837,1.584962500721156,1.0,0.14653942135935824,0,0,0.0,0.006169525256907837,0.0
2018-11-19,10763.400390625,272100,0.007572703131144189,0.0076014485618920435,1.584962500721156,1.0,0.14706562028968392,0,0,0.0,0.0076014485618920435,0.0
2018-11-20,10656.2001953125,295200,-0.010009625523730635,-0.009959695953136949,1.584962500721156,1.0,0.1479712803390631,0,0,-0.0,-0.009959695953136949,-0.0
2018-11-21,10600.0498046875,300900,-0.005283201056794732,-0.00526926949530282,1.584962500721156,1.0,0.14766448169598534,0,0,-0.0,-0.00526926949530282,-0.0
2018-11-22,10526.75,239500,-0.006939063131569403,-0.006915043423200262,1.584962500721156,1.0,0.14730310708424718,0,0,-0.0,-0.006915043423200262,-0.0
2018-11-26,10628.599609375,0,0.009628807669070337,0.009675313783931383,1.584962500721156,1.0,0.14826102131948843,0,0,0.0,0.009675313783931383,0.0
2018-11-27,10685.599609375,0,0.005348559924642655,0.0053628890065369195,1.584962500721156,1.0,0.14808072824153778,0,0,0.0,0.0053628890065369195,0.0
2018-11-28,10728.849609375,424500,0.004039334223781422,0.004047503329813518,1.584962500721156,1.0,0.1482623412831509,0,0,0.0,0.004047503329813518,0.0
2018-11-29,10858.7001953125,691300,0.01203028163822991,0.012102936537020215,1.584962500721156,1.0,0.1491780975689581,0,0,0.0,0.012102936537020215,0.0
2018-11-30,10876.75,453900,0.0016608635822544591,0.001662243580064171,1.584962500721156,1.0,0.14879441507073052,0,0,0.0,0.001662243580064171,0.0
2018-12-03,10883.75,409700,0.0006433675918710725,0.000643574597191332,1.584962500721156,1.0,0.14874533415809793,0,0,0.0,0.000643574597191332,0.0
2018-12-04,10869.5,322100,-0.0013101492455916805,-0.0013092913747559942,1.584962500721156,1.0,0.14871999631229255,0,0,-0.0,-0.0013092913747559942,-0.0
2018-12-05,10782.900390625,312300,-0.007999119688821785,-0.007967211865771207,1.584962500721156,1.0,0.14906699454762173,0,0,-0.0,-0.007967211865771207,-0.0
2018-12-06,10601.150390625,318500,-0.016999059579474705,-0.01685539079615528,1.584962500721156,1.0,0.15119960616474326,0,0,-0.0,-0.01685539079615528,-0.0
2018-12-07,10693.7001953125,325800,0.008692278636606364,0.008730166187373989,1.584962500721156,1.0,0.15175718654732384,0,0,0.0,0.008730166187373989,0.0
2018-12-10,10488.4501953125,381300,-0.019380130942287622,-0.019193543511718203,1.584962500721156,1.0,0.15502681617933137,0,0,-0.0,-0.019193543511718203,-0.0
2018-12-11,10549.150390625,425500,0.005770654643792864,0.005787336945131116,1.584962500721156,1.0,0.1552699818319063,0,0,0.0,0.005787336945131116,0.0
2018-12-12,10737.599609375,360500,0.01770623905775317,0.01786392380162427,1.584962500721156,1.0,0.1573063685418289,0,0,0.0,0.01786392380162427,0.0
2018-12-13,10791.5498046875,376200,0.005011838341027756,0.005024418610784842,1.584962500721156,1.0,0.15742595435340134,0,0,0.0,0.005024418610784842,0.0
2018-12-14,10805.4501953125,340100,0.0012872521687673252,0.001288081033454791,1.584962500721156,1.0,0.15732610027074093,0,0,0.0,0.001288081033454791,0.0
2018-12-17,10888.349609375,296900,0.007642719885813293,0.007672000015183311,1.584962500721156,1.0,0.15792092558847703,0,0,0.0,0.007672000015183311,0.0
2018-12-18,10908.7001953125,286100,0.0018672794743268973,0.0018690239262686426,1.584962500721156,1.0,0.15730441676910095,0,0,0.0,0.0018690239262686426,0.0
2018-12-19,10967.2998046875,312100,0.005357446474361821,0.005371823253533137,1.584962500721156,1.0,0.15657923179325164,0,0,0.0,0.005371823253533137,0.0
2018-12-20,10951.7001953125,318900,-0.0014233871991216722,-0.001422374664029169,1.584962500721156,1.0,0.15652133638095683,0,0,-0.0,-0.001422374664029169,-0.0
2018-12-21,10754.0,377500,-0.01821693480035375,-0.018052009440243655,1.584962500721156,1.0,0.1593190984551624,0,0,-0.0,-0.018052009440243655,-0.0
2018-12-24,10663.5,223400,-0.0084510833319759,-0.008415473312255894,1.584962500721156,1.0,0.15952920077861887,0,0,-0.0,-0.008415473312255894,-0.0
2018-12-26,10729.849609375,263700,0.006202845587195536,0.006222123071693231,1.584962500721156,1.0,0.15990105655347928,0,0,0.0,0.006222123071693231,0.0
2018-12-27,10779.7998046875,456100,0.004644453671963747,0.004655255863871277,1.584962500721156,1.0,0.1600789043387956,0,0,0.0,0.004655255863871277,0.0
2018-12-28,10859.900390625,245500,0.007403148015077441,0.007430619064249022,1.584962500721156,1.0,0.16033347574097812,0,0,0.0,0.007430619064249022,0.0
2018-12-31,10862.5498046875,180900,0.00024393326275947618,0.00024396301689710853,1.584962500721156,1.0,0.1598418088435484,0,0,0.0,0.00024396301689710853,0.0
2019-01-02,10792.5,309700,-0.006469627145011258,-0.006448744166611009,1.584962500721156,1.0,0.16002052352787433,0,0,-0.0,-0.006448744166611009,-0.0
2019-01-03,10672.25,286200,-0.011204533761500678,-0.011141996757007222,1.584962500721156,1.0,0.1604022676278251,0,0,-0.0,-0.011141996757007222,-0.0
2019-01-04,10727.349609375,296600,0.005149603931252372,0.0051628859308019415,1.584962500721156,1.0,0.16017208589421197,0,0,0.0,0.0051628859308019415,0.0
2019-01-07,10771.7998046875,269400,0.0041350713736188,0.004143632577580325,1.584962500721156,1.0,0.16033432898355665,0,0,0.0,0.004143632577580325,0.0
2019-01-08,10802.150390625,277700,0.0028136345625500237,0.0028175965472634346,1.584962500721156,1.0,0.1604197787337162,0,0,0.0,0.0028175965472634346,0.0
2019-01-09,10855.150390625,333000,0.004894433183399924,0.004906430486840696,1.584962500721156,1.0,0.16067995106501307,0,0,0.0,0.004906430486840696,0.0
2019-01-10,10821.599609375,254400,-0.003095557040757343,-0.0030907707440862575,1.584962500721156,1.0,0.15937188456388535,0,0,-0.0,-0.0030907707440862575,-0.0
2019-01-11,10794.9501953125,260800,-0.002465650421033224,-0.0024626132017869784,1.584962500721156,1.0,0.15918310636032293,0,0,-0.0,-0.0024626132017869784,-0.0
2019-01-14,10737.599609375,298800,-0.005326886232360374,-0.005312723532749919,1.584962500721156,1.0,0.1592722052392596,0,0,-0.0,-0.005312723532749919,-0.0
2019-01-15,10886.7998046875,310700,0.013799464213669708,0.013895116296032572,1.584962500721156,1.0,0.16117002026263086,0,0,0.0,0.013895116296032572,0.0
2019-01-16,10890.2998046875,276500,0.000321438583917674,0.0003214902508350548,1.584962500721156,1.0,0.16117010903868173,0,0,0.0,0.0003214902508350548,0.0
2019-01-17,10905.2001953125,271700,0.001367290766106507,0.001368225934293088,1.584962500721156,1.0,0.16068500651887682,0,0,0.0,0.001368225934293088,0.0
2019-01-18,10906.9501953125,323800,0.0001604610249256087,0.0001604738994844812,1.584962500721156,1.0,0.16049314541037643,0,0,0.0,0.0001604738994844812,0.0
2019-01-21,10961.849609375,288800,0.005020808629692447,0.0050334340103701525,1.584962500721156,1.0,0.1606767387669451,0,0,0.0,0.0050334340103701525,0.0
2019-01-22,10922.75,300800,-0.003573257146616415,-0.0035668806605010372,1.584962500721156,1.0,0.16046341290264998,0,0,-0.0,-0.0035668806605010372,-0.0
2019-01-23,10831.5,298900,-0.008389214537151498,-0.008354123274816327,1.584962500721156,1.0,0.1607495783845275,0,0,-0.0,-0.008354123274816327,-0.0
2019-01-24,10849.7998046875,361100,0.0016880730581589696,0.001689498655541799,1.584962500721156,1.0,0.15942880426210473,0,0,0.0,0.001689498655541799,0.0
2019-01-25,10780.5498046875,463400,-0.006403062164968701,-0.006382606245884936,1.584962500721156,1.0,0.1582956812987771,0,0,-0.0,-0.006382606245884936,-0.0
2019-01-28,10661.5498046875,419700,-0.011099773244971002,-0.011038398055380982,1.584962500721156,1.0,0.1587224851854783,0,0,-0.0,-0.011038398055380982,-0.0
2019-01-29,10652.2001953125,356900,-0.0008773312978436732,-0.0008769465552643796,1.584962500721156,1.0,0.1570913497326217,0,0,-0.0,-0.0008769465552643796,-0.0
2019-01-30,10651.7998046875,410100,-3.758830501756102e-05,-3.758759858607519e-05,1.584962500721156,1.0,0.15596016980156674,0,0,-0.0,-3.758759858607519e-05,-0.0
2019-01-31,10830.9501953125,604800,0.016678920874278535,0.016818790618479573,1.584962500721156,1.0,0.15805297047690933,0,0,0.0,0.016818790618479573,0.0
2019-02-01,10893.650390625,482300,0.005772292029816439,0.005788983808607595,1.584962500721156,1.0,0.15828002166505442,0,0,0.0,0.005788983808607595,0.0
2019-02-04,10912.25,318300,0.0017059248691862574,0.0017073807867935553,1.584962500721156,1.0,0.15776097252503274,0,0,0.0,0.0017073807867935553,0.0
2019-02-05,10934.349609375,268100,0.0020231630833451035,0.0020252110586724825,1.584962500721156,1.0,0.15555837782564885,0,0,0.0,0.0020252110586724825,0.0
2019-02-06,11062.4501953125,298500,0.011647333726075786,0.011715428033110209,1.584962500721156,1.0,0.15604263868790383,0,0,0.0,0.011715428033110209,0.0
2019-02-07,11069.400390625,263500,0.0006280717930916961,0.0006282690714798367,1.584962500721156,1.0,0.1560322186320111,0,0,0.0,0.0006282690714798367,0.0
2019-02-08,10943.599609375,352800,-0.011429805188104512,-0.011364733121095205,1.584962500721156,1.0,0.1567802638192246,0,0,-0.0,-0.011364733121095205,-0.0
2019-02-11,10888.7998046875,286000,-0.005020054711538446,-0.005007475295473629,1.584962500721156,1.0,0.15684037045868446,0,0,-0.0,-0.005007475295473629,-0.0
2019-02-12,10831.400390625,292300,-0.005285360831624847,-0.005271417887377283,1.584962500721156,1.0,0.15661285468323607,0,0,-0.0,-0.005271417887377283,-0.0
2019-02-14,10746.0498046875,627000,-0.007911132252471094,-0.007879921603800577,1.584962500721156,1.0,0.15548739628688646,0,0,-0.0,-0.007879921603800577,-0.0
2019-02-15,10724.400390625,521900,-0.0020166713974639474,-0.002014639281967212,1.584962500721156,1.0,0.1501220803913325,0,0,-0.0,-0.002014639281967212,-0.0
2019-02-18,10640.9501953125,345400,-0.007811771620307167,-0.00778133902809619,1.584962500721156,1.0,0.14357155436472957,0,0,-0.0,-0.00778133902809619,-0.0
2019-02-19,10604.349609375,291500,-0.003445526538395949,-0.0034395975233135756,1.584962500721156,1.0,0.1436358744358249,0,0,-0.0,-0.0034395975233135756,-0.0
2019-02-20,10735.4501953125,289200,0.01228711014362708,0.012362906803977669,1.584962500721156,1.0,0.14479370722644413,0,0,0.0,0.012362906803977669,0.0
2019-02-21,10789.849609375,279600,0.005054473607434973,0.005067269008080633,1.584962500721156,1.0,0.14281521344105913,0,0,0.0,0.005067269008080633,0.0
2019-02-22,10791.650390625,396800,0.00016688193630472358,0.00016689586186968697,1.584962500721156,1.0,0.13781858991719012,0,0,0.0,0.00016689586186968697,0.0
2019-02-25,10880.099609375,385900,0.008162673513503154,0.008196078963680797,1.584962500721156,1.0,0.13315662157035982,0,0,0.0,0.008196078963680797,0.0
2019-02-26,10835.2998046875,415000,-0.004126092031890748,-0.004117591409631749,1.584962500721156,1.0,0.13324724918964467,0,0,-0.0,-0.004117591409631749,-0.0
2019-02-27,10806.650390625,381100,-0.0026475831003447124,-0.002644081343287419,1.584962500721156,1.0,0.13287995227622276,0,0,-0.0,-0.002644081343287419,-0.0
2019-02-28,10792.5,644200,-0.0013102730795938819,-0.0013094150466157473,1.584962500721156,1.0,0.13114681262462918,0,0,-0.0,-0.0013094150466157473,-0.0
2019-03-01,10863.5,308500,0.006557097745663337,0.006578642575862936,1.584962500721156,1.0,0.12914211562961606,0,0,0.0,0.006578642575862936,0.0
2019-03-05,10987.4501953125,373200,0.011345183958033887,0.011409784628572783,1.584962500721156,1.0,0.12994299388046768,0,0,0.0,0.011409784628572783,0.0
2019-03-06,11053.0,372600,0.0059481541776258,0.005965879573721855,1.584962500721156,1.0,0.12901566227385813,0,0,0.0,0.005965879573721855,0.0
2019-03-07,11058.2001953125,321200,0.00047036753884395607,0.00047047817900125466,1.584962500721156,1.0,0.12851799616986131,0,0,0.0,0.00047047817900125466,0.0
2019-03-08,11035.400390625,326600,-0.002063929117607768,-0.0020618006804727917,1.584962500721156,1.0,0.12734267055239043,0,0,-0.0,-0.0020618006804727917,-0.0
2019-03-11,11168.0498046875,352200,0.01194868284879883,0.012020353532001593,1.584962500721156,1.0,0.12743303079240825,0,0,0.0,0.012020353532001593,0.0
2019-03-12,11301.2001953125,391300,0.011851926453906937,0.011922438828049886,1.584962500721156,1.0,0.12392655673388261,0,0,0.0,0.011922438828049886,0.0
2019-03-13,11341.7001953125,383000,0.0035772840485137174,0.0035836901656514097,1.584962500721156,1.0,0.12354631234973386,0,0,0.0,0.0035836901656514097,0.0
2019-03-14,11343.25,294500,0.00013663725743869715,0.00013664659273393553,1.584962500721156,1.0,0.12011654794261101,0,0,0.0,0.00013664659273393553,0.0
2019-03-15,11426.849609375,463700,0.0073429617299341126,0.007369987382364052,1.584962500721156,1.0,0.12055575432016301,0,0,0.0,0.007369987382364052,0.0
2019-03-18,11462.2001953125,320300,0.003088866890158751,0.0030936423551506387,1.584962500721156,1.0,0.11775596239990725,0,0,0.0,0.0030936423551506387,0.0
2019-03-19,11532.400390625,326100,0.006105817158639563,0.006124495656707252,1.584962500721156,1.0,0.11790698118657589,0,0,0.0,0.006124495656707252,0.0
2019-03-20,11521.0498046875,366300,-0.000984719142560533,-0.0009842344657688962,1.584962500721156,1.0,0.11795235021792608,0,0,-0.0,-0.0009842344657688962,-0.0
2019-03-22,11456.900390625,386200,-0.005583577314696379,-0.005568018119008533,1.584962500721156,1.0,0.11809318643082013,0,0,-0.0,-0.005568018119008533,-0.0
2019-03-25,11354.25,294500,-0.00900007950222714,-0.008959700017030503,1.584962500721156,1.0,0.11919339073402291,0,0,-0.0,-0.008959700017030503,-0.0
2019-03-26,11483.25,282600,0.011297328693216403,0.011361384503600025,1.584962500721156,1.0,0.1191248754506664,0,0,0.0,0.011361384503600025,0.0
2019-03-27,11445.0498046875,350400,-0.003332146821462826,-0.0033266013813597617,1.584962500721156,1.0,0.11846505608856367,0,0,-0.0,-0.0033266013813597617,-0.0
2019-03-28,11570.0,527700,0.010858236155870985,0.010917400749215211,1.584962500721156,1.0,0.11960888866781261,0,0,0.0,0.010917400749215211,0.0
2019-04-01,11669.150390625,379600,0.008533099582725414,0.008569610252809001,1.584962500721156,1.0,0.12018287725491272,0,0,0.0,0.008569610252809001,0.0
2019-04-02,11713.2001953125,386100,0.0037677868730356698,0.0037748939051200914,1.584962500721156,1.0,0.11996249338684949,0,0,0.0,0.0037748939051200914,0.0
2019-04-03,11643.9501953125,365800,-0.005929679070481917,-0.005912133221091298,1.584962500721156,1.0,0.12000303281265993,0,0,-0.0,-0.005912133221091298,-0.0
2019-04-04,11598.0,349000,-0.00395407913661549,-0.003946272059030087,1.584962500721156,1.0,0.11887047629243382,0,0,-0.0,-0.003946272059030087,-0.0
2019-04-05,11665.9501953125,266700,0.005841689650914404,0.005858785593421345,1.584962500721156,1.0,0.11867858156663928,0,0,0.0,0.005858785593421345,0.0
2019-04-08,11604.5,260900,-0.005281405184150887,-0.005267483083991831,1.584962500721156,1.0,0.11839411976147847,0,0,-0.0,-0.005267483083991831,-0.0
2019-04-09,11671.9501953125,300500,0.005795590267793092,0.005812417192683883,1.584962500721156,1.0,0.11778287107994453,0,0,0.0,0.005812417192683883,0.0
2019-04-10,11584.2998046875,359900,-0.007537827950835446,-0.007509489773200095,1.584962500721156,1.0,0.11842038241622099,0,0,-0.0,-0.007509489773200095,-0.0
2019-04-11,11596.7001953125,279800,0.001069875484907893,0.0010704480058416621,1.584962500721156,1.0,0.11830147937068976,0,0,0.0,0.0010704480058416621,0.0
2019-04-12,11643.4501953125,246000,0.004023215192085498,0.0040313191867198395,1.584962500721156,1.0,0.11691215472180573,0,0,0.0,0.0040313191867198395,0.0
2019-04-15,11690.349609375,290000,0.004019874826265466,0.0040279653604204935,1.584962500721156,1.0,0.11702932906035937,0,0,0.0,0.0040279653604204935,0.0
2019-04-16,11787.150390625,354300,0.008246306446581041,0.008280400884877803,1.584962500721156,1.0,0.11768988071489102,0,0,0.0,0.008280400884877803,0.0
2019-04-18,11752.7998046875,339700,-0.002918494732110024,-0.0029142400664389223,1.584962500721156,1.0,0.11780557409684678,0,0,-0.0,-0.0029142400664389223,-0.0
2019-04-22,11594.4501953125,260400,-0.013564941266796056,-0.013473352052831178,1.584962500721156,1.0,0.11934981174003927,0,0,-0.0,-0.013473352052831178,-0.0
2019-04-23,11575.9501953125,272500,-0.001596865278055509,-0.0015955909670886115,1.584962500721156,1.0,0.11556646626117179,0,0,-0.0,-0.0015955909670886115,-0.0
2019-04-24,11726.150390625,335200,0.01289173694761699,0.012975193636658888,1.584962500721156,1.0,0.1165695336052502,0,0,0.0,0.012975193636658888,0.0
2019-04-25,11641.7998046875,604400,-0.007219371112150696,-0.007193374050953438,1.584962500721156,1.0,0.11223808329524365,0,0,-0.0,-0.007193374050953438,-0.0
2019-04-26,11754.650390625,333500,0.00964688746996101,0.009693568677590747,1.584962500721156,1.0,0.1128746345512572,0,0,0.0,0.009693568677590747,0.0
2019-04-30,11748.150390625,532600,-0.0005531255807526546,-0.0005529726349993158,1.584962500721156,1.0,0.10939690140968661,0,0,-0.0,-0.0005529726349993158,-0.0
2019-05-02,11724.75,380300,-0.0019938224921164987,-0.001991836148409698,1.584962500721156,1.0,0.1092973914416561,0,0,-0.0,-0.001991836148409698,-0.0
2019-05-03,11712.25,305500,-0.0010666895238500144,-0.0010661208128105448,1.584962500721156,1.0,0.10934605470311792,0,0,-0.0,-0.0010661208128105448,-0.0
2019-05-06,11598.25,299000,-0.00978107795702945,-0.00973339879186319,1.584962500721156,1.0,0.11018553131919814,0,0,-0.0,-0.00973339879186319,-0.0
2019-05-07,11497.900390625,337500,-0.008689780690377916,-0.008652133673183404,1.584962500721156,1.0,0.1112799982433054,0,0,-0.0,-0.008652133673183404,-0.0
2019-05-08,11359.4501953125,372800,-0.012114430150335101,-0.012041345863927244,1.584962500721156,1.0,0.1129855680424598,0,0,-0.0,-0.012041345863927244,-0.0
2019-05-09,11301.7998046875,373000,-0.005088026035289156,-0.005075103956069027,1.584962500721156,1.0,0.1133180532475548,0,0,-0.0,-0.005075103956069027,-0.0
2019-05-10,11278.900390625,387300,-0.0020282295690185756,-0.0020261741013145596,1.584962500721156,1.0,0.10896188190160017,0,0,-0.0,-0.0020261741013145596,-0.0
2019-05-13,11148.2001953125,357600,-0.011655690801341047,-0.011588026384304118,1.584962500721156,1.0,0.10983815879758364,0,0,-0.0,-0.011588026384304118,-0.0
2019-05-14,11222.0498046875,398100,0.006602508032110876,0.006624352638199937,1.584962500721156,1.0,0.10989899532702246,0,0,0.0,0.006624352638199937,0.0
2019-05-15,11157.0,414200,-0.0058134718372332824,-0.005796606308085428,1.584962500721156,1.0,0.11017475933463998,0,0,-0.0,-0.005796606308085428,-0.0
2019-05-16,11257.099609375,350700,0.00893190238330833,0.008971910851931497,1.584962500721156,1.0,0.11047987951832541,0,0,0.0,0.008971910851931497,0.0
2019-05-17,11407.150390625,412100,0.013241380029110125,0.013329435330307948,1.584962500721156,1.0,0.11254952137356043,0,0,0.0,0.013329435330307948,0.0
2019-05-20,11828.25,452100,0.03625035203017847,0.036915407876193296,1.584962500721156,1.0,0.12680993187111478,0,0,0.0,0.036915407876193296,0.0
2019-05-21,11709.099609375,381000,-0.010124454145348287,-0.010073374389702572,1.584962500721156,1.0,0.12652772792538577,0,0,-0.0,-0.010073374389702572,-0.0
2019-05-22,11737.900390625,355900,0.0024566721316128274,0.0024596922232125173,1.584962500721156,1.0,0.12635961022969222,0,0,0.0,0.0024596922232125173,0.0
2019-05-23,11657.0498046875,569000,-0.006911825598039294,-0.006887993870017373,1.584962500721156,1.0,0.12693439881890067,0,0,-0.0,-0.006887993870017373,-0.0
2019-05-24,11844.099609375,374600,0.01591868987483049,0.016046067214389392,1.584962500721156,1.0,0.12937118282143048,0,0,0.0,0.016046067214389392,0.0
2019-05-27,11924.75,348400,0.00678625187736734,0.006809330661248669,1.584962500721156,1.0,0.12957005002214755,0,0,0.0,0.006809330661248669,0.0
2019-05-28,11928.75,598300,0.00033538055526396364,0.0003354368016101894,1.584962500721156,1.0,0.1293867306184256,0,0,0.0,0.0003354368016101894,0.0
2019-05-29,11861.099609375,318100,-0.005687347678687314,-0.005671205333752538,1.584962500721156,1.0,0.12974867184705055,0,0,-0.0,-0.005671205333752538,-0.0
2019-05-30,11945.900390625,421200,0.007124050901094894,0.007149487319284775,1.584962500721156,1.0,0.1296896705091751,0,0,0.0,0.007149487319284775,0.0
2019-05-31,11922.7998046875,438900,-0.001935638971628022,-0.0019337668306382838,1.584962500721156,1.0,0.12801807065587825,0,0,-0.0,-0.0019337668306382838,-0.0
2019-06-03,12088.5498046875,315300,0.013806190447529239,0.013901936014629301,1.584962500721156,1.0,0.12978903022347962,0,0,0.0,0.013901936014629301,0.0
2019-06-04,12021.650390625,289200,-0.0055494840533033855,-0.005534114111566901,1.584962500721156,1.0,0.1302728826023774,0,0,-0.0,-0.005534114111566901,-0.0
2019-06-06,11843.75,415200,-0.014908921111632112,-0.014798333410505293,1.584962500721156,1.0,0.1329871853559584,0,0,-0.0,-0.014798333410505293,-0.0
2019-06-07,11870.650390625,302500,0.0022686976453037896,0.0022712730870713127,1.584962500721156,1.0,0.13282627257035706,0,0,0.0,0.0022712730870713127,0.0
2019-06-10,11922.7001953125,303300,0.004375162508348263,0.004384747505377318,1.584962500721156,1.0,0.1327367489012828,0,0,0.0,0.004384747505377318,0.0
2019-06-11,11965.599609375,332200,0.003591671280959742,0.0035981290613484873,1.584962500721156,1.0,0.1318550140643306,0,0,0.0,0.0035981290613484873,0.0
2019-06-12,11906.2001953125,283700,-0.0049765444699523915,-0.004964181988503125,1.584962500721156,1.0,0.13224280767912236,0,0,-0.0,-0.004964181988503125,-0.0
2019-06-13,11914.0498046875,447900,0.0006590703001973485,0.0006592875347493088,1.584962500721156,1.0,0.13164515498058693,0,0,0.0,0.0006592875347493088,0.0
2019-06-14,11823.2998046875,390300,-0.00764621523730026,-0.007617057296864349,1.584962500721156,1.0,0.1308626648124416,0,0,-0.0,-0.007617057296864349,-0.0
2019-06-17,11672.150390625,295500,-0.012866448437943826,-0.012784029548381648,1.584962500721156,1.0,0.1329100991860413,0,0,-0.0,-0.012784029548381648,-0.0
2019-06-18,11691.5,365500,0.0016563861789982873,0.0016577587443133979,1.584962500721156,1.0,0.1329023038833724,0,0,0.0,0.0016577587443133979,0.0
2019-06-19,11691.4501953125,446900,-4.259914774167141e-06,-4.259905700743083e-06,1.584962500721156,1.0,0.1302472906740891,0,0,-0.0,-4.259905700743083e-06,-0.0
2019-06-20,11831.75,442000,0.011928773907426743,0.012000205478679637,1.584962500721156,1.0,0.131309221372636,0,0,0.0,0.012000205478679637,0.0
2019-06-21,11724.099609375,468400,-0.009140077037704798,-0.009098433505187353,1.584962500721156,1.0,0.1323748017645668,0,0,-0.0,-0.009098433505187353,-0.0
2019-06-24,11699.650390625,277600,-0.0020875587921609646,-0.002085381356743965,1.584962500721156,1.0,0.132445713608202,0,0,-0.0,-0.002085381356743965,-0.0
2019-06-25,11796.4501953125,300500,0.00823969509310694,0.008273734808782462,1.584962500721156,1.0,0.13177300504102907,0,0,0.0,0.008273734808782462,0.0
2019-06-26,11847.5498046875,327900,0.0043224233576614314,0.004331778503613437,1.584962500721156,1.0,0.13191113058613957,0,0,0.0,0.004331778503613437,0.0
2019-06-27,11841.5498046875,480200,-0.0005065621089227406,-0.0005064338279993086,1.584962500721156,1.0,0.13031086963276584,0,0,-0.0,-0.0005064338279993086,-0.0
2019-06-28,11788.849609375,303900,-0.004460380187531091,-0.004450447465215945,1.584962500721156,1.0,0.1302425130110206,0,0,-0.0,-0.004450447465215945,-0.0
2019-07-01,11865.599609375,278400,0.006489288220080564,0.006510389269786421,1.584962500721156,1.0,0.13015394229396204,0,0,0.0,0.006510389269786421,0.0
2019-07-02,11910.2998046875,363200,0.003760130979735517,0.003767209141051886,1.584962500721156,1.0,0.12935074739006436,0,0,0.0,0.003767209141051886,0.0
2019-07-03,11916.75,340500,0.0005414178862205623,0.0005415644793391738,1.584962500721156,1.0,0.12924460330744378,0,0,0.0,0.0005415644793391738,0.0
2019-07-04,11946.75,333600,0.0025143014062712723,0.0025174649128327786,1.584962500721156,1.0,0.12836443960418276,0,0,0.0,0.0025174649128327786,0.0
2019-07-05,11811.150390625,530700,-0.011415241213692496,-0.011350334557515662,1.584962500721156,1.0,0.12988003129065057,0,0,-0.0,-0.011350334557515662,-0.0
2019-07-08,11558.599609375,464000,-0.021614318798492883,-0.02138240331360608,1.584962500721156,1.0,0.1340070750127075,0,0,-0.0,-0.02138240331360608,-0.0
2019-07-09,11555.900390625,442500,-0.0002335519922360358,-0.00023352472109261502,1.584962500721156,1.0,0.1338260627119121,0,0,-0.0,-0.00023352472109261502,-0.0
2019-07-10,11498.900390625,337600,-0.0049447502653284115,-0.004932545113165099,1.584962500721156,1.0,0.13416335461537995,0,0,-0.0,-0.004932545113165099,-0.0
2019-07-11,11582.900390625,317300,0.007278493704286908,0.007305046321514741,1.584962500721156,1.0,0.13403229241430525,0,0,0.0,0.007305046321514741,0.0
2019-07-12,11552.5,359400,-0.002628042532973005,-0.0026245922523520093,1.584962500721156,1.0,0.1339030839633015,0,0,-0.0,-0.0026245922523520093,-0.0
2019-07-15,11588.349609375,368800,0.003098385639232596,0.0031031905972733753,1.584962500721156,1.0,0.13384005089143808,0,0,0.0,0.0031031905972733753,0.0
2019-07-16,11662.599609375,480200,0.006386857732255645,0.006407297199588324,1.584962500721156,1.0,0.13411976459198607,0,0,0.0,0.006407297199588324,0.0
2019-07-17,11687.5,464800,0.00213278748103271,0.0021350634900458854,1.584962500721156,1.0,0.13379170237223464,0,0,0.0,0.0021350634900458854,0.0
2019-07-18,11596.900390625,498300,-0.007782039913567366,-0.007751838235294128,1.584962500721156,1.0,0.13335564222685956,0,0,-0.0,-0.007751838235294128,-0.0
2019-07-19,11419.25,446000,-0.015437326885714045,-0.01531878214359883,1.584962500721156,1.0,0.13570766426124614,0,0,-0.0,-0.01531878214359883,-0.0
2019-07-22,11346.2001953125,516000,-0.00641762449493666,-0.006397075524881224,1.584962500721156,1.0,0.13618074619429535,0,0,-0.0,-0.006397075524881224,-0.0
2019-07-23,11331.0498046875,458900,-0.001336175495625011,-0.0013352832106081625,1.584962500721156,1.0,0.13615063486418844,0,0,-0.0,-0.0013352832106081625,-0.0
2019-07-24,11271.2998046875,413200,-0.005287073265915101,-0.005273121293252303,1.584962500721156,1.0,0.13502303276005623,0,0,-0.0,-0.005273121293252303,-0.0
2019-07-25,11252.150390625,553700,-0.001700398341321937,-0.0016989534831232112,1.584962500721156,1.0,0.13358048210218723,0,0,-0.0,-0.0016989534831232112,-0.0
2019-07-26,11284.2998046875,522700,0.0028531055771835417,0.0028571795564771296,1.584962500721156,1.0,0.13353031527443926,0,0,0.0,0.0028571795564771296,0.0
2019-07-29,11189.2001953125,482900,-0.008463316975262767,-0.008427603929443195,1.584962500721156,1.0,0.13426850327951403,0,0,-0.0,-0.008427603929443195,-0.0
2019-07-30,11085.400390625,479100,-0.009320082365343962,-0.009276785013729971,1.584962500721156,1.0,0.1345297040806811,0,0,-0.0,-0.009276785013729971,-0.0
2019-07-31,11118.0,536700,0.002936454076975709,0.00294076968140633,1.584962500721156,1.0,0.1345189554880415,0,0,0.0,0.00294076968140633,0.0
2019-08-01,10980.0,499900,-0.012489980449893174,-0.012412304371289817,1.584962500721156,1.0,0.13559108593008345,0,0,-0.0,-0.012412304371289817,-0.0
2019-08-02,10997.349609375,547400,0.001578863082899198,0.0015801101434427256,1.584962500721156,1.0,0.1356354162715299,0,0,0.0,0.0015801101434427256,0.0
2019-08-05,10862.599609375,506600,-0.012328638591802651,-0.012252952282714391,1.584962500721156,1.0,0.13681332150774422,0,0,-0.0,-0.012252952282714391,-0.0
2019-08-06,10948.25,517900,0.007853965566277007,0.007884888857643269,1.584962500721156,1.0,0.1367872142051664,0,0,0.0,0.007884888857643269,0.0
2019-08-07,10855.5,548500,-0.00850776214660283,-0.00847167355513434,1.584962500721156,1.0,0.13600218533805497,0,0,-0.0,-0.00847167355513434,-0.0
2019-08-08,11032.4501953125,482500,0.016169083798241606,0.016300510829763803,1.584962500721156,1.0,0.13878914999705516,0,0,0.0,0.016300510829763803,0.0
2019-08-09,11109.650390625,538100,0.006973187375465333,0.006997556657477588,1.584962500721156,1.0,0.13804646235079215,0,0,0.0,0.006997556657477588,0.0
2019-08-13,10925.849609375,624600,-0.016682629759426824,-0.01654424529912324,1.584962500721156,1.0,0.13983654155949207,0,0,-0.0,-0.01654424529912324,-0.0
2019-08-14,11029.400390625,511500,0.009432964697282421,0.009477595331455646,1.584962500721156,1.0,0.14067145955919075,0,0,0.0,0.009477595331455646,0.0
2019-08-16,11047.7998046875,470900,0.00166682533651526,0.0016682152620135504,1.584962500721156,1.0,0.14044110872457818,0,0,0.0,0.0016682152620135504,0.0
2019-08-19,11053.900390625,369500,0.0005520467691192048,0.0005521991749806165,1.584962500721156,1.0,0.1403373117877432,0,0,0.0,0.0005521991749806165,0.0
2019-08-20,11017.0,444700,-0.0033438078514244876,-0.0033382235519596737,1.584962500721156,1.0,0.13999703573463018,0,0,-0.0,-0.0033382235519596737,-0.0
2019-08-21,10918.7001953125,557900,-0.008962600859057328,-0.008922556475220111,1.584962500721156,1.0,0.14047759318834677,0,0,-0.0,-0.008922556475220111,-0.0
2019-08-22,10741.349609375,668200,-0.016376190359974212,-0.016242829527789215,1.584962500721156,1.0,0.1424701384469033,0,0,-0.0,-0.016242829527789215,-0.0
2019-08-23,10829.349609375,667100,0.008159261534645986,0.008192639025843995,1.584962500721156,1.0,0.14282742333412662,0,0,0.0,0.008192639025843995,0.0
2019-08-26,11057.849609375,684100,0.020880542984676998,0.021100066785376237,1.584962500721156,1.0,0.14731801236544412,0,0,0.0,0.021100066785376237,0.0
2019-08-27,11105.349609375,685600,0.004286391351556263,0.004295591066795668,1.584962500721156,1.0,0.14734169328196856,0,0,0.0,0.004295591066795668,0.0
2019-08-28,11046.099609375,550000,-0.005349549884040612,-0.005335266523260329,1.584962500721156,1.0,0.14735736456415335,0,0,-0.0,-0.005335266523260329,-0.0
2019-08-29,10948.2998046875,649900,-0.008893213897011299,-0.0088537862364102,1.584962500721156,1.0,0.1472250399232419,0,0,-0.0,-0.0088537862364102,-0.0
2019-08-30,11023.25,628200,0.00682250334649108,0.006845829640179435,1.584962500721156,1.0,0.1477333872061033,0,0,0.0,0.006845829640179435,0.0
2019-09-03,10797.900390625,483000,-0.020654971620241963,-0.02044311880570615,1.584962500721156,1.0,0.14993983019148513,0,0,-0.0,-0.02044311880570615,-0.0
2019-09-04,10844.650390625,508800,0.004320199886309888,0.004329545403159107,1.584962500721156,1.0,0.15017648568040923,0,0,0.0,0.004329545403159107,0.0
2019-09-05,10847.900390625,595700,0.00029964203445609783,0.000299686931614751,1.584962500721156,1.0,0.1484114490662079,0,0,0.0,0.000299686931614751,0.0
2019-09-06,10946.2001953125,497200,0.00902083303672415,0.009061643373168504,1.584962500721156,1.0,0.14892967968851206,0,0,0.0,0.009061643373168504,0.0
2019-09-09,11003.0498046875,412500,0.005180107429441778,0.005193547382711383,1.584962500721156,1.0,0.14823825900166115,0,0,0.0,0.005193547382711383,0.0
2019-09-11,11035.7001953125,687100,0.0029630005796600876,0.0029673946046386845,1.584962500721156,1.0,0.14836712358746537,0,0,0.0,0.0029673946046386845,0.0
2019-09-12,10982.7998046875,551400,-0.004805095025496559,-0.00479356902496042,1.584962500721156,1.0,0.14851130569180257,0,0,-0.0,-0.00479356902496042,-0.0
2019-09-13,11075.900390625,624300,0.008441217109748283,0.008476944640087414,1.584962500721156,1.0,0.14929971213721416,0,0,0.0,0.008476944640087414,0.0
2019-09-16,11003.5,434500,-0.006558207998363749,-0.006536749886833726,1.584962500721156,1.0,0.14883649656968864,0,0,-0.0,-0.006536749886833726,-0.0
2019-09-17,10817.599609375,482000,-0.017039002763312223,-0.01689465993774708,1.584962500721156,1.0,0.15076702622651092,0,0,-0.0,-0.01689465993774708,-0.0
2019-09-18,10840.650390625,519200,0.002128592102631135,0.002130859163064436,1.584962500721156,1.0,0.14958695866475136,0,0,0.0,0.002130859163064436,0.0
2019-09-19,10704.7998046875,642600,-0.012610772583449698,-0.012531589991591652,1.584962500721156,1.0,0.15076253278272753,0,0,-0.0,-0.012531589991591652,-0.0
2019-09-20,11274.2001953125,1356800,0.051824725995144275,0.05319112930777714,1.584962500721156,1.0,0.17439922475963066,0,0,0.0,0.05319112930777714,0.0
2019-09-23,11600.2001953125,882800,0.028505409421526316,0.028915576657539077,1.584962500721156,1.0,0.1796704152653687,0,0,0.0,0.028915576657539077,0.0
2019-09-24,11588.2001953125,651700,-0.0010350003337080292,-0.0010344649056013289,1.584962500721156,1.0,0.17938317515937602,0,0,-0.0,-0.0010344649056013289,-0.0
2019-09-25,11440.2001953125,629100,-0.01285387045749521,-0.012771612287114875,1.584962500721156,1.0,0.18045252384357024,0,0,-0.0,-0.012771612287114875,-0.0
2019-09-26,11571.2001953125,844500,0.011385783826013006,0.01145084856589107,1.584962500721156,1.0,0.18083202789893224,0,0,0.0,0.01145084856589107,0.0
2019-09-27,11512.400390625,650000,-0.005094519950938459,-0.005081564893442914,1.584962500721156,1.0,0.17971764551205,0,0,-0.0,-0.005081564893442914,-0.0
2019-09-30,11474.4501953125,756800,-0.003301907727659163,-0.003296462425282254,1.584962500721156,1.0,0.16906257505725797,0,0,-0.0,-0.003296462425282254,-0.0
2019-10-01,11359.900390625,1305400,-0.01003319671254013,-0.009983032105041145,1.584962500721156,1.0,0.16904768506060314,0,0,-0.0,-0.009983032105041145,-0.0
2019-10-03,11314.0,1017500,-0.004048747902700529,-0.004040562773145462,1.584962500721156,1.0,0.1690938232022297,0,0,-0.0,-0.004040562773145462,-0.0
2019-10-04,11174.75,928500,-0.012384128036227408,-0.012307760296977222,1.584962500721156,1.0,0.16993556782217825,0,0,-0.0,-0.012307760296977222,-0.0
2019-10-07,11126.400390625,733200,-0.004336070945390455,-0.0043266837625002275,1.584962500721156,1.0,0.16777088327091075,0,0,-0.0,-0.0043266837625002275,-0.0
2019-10-09,11313.2998046875,741100,0.016658309554353663,0.01679783285706482,1.584962500721156,1.0,0.16981802608667343,0,0,0.0,0.01679783285706482,0.0
2019-10-10,11234.5498046875,562000,-0.006985173448092334,-0.006960833829169011,1.584962500721156,1.0,0.1701471901994538,0,0,-0.0,-0.006960833829169011,-0.0
2019-10-11,11305.0498046875,737800,0.006255677219734019,0.006275284833450412,1.584962500721156,1.0,0.17032279379716292,0,0,0.0,0.006275284833450412,0.0
2019-10-14,11341.150390625,587600,0.0031882272704231176,0.003193315072573366,1.584962500721156,1.0,0.16994868250750095,0,0,0.0,0.003193315072573366,0.0
2019-10-15,11428.2998046875,527400,0.007654979710518189,0.007684353972992053,1.584962500721156,1.0,0.17048848049734328,0,0,0.0,0.007684353972992053,0.0
2019-10-16,11464.0,533500,0.0031189722795879394,0.003123841334461419,1.584962500721156,1.0,0.16888481515458342,0,0,0.0,0.003123841334461419,0.0
2019-10-17,11586.349609375,797600,0.010615956850818441,0.010672506051552677,1.584962500721156,1.0,0.16970479638294894,0,0,0.0,0.010672506051552677,0.0
2019-10-18,11661.849609375,853400,0.006495149556810502,0.006516288783389612,1.584962500721156,1.0,0.16830050802888427,0,0,0.0,0.006516288783389612,0.0
2019-10-22,11588.349609375,867600,-0.006322547531982618,-0.006302602285396697,1.584962500721156,1.0,0.1685615176147378,0,0,-0.0,-0.006302602285396697,-0.0
2019-10-23,11604.099609375,664200,0.0013582008758651655,0.001359123648397631,1.584962500721156,1.0,0.1684017610691133,0,0,0.0,0.001359123648397631,0.0
2019-10-24,11582.599609375,700500,-0.001854512016487498,-0.0018527934715960592,1.584962500721156,1.0,0.16829185982383282,0,0,-0.0,-0.0018527934715960592,-0.0
2019-10-25,11583.900390625,812000,0.00011229846989121649,0.00011230477560042473,1.584962500721156,1.0,0.1681120571072779,0,0,0.0,0.00011230477560042473,0.0
2019-10-29,11786.849609375,951700,0.017368233407476515,0.017519938181983052,1.584962500721156,1.0,0.17068868890911748,0,0,0.0,0.017519938181983052,0.0
2019-10-30,11844.099609375,725200,0.004845350178432992,0.004857107869982835,1.584962500721156,1.0,0.17040860090125495,0,0,0.0,0.004857107869982835,0.0
2019-10-31,11877.4501953125,1414800,0.0028118405572833054,0.0028157974888274317,1.584962500721156,1.0,0.16906589023551932,0,0,0.0,0.0028157974888274317,0.0
2019-11-01,11890.599609375,855300,0.0011064782775295006,0.0011070906504571099,1.584962500721156,1.0,0.1690549234145699,0,0,0.0,0.0011070906504571099,0.0
2019-11-04,11941.2998046875,823100,0.004254824252091804,0.004263888868356602,1.584962500721156,1.0,0.16919140217959364,0,0,0.0,0.004263888868356602,0.0
2019-11-05,11917.2001953125,632000,-0.002020212299297299,-0.002018173043904281,1.584962500721156,1.0,0.16806790111788084,0,0,-0.0,-0.002018173043904281,-0.0
2019-11-06,11966.0498046875,603400,0.004090706038353768,0.004099084396871566,1.584962500721156,1.0,0.16746987646558717,0,0,0.0,0.004099084396871566,0.0
2019-11-07,12012.0498046875,563000,0.003836839214212366,0.003844209304726398,1.584962500721156,1.0,0.16753144296824488,0,0,0.0,0.003844209304726398,0.0
2019-11-08,11908.150390625,789300,-0.008687223905779385,-0.008649599006986697,1.584962500721156,1.0,0.16765227479886274,0,0,-0.0,-0.008649599006986697,-0.0
2019-11-11,11913.4501953125,549000,0.0004449579074941643,0.0004450569159482054,1.584962500721156,1.0,0.16750155524284774,0,0,0.0,0.0004450569159482054,0.0
2019-11-13,11840.4501953125,659000,-0.006146378372844679,-0.006127528029514329,1.584962500721156,1.0,0.1678212710040385,0,0,-0.0,-0.006127528029514329,-0.0
2019-11-14,11872.099609375,559500,0.0026694246816312177,0.002672990768123773,1.584962500721156,1.0,0.16770887276091448,0,0,0.0,0.002672990768123773,0.0
2019-11-15,11895.4501953125,580200,0.001964913812506188,0.001966845520657623,1.584962500721156,1.0,0.16738973080004452,0,0,0.0,0.001966845520657623,0.0
2019-11-18,11884.5,514400,-0.0009209603886071214,-0.0009205364347466549,1.584962500721156,1.0,0.16727743826145053,0,0,-0.0,-0.0009205364347466549,-0.0
2019-11-19,11940.099609375,613900,0.004667420332106962,0.004678329704657314,1.584962500721156,1.0,0.16745931324177651,0,0,0.0,0.004678329704657314,0.0
2019-11-20,11999.099609375,646700,0.004929163997457979,0.004941332311304558,1.584962500721156,1.0,0.167609773128264,0,0,0.0,0.004941332311304558,0.0
2019-11-21,11968.400390625,557700,-0.0025617386493080496,-0.002558460196964596,1.584962500721156,1.0,0.16654655372159136,0,0,-0.0,-0.002558460196964596,-0.0
2019-11-22,11914.400390625,486800,-0.004522090396049399,-0.004511881140131235,1.584962500721156,1.0,0.1626328460503887,0,0,-0.0,-0.004511881140131235,-0.0
2019-11-25,12073.75,534300,0.013285889135891809,0.013374538722098483,1.584962500721156,1.0,0.1640656648314237,0,0,0.0,0.013374538722098483,0.0
2019-11-26,12037.7001953125,1201300,-0.0029902665544935493,-0.0029858001604721185,1.584962500721156,1.0,0.16391497303124075,0,0,-0.0,-0.0029858001604721185,-0.0
2019-11-27,12100.7001953125,584200,0.005219910352766259,0.005233557820665036,1.584962500721156,1.0,0.1637103105329528,0,0,0.0,0.005233557820665036,0.0
2019-11-28,12151.150390625,620500,0.004160529350791835,0.004169196368656758,1.584962500721156,1.0,0.1637387925076545,0,0,0.0,0.004169196368656758,0.0
2019-11-29,12056.0498046875,804400,-0.00785725523266999,-0.007826467690735917,1.584962500721156,1.0,0.16428349106272008,0,0,-0.0,-0.007826467690735917,-0.0
2019-12-02,12048.2001953125,720900,-0.000651305031476376,-0.0006510929783939412,1.584962500721156,1.0,0.16398392995681477,0,0,-0.0,-0.0006510929783939412,-0.0
2019-12-03,11994.2001953125,605800,-0.004492071500914214,-0.004481997238144242,1.584962500721156,1.0,0.16415591137817556,0,0,-0.0,-0.004481997238144242,-0.0
2019-12-04,12043.2001953125,747200,0.0040769856204158446,0.004085307832292884,1.584962500721156,1.0,0.16370400229050625,0,0,0.0,0.004085307832292884,0.0
2019-12-05,12018.400390625,562200,-0.002061360247465576,-0.00205923710353606,1.584962500721156,1.0,0.16155139282767966,0,0,-0.0,-0.00205923710353606,-0.0
2019-12-06,11921.5,609200,-0.00809534862199821,-0.008062669529681155,1.584962500721156,1.0,0.16178104011364955,0,0,-0.0,-0.008062669529681155,-0.0
2019-12-09,11937.5,599100,0.0013412131605239934,0.001342112989137334,1.584962500721156,1.0,0.16175470699159827,0,0,0.0,0.001342112989137334,0.0
2019-12-10,11856.7998046875,650200,-0.006783179618895446,-0.006760225785340301,1.584962500721156,1.0,0.16192762126121102,0,0,-0.0,-0.006760225785340301,-0.0
2019-12-11,11910.150390625,997700,0.004489484356039674,0.0044995771891509495,1.584962500721156,1.0,0.16201391299639323,0,0,0.0,0.0044995771891509495,0.0
2019-12-12,11971.7998046875,752600,0.005162857346029799,0.005176207859728388,1.584962500721156,1.0,0.16214963712136876,0,0,0.0,0.005176207859728388,0.0
2019-12-13,12086.7001953125,597700,0.009551822783961173,0.009597587037832866,1.584962500721156,1.0,0.1620826304515271,0,0,0.0,0.009597587037832866,0.0
2019-12-16,12053.9501953125,437700,-0.002713267419203363,-0.0027095898360001147,1.584962500721156,1.0,0.16128305539135135,0,0,-0.0,-0.0027095898360001147,-0.0
2019-12-17,12165.0,499600,0.009170552980705609,0.009212731336046609,1.584962500721156,1.0,0.16183897091291122,0,0,0.0,0.009212731336046609,0.0
2019-12-18,12221.650390625,518900,0.004646024904610523,0.004656834412248179,1.584962500721156,1.0,0.16032775478131178,0,0,0.0,0.004656834412248179,0.0
2019-12-19,12259.7001953125,623100,0.003108475179285728,0.003113311498149862,1.584962500721156,1.0,0.16035867697137934,0,0,0.0,0.003113311498149862,0.0
2019-12-20,12271.7998046875,810700,0.0009864549951019103,0.000986941701855537,1.584962500721156,1.0,0.1587157069580709,0,0,0.0,0.000986941701855537,0.0
2019-12-23,12262.75,604800,-0.0007377192709850936,-0.0007374472230261553,1.584962500721156,1.0,0.1583703815505618,0,0,-0.0,-0.0007374472230261553,-0.0
2019-12-24,12214.5498046875,470300,-0.003938363953434116,-0.003930618769240168,1.584962500721156,1.0,0.15775579838092388,0,0,-0.0,-0.003930618769240168,-0.0
2019-12-26,12126.5498046875,520300,-0.007230600491364134,-0.007204522590446127,1.584962500721156,1.0,0.15636852397732492,0,0,-0.0,-0.007204522590446127,-0.0
2019-12-27,12245.7998046875,383800,0.009785757510884093,0.009833794601157297,1.584962500721156,1.0,0.1567405360070218,0,0,0.0,0.009833794601157297,0.0
2019-12-30,12255.849609375,411100,0.0008203370378256411,0.0008206736062803532,1.584962500721156,1.0,0.15383304400503683,0,0,0.0,0.0008206736062803532,0.0
2019-12-31,12168.4501953125,426900,-0.007156789574995062,-0.007131240742024536,1.584962500721156,1.0,0.15384712035933765,0,0,-0.0,-0.007131240742024536,-0.0
2020-01-01,12182.5,304100,0.0011539431631088094,0.001154609211690083,1.584962500721156,1.0,0.15384408833473412,0,0,0.0,0.001154609211690083,0.0
2020-01-02,12282.2001953125,407700,0.008150579934013252,0.008183886337984836,1.584962500721156,1.0,0.15429413203455197,0,0,0.0,0.008183886337984836,0.0
2020-01-03,12226.650390625,428800,-0.004533048142335533,-0.004522789386603554,1.584962500721156,1.0,0.1544054495205838,0,0,-0.0,-0.004522789386603554,-0.0
2020-01-06,11993.0498046875,396500,-0.01929072847314149,-0.019105853072941215,1.584962500721156,1.0,0.15726290044127528,0,0,-0.0,-0.019105853072941215,-0.0
2020-01-07,12052.9501953125,447800,0.004982160403270252,0.004994592001242859,1.584962500721156,1.0,0.1546029924513836,0,0,0.0,0.004994592001242859,0.0
2020-01-08,12025.349609375,446000,-0.0022925703434345888,-0.0022899444111396106,1.584962500721156,1.0,0.15427506655773235,0,0,-0.0,-0.0022899444111396106,-0.0
2020-01-09,12215.900390625,477500,0.015721524760104574,0.015845758122611686,1.584962500721156,1.0,0.15264107377667283,0,0,0.0,0.015845758122611686,0.0
2020-01-10,12256.7998046875,660600,0.003342455210374022,0.0033480474426501594,1.584962500721156,1.0,0.1525935618071456,0,0,0.0,0.0033480474426501594,0.0
2020-01-13,12329.5498046875,501000,0.005917935234497193,0.0059354808073293075,1.584962500721156,1.0,0.1524106039833143,0,0,0.0,0.0059354808073293075,0.0
2020-01-14,12362.2998046875,616300,0.0026526987425187607,0.0026562202609821117,1.584962500721156,1.0,0.15146263035246463,0,0,0.0,0.0026562202609821117,0.0
2020-01-15,12343.2998046875,684400,-0.0015381131440847836,-0.0015369308543056182,1.584962500721156,1.0,0.15125320646764187,0,0,-0.0,-0.0015369308543056182,-0.0
2020-01-16,12355.5,395700,0.0009879181499700635,0.000988406301843714,1.584962500721156,1.0,0.14664088991769164,0,0,0.0,0.000988406301843714,0.0
2020-01-17,12352.349609375,502100,-0.00025501131760789477,-0.000254978804985595,1.584962500721156,1.0,0.14659133992540752,0,0,-0.0,-0.000254978804985595,-0.0
2020-01-20,12224.5498046875,491600,-0.01040008785925209,-0.010346193941151438,1.584962500721156,1.0,0.14791571830022104,0,0,-0.0,-0.010346193941151438,-0.0
2020-01-21,12169.849609375,400,-0.004484659455009181,-0.004474618385662321,1.584962500721156,1.0,0.1476529189338335,0,0,-0.0,-0.004474618385662321,-0.0
2020-01-22,12106.900390625,500,-0.005185979163736476,-0.005172555189302153,1.584962500721156,1.0,0.1478759425143919,0,0,-0.0,-0.005172555189302153,-0.0
2020-01-23,12180.349609375,867700,0.0060483951593072694,0.0060667236352978104,1.584962500721156,1.0,0.1480782221743108,0,0,0.0,0.0060667236352978104,0.0
2020-01-24,12248.25,593200,0.005559104211847819,0.005574584704263197,1.584962500721156,1.0,0.1479241354454236,0,0,0.0,0.005574584704263197,0.0
2020-01-27,12119.0,441200,-0.010608600656474901,-0.010552527912150667,1.584962500721156,1.0,0.1487203883781804,0,0,-0.0,-0.010552527912150667,-0.0
2020-01-28,12055.7998046875,478500,-0.005228613250633523,-0.005214967844912932,1.584962500721156,1.0,0.14854559866627748,0,0,-0.0,-0.005214967844912932,-0.0
2020-01-29,12129.5,514400,0.006094646255253335,0.006113256399948197,1.584962500721156,1.0,0.14559923497674937,0,0,0.0,0.006113256399948197,0.0
2020-01-30,12035.7998046875,538100,-0.007754976405079576,-0.0077249841553650445,1.584962500721156,1.0,0.14637179723746163,0,0,-0.0,-0.0077249841553650445,-0.0
2020-01-31,11962.099609375,771300,-0.006142239847635705,-0.006123414854723341,1.584962500721156,1.0,0.14504258612747592,0,0,-0.0,-0.006123414854723341,-0.0
2020-02-03,11707.900390625,669800,-0.02147942474929971,-0.021250384719316173,1.584962500721156,1.0,0.12280922121857547,0,0,-0.0,-0.021250384719316173,-0.0
2020-02-04,11979.650390625,560400,0.02294554852001912,0.02321082268667074,1.584962500721156,1.0,0.11951723446457492,0,0,0.0,0.02321082268667074,0.0
2020-02-05,12089.150390625,758000,0.009098978920125088,0.009140500467834434,1.584962500721156,1.0,0.12038273148438206,0,0,0.0,0.009140500467834434,0.0
2020-02-06,12137.9501953125,565100,0.00402853577236436,0.004036661230167438,1.584962500721156,1.0,0.1183900826115666,0,0,0.0,0.004036661230167438,0.0
2020-02-07,12098.349609375,473500,-0.003267876820959125,-0.0032625431230384194,1.584962500721156,1.0,0.11716322430394796,0,0,-0.0,-0.0032625431230384194,-0.0
2020-02-10,12031.5,524700,-0.005540836887552729,-0.005525514763038308,1.584962500721156,1.0,0.11722587664426425,0,0,-0.0,-0.005525514763038308,-0.0
2020-02-11,12107.900390625,480000,0.0063299538920958175,0.006350030388978967,1.584962500721156,1.0,0.11745143747529849,0,0,0.0,0.006350030388978967,0.0
2020-02-12,12201.2001953125,411700,0.0076761591804553895,0.0077056964194832656,1.584962500721156,1.0,0.11664864593044778,0,0,0.0,0.0077056964194832656,0.0
2020-02-13,12174.650390625,501200,-0.002178370358219195,-0.0021759994314084485,1.584962500721156,1.0,0.11647064116265263,0,0,-0.0,-0.0021759994314084485,-0.0
2020-02-14,12113.4501953125,622800,-0.005039531569823334,-0.005026854435148831,1.584962500721156,1.0,0.11474968683321511,0,0,-0.0,-0.005026854435148831,-0.0
2020-02-17,12045.7998046875,0,-0.005600386389670753,-0.00558473346026378,1.584962500721156,1.0,0.11493227628044839,0,0,-0.0,-0.00558473346026378,-0.0
2020-02-18,11992.5,676900,-0.004434580853707973,-0.004424762618648104,1.584962500721156,1.0,0.11211939049966725,0,0,-0.0,-0.004424762618648104,-0.0
2020-02-19,12125.900390625,513600,0.011062238693018929,0.011123651500938081,1.584962500721156,1.0,0.1127060094266543,0,0,0.0,0.011123651500938081,0.0
2020-02-20,12080.849609375,502600,-0.003722171151700223,-0.003715252459506435,1.584962500721156,1.0,0.11258716639507546,0,0,-0.0,-0.003715252459506435,-0.0
2020-02-24,11829.400390625,490800,-0.02103353072205037,-0.02081386879900149,1.584962500721156,1.0,0.11824741524601906,0,0,-0.0,-0.02081386879900149,-0.0
2020-02-25,11797.900390625,461000,-0.002666408571566386,-0.002662856861702312,1.584962500721156,1.0,0.11773140842538347,0,0,-0.0,-0.002662856861702312,-0.0
2020-02-26,11678.5,567600,-0.010172038146389433,-0.010120477938589723,1.584962500721156,1.0,0.11894188882858693,0,0,-0.0,-0.010120477938589723,-0.0
2020-02-27,11633.2998046875,608600,-0.0038778860778288546,-0.003870376787472707,1.584962500721156,1.0,0.11781743486081565,0,0,-0.0,-0.003870376787472707,-0.0
2020-02-28,11201.75,809900,-0.0378016423222764,-0.03709607866493836,1.584962500721156,1.0,0.1332557400433461,0,0,-0.0,-0.03709607866493836,-0.0
2020-03-02,11132.75,680800,-0.0061788013630017435,-0.006159751824491688,1.584962500721156,1.0,0.1332380106596643,0,0,-0.0,-0.006159751824491688,-0.0
2020-03-03,11303.2998046875,696500,0.015203486470954998,0.015319647408546855,1.584962500721156,1.0,0.1357591096921057,0,0,0.0,0.015319647408546855,0.0
2020-03-04,11251.0,797700,-0.0046376876143074345,-0.004626950146523701,1.584962500721156,1.0,0.13592959316831443,0,0,-0.0,-0.004626950146523701,-0.0
2020-03-05,11269.0,1352500,0.0015985793812774052,0.0015998577904186018,1.584962500721156,1.0,0.13596580893991853,0,0,0.0,0.0015998577904186018,0.0
2020-03-06,10989.4501953125,1811000,-0.02511985353017798,-0.024806975302821943,1.584962500721156,1.0,0.1388840243542681,0,0,-0.0,-0.024806975302821943,-0.0
2020-03-09,10451.4501953125,1565500,-0.05019499598647564,-0.048956043335951605,1.584962500721156,1.0,0.16130209748269178,0,0,-0.0,-0.048956043335951605,-0.0
2020-03-11,10458.400390625,1218500,0.0006647771623133455,0.0006649981756232659,1.584962500721156,1.0,0.16118370600636917,0,0,0.0,0.0006649981756232659,0.0
2020-03-12,9590.150390625,1343500,-0.08666894981793948,-0.08301938801064712,1.584962500721156,1.0,0.21517469328079006,0,0,-0.0,-0.08301938801064712,-0.0
2020-03-13,9955.2001953125,1388000,0.03735847654239177,0.03806507612689369,1.584962500721156,1.0,0.22497557793379816,0,0,0.0,0.03806507612689369,0.0
2020-03-16,9197.400390625,897700,-0.07917416945110371,-0.07612100106679087,1.584962500721156,1.0,0.25938626066701864,0,0,-0.0,-0.07612100106679087,-0.0
2020-03-17,8967.0498046875,935600,-0.02536415171509603,-0.02504518409052825,1.584962500721156,1.0,0.2618167658394259,0,0,-0.0,-0.02504518409052825,-0.0
2020-03-18,8468.7998046875,1516600,-0.05716792711513327,-0.05556454027271507,1.584962500721156,1.0,0.27665046651317904,0,0,-0.0,-0.05556454027271507,-0.0
2020-03-19,8263.4501953125,925700,-0.02454659954775134,-0.024247781753128472,1.584962500721156,1.0,0.27869545011895164,0,0,-0.0,-0.024247781753128472,-0.0
2020-03-20,8745.4501953125,1071500,0.05669138794443699,0.058329146858465686,1.584962500721156,1.0,0.29658767995722096,0,0,0.0,0.058329146858465686,0.0
2020-03-23,7610.25,653500,-0.13903756461051203,-0.12980466070471242,1.584962500721156,1.0,0.37343409696510316,0,0,-0.0,-0.12980466070471242,-0.0
2020-03-24,7801.0498046875,738400,0.024762292138464665,0.02507142402516349,1.584962500721156,1.0,0.3765210856645085,0,0,0.0,0.02507142402516349,0.0
2020-03-25,8317.849609375,736900,0.06414544603118057,0.06624746894667499,1.584962500721156,1.0,0.39361017772743667,0,0,0.0,0.06624746894667499,0.0
2020-03-26,8641.4501953125,865600,0.03816665439616388,0.038904356430389475,1.584962500721156,1.0,0.3998536557217586,0,0,0.0,0.038904356430389475,0.0
2020-03-27,8660.25,801500,0.002173175106963937,0.0021755381634551707,1.584962500721156,1.0,0.3997304440619688,0,0,0.0,0.0021755381634551707,0.0
2020-03-30,8281.099609375,593300,-0.04476782787370225,-0.04378053643081892,1.584962500721156,1.0,0.4053496799144199,0,0,-0.0,-0.04378053643081892,-0.0
2020-03-31,8597.75,712700,0.03752477847769833,0.03823772271336057,1.584962500721156,1.0,0.41129264592187503,0,0,0.0,0.03823772271336057,0.0
2020-04-01,8253.7998046875,506300,-0.040826864424490454,-0.04000467509668226,1.584962500721156,1.0,0.41596424507402924,0,0,-0.0,-0.04000467509668226,-0.0
2020-04-03,8083.7998046875,697000,-0.02081164185069997,-0.020596574186770744,1.584962500721156,1.0,0.415846981307997,0,0,-0.0,-0.020596574186770744,-0.0
2020-04-07,8792.2001953125,814200,0.08400295216282225,0.08763210467115035,1.584962500721156,1.0,0.4414084292512581,0,0,0.0,0.08763210467115035,0.0
2020-04-08,8748.75,896500,-0.004954153987953298,-0.004941902407507137,1.584962500721156,1.0,0.44116817973246,0,0,-0.0,-0.004941902407507137,-0.0
2020-04-09,9111.900390625,742100,0.0406704613937413,0.04150883161880259,1.584962500721156,1.0,0.4471767152775255,0,0,0.0,0.04150883161880259,0.0
2020-04-13,8993.849609375,644000,-0.013040327423561648,-0.01295567073707915,1.584962500721156,1.0,0.44741365930688,0,0,-0.0,-0.01295567073707915,-0.0
2020-04-15,8925.2998046875,879100,-0.007651048328648555,-0.007621853562688519,1.584962500721156,1.0,0.4474515966113597,0,0,-0.0,-0.007621853562688519,-0.0
2020-04-16,8992.7998046875,719400,0.007534316783542481,0.007562771164790316,1.584962500721156,1.0,0.4478158220478698,0,0,0.0,0.007562771164790316,0.0
2020-04-17,9266.75,684200,0.03000848934711599,0.03046328187687486,1.584962500721156,1.0,0.451099168872386,0,0,0.0,0.03046328187687486,0.0
2020-04-20,9261.849609375,726400,-0.0005289542483047096,-0.0005288143766692954,1.584962500721156,1.0,0.45111463716312095,0,0,-0.0,-0.0005288143766692954,-0.0
2020-04-21,8981.4501953125,655100,-0.030742409586860843,-0.030274667144095657,1.584962500721156,1.0,0.45343959290526387,0,0,-0.0,-0.030274667144095657,-0.0
2020-04-22,9187.2998046875,734400,0.022660713376927297,0.02291941778872575,1.584962500721156,1.0,0.4554359715227509,0,0,0.0,0.02291941778872575,0.0
2020-04-23,9313.900390625,666700,0.013685875581327233,0.01377995587701486,1.584962500721156,1.0,0.4562302795606559,0,0,0.0,0.01377995587701486,0.0
2020-04-24,9154.400390625,659400,-0.017273269224786485,-0.017124941572334906,1.584962500721156,1.0,0.45671474581337257,0,0,-0.0,-0.017124941572334906,-0.0
2020-04-27,9282.2998046875,512800,0.01387465918374464,0.013971358975458648,1.584962500721156,1.0,0.4573836720280397,0,0,0.0,0.013971358975458648,0.0
2020-04-28,9380.900390625,614500,0.010566409007242056,0.010622430648890235,1.584962500721156,1.0,0.45746456632434074,0,0,0.0,0.010622430648890235,0.0
2020-04-29,9553.349609375,653000,0.01821608855026957,0.018383013524196468,1.584962500721156,1.0,0.4588164103766907,0,0,0.0,0.018383013524196468,0.0
2020-04-30,9859.900390625,931200,0.03158422875946422,0.03208830345213909,1.584962500721156,1.0,0.46196431401592136,0,0,0.0,0.03208830345213909,0.0
2020-05-04,9293.5,687500,-0.059160835126554547,-0.05744483901313502,1.584962500721156,1.0,0.47147480052061547,0,0,-0.0,-0.05744483901313502,-0.0
2020-05-05,9205.599609375,725200,-0.009503278972569803,-0.009458265521601117,1.584962500721156,1.0,0.4714811681604471,0,0,-0.0,-0.009458265521601117,-0.0
2020-05-06,9270.900390625,722200,0.0070685522845568985,0.007093593467121684,1.584962500721156,1.0,0.4717432448517522,0,0,0.0,0.007093593467121684,0.0
2020-05-07,9199.0498046875,708700,-0.0077803077564110755,-0.007750119504051356,1.584962500721156,1.0,0.4717899122014547,0,0,-0.0,-0.007750119504051356,-0.0
2020-05-08,9251.5,609100,0.005685503917787226,0.0057016970693835045,1.584962500721156,1.0,0.4720217054166837,0,0,0.0,0.0057016970693835045,0.0
2020-05-11,9239.2001953125,704600,-0.001330377581346701,-0.0013294930214019507,1.584962500721156,1.0,0.4719783069327026,0,0,-0.0,-0.0013294930214019507,-0.0
2020-05-12,9196.5498046875,805500,-0.004626930470959459,-0.004616242718351149,1.584962500721156,1.0,0.47148684588835366,0,0,-0.0,-0.004616242718351149,-0.0
2020-05-13,9383.5498046875,846400,0.02012974293547344,0.02033371253039773,1.584962500721156,1.0,0.4730554406990743,0,0,0.0,0.02033371253039773,0.0
2020-05-14,9142.75,602600,-0.025996919937107583,-0.025661909373274727,1.584962500721156,1.0,0.47457591886966005,0,0,-0.0,-0.025661909373274727,-0.0
2020-05-15,9136.849609375,575900,-0.0006455711236580218,-0.0006453627874545287,1.584962500721156,1.0,0.4745389767156609,0,0,-0.0,-0.0006453627874545287,-0.0
2020-05-18,8823.25,773000,-0.03492536149006188,-0.034322509703259896,1.584962500721156,1.0,0.47708991410545076,0,0,-0.0,-0.034322509703259896,-0.0
2020-05-19,8879.099609375,762200,0.006309873650596998,0.00632982284022332,1.584962500721156,1.0,0.4773796185162198,0,0,0.0,0.00632982284022332,0.0
2020-05-20,9066.5498046875,622300,0.020891638839326522,0.021111396826158035,1.584962500721156,1.0,0.4783633596415334,0,0,0.0,0.021111396826158035,0.0
2020-05-21,9106.25,631500,0.004369195599480915,0.004378754451001221,1.584962500721156,1.0,0.47833510528494216,0,0,0.0,0.004378754451001221,0.0
2020-05-22,9039.25,675800,-0.00738478460081561,-0.0073575840768702605,1.584962500721156,1.0,0.4783862069508316,0,0,-0.0,-0.0073575840768702605,-0.0
2020-05-26,9029.0498046875,655000,-0.00112907097030296,-0.0011284338094974533,1.584962500721156,1.0,0.4773317041476001,0,0,-0.0,-0.0011284338094974533,-0.0
2020-05-27,9314.9501953125,763500,0.0311735219299972,0.03166450477176164,1.584962500721156,1.0,0.48069792798432087,0,0,0.0,0.03166450477176164,0.0
2020-05-28,9490.099609375,837900,0.018628451492543274,0.018803043536468778,1.584962500721156,1.0,0.48183848567682014,0,0,0.0,0.018803043536468778,0.0
2020-05-29,9580.2998046875,967000,0.009459777532853096,0.009504662651105722,1.584962500721156,1.0,0.48219543158970446,0,0,0.0,0.009504662651105722,0.0
2020-06-01,9826.150390625,794200,0.025338352659720637,0.025662097319460564,1.584962500721156,1.0,0.48449152024163367,0,0,0.0,0.025662097319460564,0.0
2020-06-02,9979.099609375,770200,0.015445627746472025,0.015565527970742954,1.584962500721156,1.0,0.48539227369574023,0,0,0.0,0.015565527970742954,0.0
2020-06-03,10061.5498046875,794700,0.008228342186278518,0.008262288035990828,1.584962500721156,1.0,0.48570457858218224,0,0,0.0,0.008262288035990828,0.0
2020-06-04,10029.099609375,775100,-0.003230380747065696,-0.003225168681009971,1.584962500721156,1.0,0.4855132844480146,0,0,-0.0,-0.003225168681009971,-0.0
2020-06-05,10142.150390625,987100,0.01120921756965851,0.011272276241460544,1.584962500721156,1.0,0.486014088387522,0,0,0.0,0.011272276241460544,0.0
2020-06-08,10167.4501953125,936500,0.0024914146063167966,0.002494520758722585,1.584962500721156,1.0,0.48604249822456475,0,0,0.0,0.002494520758722585,0.0
2020-06-09,10046.650390625,754200,-0.011952175882067815,-0.011881032349997822,1.584962500721156,1.0,0.48613813062171474,0,0,-0.0,-0.011881032349997822,-0.0
2020-06-10,10116.150390625,632400,0.006893910822071789,0.006917728526201428,1.584962500721156,1.0,0.48620311222599466,0,0,0.0,0.006917728526201428,0.0
2020-06-11,9902.0,715500,-0.021396438367806456,-0.021169158460066062,1.584962500721156,1.0,0.48707041807686635,0,0,-0.0,-0.021169158460066062,-0.0
2020-06-12,9972.900390625,796300,0.007134696525776951,0.00716020911179549,1.584962500721156,1.0,0.48729526627150055,0,0,0.0,0.00716020911179549,0.0
2020-06-15,9813.7001953125,716100,-0.016092064938005003,-0.015963279394844432,1.584962500721156,1.0,0.48765197324762083,0,0,-0.0,-0.015963279394844432,-0.0
2020-06-16,9914.0,899900,0.010168511071378764,0.010220386061458031,1.584962500721156,1.0,0.48801204582838936,0,0,0.0,0.010220386061458031,0.0
2020-06-17,9881.150390625,685400,-0.0033189583187083734,-0.0033134566648174157,1.584962500721156,1.0,0.4879695945159966,0,0,-0.0,-0.0033134566648174157,-0.0
2020-06-18,10091.650390625,622900,0.021079446670088396,0.021303187551898528,1.584962500721156,1.0,0.4883860365337443,0,0,0.0,0.021303187551898528,0.0
2020-06-19,10244.400390625,892100,0.015022865002949488,0.015136275444292302,1.584962500721156,1.0,0.4874352814250003,0,0,0.0,0.015136275444292302,0.0
2020-06-22,10311.2001953125,685400,0.006499449097502718,0.006520616350433883,1.584962500721156,1.0,0.48729101651933665,0,0,0.0,0.006520616350433883,0.0
2020-06-23,10471.0,669200,0.015378829255110686,0.015497691991291696,1.584962500721156,1.0,0.48804282937136206,0,0,0.0,0.015497691991291696,0.0
2020-06-24,10305.2998046875,854800,-0.015951224257763807,-0.015824677233549855,1.584962500721156,1.0,0.48862363021660965,0,0,-0.0,-0.015824677233549855,-0.0
2020-06-25,10288.900390625,994200,-0.0015926248529521327,-0.001591357298992957,1.584962500721156,1.0,0.48858230163384603,0,0,-0.0,-0.001591357298992957,-0.0
2020-06-26,10383.0,671900,0.00910417112670767,0.00914574014738645,1.584962500721156,1.0,0.4887340498067348,0,0,0.0,0.00914574014738645,0.0
2020-06-29,10312.400390625,574500,-0.006822760798075913,-0.006799538608783573,1.584962500721156,1.0,0.48854796550297525,0,0,-0.0,-0.006799538608783573,-0.0
2020-06-30,10302.099609375,556200,-0.0009993724909477652,-0.0009988732845714887,1.584962500721156,1.0,0.4885498331543968,0,0,-0.0,-0.0009988732845714887,-0.0
2020-07-01,10430.0498046875,573600,0.012343324106810436,0.012419817334717198,1.584962500721156,1.0,0.48909465683338865,0,0,0.0,0.012419817334717198,0.0
2020-07-02,10551.7001953125,597400,0.011595958752537541,0.011663452514898642,1.584962500721156,1.0,0.48954888037100625,0,0,0.0,0.011663452514898642,0.0
2020-07-03,10607.349609375,525200,0.005260117338821228,0.005273976044848361,1.584962500721156,1.0,0.489651501222417,0,0,0.0,0.005273976044848361,0.0
2020-07-06,10763.650390625,571200,0.014627632603289031,0.014735139974255018,1.584962500721156,1.0,0.48994394895853005,0,0,0.0,0.014735139974255018,0.0
2020-07-07,10799.650390625,636800,0.003339009534036716,0.003344590235981215,1.584962500721156,1.0,0.4899885614998312,0,0,0.0,0.003344590235981215,0.0
2020-07-08,10705.75,767900,-0.008732782060989626,-0.00869476207364206,1.584962500721156,1.0,0.48901335952534764,0,0,-0.0,-0.00869476207364206,-0.0
2020-07-09,10813.4501953125,618700,0.01000976742529668,0.010060032721901813,1.584962500721156,1.0,0.48935895345555175,0,0,0.0,0.010060032721901813,0.0
2020-07-10,10768.0498046875,590700,-0.00420734959083762,-0.004198511095439339,1.584962500721156,1.0,0.48914304293296024,0,0,-0.0,-0.004198511095439339,-0.0
2020-07-13,10802.7001953125,554100,0.003212722824094239,0.003217889149241815,1.584962500721156,1.0,0.4891647909488642,0,0,0.0,0.003217889149241815,0.0
2020-07-14,10607.349609375,532400,-0.018249000734889463,-0.01808349601540049,1.584962500721156,1.0,0.48606398027781245,0,0,-0.0,-0.01808349601540049,-0.0
2020-07-15,10618.2001953125,715900,0.001022408086719745,0.0010229309240368245,1.584962500721156,1.0,0.4859795548750229,0,0,0.0,0.0010229309240368245,0.0
2020-07-16,10739.9501953125,694400,0.011400923444823241,0.011466161662100571,1.584962500721156,1.0,0.4856726325280453,0,0,0.0,0.011466161662100571,0.0
2020-07-17,10901.7001953125,676900,0.014948306530616993,0.01506059125586967,1.584962500721156,1.0,0.4863133119549375,0,0,0.0,0.01506059125586967,0.0
2020-07-20,11022.2001953125,554300,0.010992680250840313,0.011053321760931656,1.584962500721156,1.0,0.48667383142711906,0,0,0.0,0.011053321760931656,0.0
2020-07-21,11162.25,772000,0.012626110991777935,0.012706156865764484,1.584962500721156,1.0,0.4853080500208202,0,0,0.0,0.012706156865764484,0.0
2020-07-22,11132.599609375,765100,-0.002659843741967638,-0.0026563094918139463,1.584962500721156,1.0,0.47779934152969783,0,0,-0.0,-0.0026563094918139463,-0.0
2020-07-23,11215.4501953125,621600,0.007414603621325298,0.007442159858846331,1.584962500721156,1.0,0.4779313493473307,0,0,0.0,0.007442159858846331,0.0
2020-07-24,11194.150390625,678900,-0.0019009541040186228,-0.0018991484351116306,1.584962500721156,1.0,0.45449009855950945,0,0,-0.0,-0.0018991484351116306,-0.0
2020-07-27,11131.7998046875,588100,-0.0055854955772852745,-0.005569925698846956,1.584962500721156,1.0,0.45061925475198367,0,0,-0.0,-0.005569925698846956,-0.0
2020-07-28,11300.5498046875,683900,0.015045520083450243,0.0151592736988444,1.584962500721156,1.0,0.43012551250122866,0,0,0.0,0.0151592736988444,0.0
2020-07-29,11202.849609375,600700,-0.008683204468886633,-0.008645614328603224,1.584962500721156,1.0,0.4279894326453888,0,0,-0.0,-0.008645614328603224,-0.0
2020-07-30,11102.150390625,677800,-0.009029356907451743,-0.008988714680747911,1.584962500721156,1.0,0.41641916283023844,0,0,-0.0,-0.008988714680747911,-0.0
2020-07-31,11073.4501953125,642600,-0.002588449519166038,-0.002585102372305803,1.584962500721156,1.0,0.41391857565616036,0,0,-0.0,-0.002585102372305803,-0.0
2020-08-03,10891.599609375,680900,-0.016558554850121334,-0.016422215545293994,1.584962500721156,1.0,0.4051976646998823,0,0,-0.0,-0.016422215545293994,-0.0
2020-08-04,11095.25,625700,0.01852527473195631,0.018697932161379383,1.584962500721156,1.0,0.3278168275795106,0,0,0.0,0.018697932161379383,0.0
2020-08-05,11101.650390625,667600,0.0005766923029565639,0.0005768586219327965,1.584962500721156,1.0,0.32601225224173724,0,0,0.0,0.0005768586219327965,0.0
2020-08-06,11200.150390625,600400,0.00883342483924069,0.008872554668374333,1.584962500721156,1.0,0.3098164193670797,0,0,0.0,0.008872554668374333,0.0
2020-08-07,11214.0498046875,452600,0.0012402330418245548,0.0012410024488720417,1.584962500721156,1.0,0.30416177269934686,0,0,0.0,0.0012410024488720417,0.0
2020-08-10,11270.150390625,492000,0.004990233307851035,0.005002705259437024,1.584962500721156,1.0,0.3041793563193615,0,0,0.0,0.005002705259437024,0.0
2020-08-11,11322.5,586100,0.004634224153283686,0.004644978776729314,1.584962500721156,1.0,0.29328416941078933,0,0,0.0,0.004644978776729314,0.0
2020-08-12,11308.400390625,609900,-0.0012460495124746427,-0.0012452735151247118,1.584962500721156,1.0,0.2876609514606993,0,0,-0.0,-0.0012452735151247118,-0.0
2020-08-13,11300.4501953125,562400,-0.0007032817179241128,-0.0007030344733010008,1.584962500721156,1.0,0.27800744627143703,0,0,-0.0,-0.0007030344733010008,-0.0
2020-08-14,11178.400390625,645100,-0.010859185489107238,-0.010800437378868932,1.584962500721156,1.0,0.27603586893358145,0,0,-0.0,-0.010800437378868932,-0.0
2020-08-17,11247.099609375,634000,0.006126903182347498,0.0061457110453491115,1.584962500721156,1.0,0.24024844896136469,0,0,0.0,0.0061457110453491115,0.0
2020-08-18,11385.349609375,579200,0.012217124027310865,0.012292057935075373,1.584962500721156,1.0,0.24041029894999938,0,0,0.0,0.012292057935075373,0.0
2020-08-19,11408.400390625,626200,0.002022553472584474,0.002024600213507588,1.584962500721156,1.0,0.2317731500033071,0,0,0.0,0.002024600213507588,0.0
2020-08-20,11312.2001953125,791600,-0.0084681538079335,-0.008432399987605033,1.584962500721156,1.0,0.23103035514689224,0,0,-0.0,-0.008432399987605033,-0.0
2020-08-21,11371.599609375,668700,0.005237178104313519,0.005250916093857194,1.584962500721156,1.0,0.23042510343776812,0,0,0.0,0.005250916093857194,0.0
2020-08-24,11466.4501953125,532900,0.008306412509926262,0.008341006471886514,1.584962500721156,1.0,0.2304746669020414,0,0,0.0,0.008341006471886514,0.0
2020-08-25,11472.25,638200,0.000505678592222556,0.0005058064691958464,1.584962500721156,1.0,0.2258168550436787,0,0,0.0,0.0005058064691958464,0.0
2020-08-26,11549.599609375,743400,0.006719694702452173,0.0067423225064831005,1.584962500721156,1.0,0.22587891424446438,0,0,0.0,0.0067423225064831005,0.0
2020-08-27,11559.25,719800,0.0008352117348219679,0.0008355606212675504,1.584962500721156,1.0,0.21880878200659168,0,0,0.0,0.0008355606212675504,0.0
2020-08-28,11647.599609375,807000,0.007614134421611744,0.007643195654994939,1.584962500721156,1.0,0.21637750701051273,0,0,0.0,0.007643195654994939,0.0
2020-08-31,11387.5,1371800,-0.0225838540823065,-0.022330747801946216,1.584962500721156,1.0,0.21962042391936015,0,0,-0.0,-0.022330747801946216,-0.0
2020-09-01,11470.25,783800,0.007240464307211334,0.007266739846322645,1.584962500721156,1.0,0.21727358044691478,0,0,0.0,0.007266739846322645,0.0
2020-09-02,11535.0,593500,0.005629164732428894,0.005645038251127943,1.584962500721156,1.0,0.2164886206578677,0,0,0.0,0.005645038251127943,0.0
2020-09-03,11527.4501953125,607100,-0.0006547270470620276,-0.0006545127600779965,1.584962500721156,1.0,0.21610611614892627,0,0,-0.0,-0.0006545127600779965,-0.0
2020-09-04,11333.849609375,681300,-0.01693737589976223,-0.016794744948559814,1.584962500721156,1.0,0.21677516595918056,0,0,-0.0,-0.016794744948559814,-0.0
2020-09-07,11355.0498046875,560300,0.001868773014980915,0.0018705202595032944,1.584962500721156,1.0,0.21087569957372196,0,0,0.0,0.0018705202595032944,0.0
2020-09-08,11317.349609375,572200,-0.003325649779789579,-0.0033201259317187093,1.584962500721156,1.0,0.1843790955747726,0,0,-0.0,-0.0033201259317187093,-0.0
2020-09-09,11278.0,728900,-0.003482986529093653,-0.003476927967516641,1.584962500721156,1.0,0.18357154215605487,0,0,-0.0,-0.003476927967516641,-0.0
2020-09-10,11449.25,679400,0.01507030028649042,0.015184429863450921,1.584962500721156,1.0,0.184650645528623,0,0,0.0,0.015184429863450921,0.0
2020-09-11,11464.4501953125,554800,0.0013267344350831917,0.0013276149365679668,1.584962500721156,1.0,0.1838638203529211,0,0,0.0,0.0013276149365679668,0.0
2020-09-14,11440.0498046875,642300,-0.002130620607789219,-0.0021283524468515003,1.584962500721156,1.0,0.18393906473135832,0,0,-0.0,-0.0021283524468515003,-0.0
2020-09-15,11521.7998046875,506700,0.007120536611649034,0.007145947910690342,1.584962500721156,1.0,0.1840026485118327,0,0,0.0,0.007145947910690342,0.0
2020-09-16,11604.5498046875,527800,0.007156369643982706,0.0071820376506051,1.584962500721156,1.0,0.18377514379092058,0,0,0.0,0.0071820376506051,0.0
2020-09-17,11516.099609375,0,-0.007651223391398827,-0.007622027291120936,1.584962500721156,1.0,0.18213727647496883,0,0,-0.0,-0.007622027291120936,-0.0
2020-09-18,11504.9501953125,764200,-0.0009686278452831663,-0.0009681588767627147,1.584962500721156,1.0,0.17584316837982375,0,0,-0.0,-0.0009681588767627147,-0.0
2020-09-21,11250.5498046875,602900,-0.022360395533691877,-0.02211225483867385,1.584962500721156,1.0,0.18065022343704087,0,0,-0.0,-0.02211225483867385,-0.0
2020-09-22,11153.650390625,672200,-0.008650165364363744,-0.00861286032635733,1.584962500721156,1.0,0.17037264693056559,0,0,-0.0,-0.00861286032635733,-0.0
2020-09-23,11131.849609375,714900,-0.0019564998051874198,-0.0019545871070447696,1.584962500721156,1.0,0.17042505958532106,0,0,-0.0,-0.0019545871070447696,-0.0
2020-09-24,10805.5498046875,706100,-0.02975046086629724,-0.029312272096516434,1.584962500721156,1.0,0.17593972166936625,0,0,-0.0,-0.029312272096516434,-0.0
2020-09-25,11050.25,559600,0.02239317919403798,0.022645788482354545,1.584962500721156,1.0,0.17919644094881776,0,0,0.0,0.022645788482354545,0.0
2020-09-28,11227.5498046875,472800,0.015917509782938703,0.016044868187371275,1.584962500721156,1.0,0.1799265579570404,0,0,0.0,0.016044868187371275,0.0
2020-09-29,11222.400390625,498300,-0.00045874615382283734,-0.0004586409458945395,1.584962500721156,1.0,0.1798927306795537,0,0,-0.0,-0.0004586409458945395,-0.0
2020-09-30,11247.5498046875,499300,0.0022384940193966077,0.002241001317642377,1.584962500721156,1.0,0.17318656034597238,0,0,0.0,0.002241001317642377,0.0
2020-10-01,11416.9501953125,447700,0.014948800566928164,0.015061092732783665,1.584962500721156,1.0,0.17229908439895955,0,0,0.0,0.015061092732783665,0.0
2020-10-05,11503.349609375,530600,0.007539152980994381,0.0075676439490797165,1.584962500721156,1.0,0.17209518911202568,0,0,0.0,0.0075676439490797165,0.0
2020-10-06,11662.400390625,561400,0.013731761801546099,0.013826475474619793,1.584962500721156,1.0,0.16870721643417852,0,0,0.0,0.013826475474619793,0.0
2020-10-07,11738.849609375,513400,0.006533795478530655,0.006555187284725372,1.584962500721156,1.0,0.16733522260362663,0,0,0.0,0.006555187284725372,0.0
2020-10-08,11834.599609375,608800,0.008123590712403974,0.008156676606839941,1.584962500721156,1.0,0.1673239279601956,0,0,0.0,0.008156676606839941,0.0
2020-10-09,11914.2001953125,611100,0.00670357110102055,0.0067260903253916204,1.584962500721156,1.0,0.16730341890521144,0,0,0.0,0.0067260903253916204,0.0
2020-10-12,11930.9501953125,522600,0.0014048980594053501,0.0014058853909966196,1.584962500721156,1.0,0.16656377225493973,0,0,0.0,0.0014058853909966196,0.0
2020-10-13,11934.5,458300,0.0002974848313881938,0.0002975290843887368,1.584962500721156,1.0,0.1665786226973736,0,0,0.0,0.0002975290843887368,0.0
2020-10-14,11971.0498046875,569200,0.0030578533826602027,0.0030625333853533387,1.584962500721156,1.0,0.1649605931880514,0,0,0.0,0.0030625333853533387,0.0
2020-10-15,11680.349609375,608900,-0.024583309443990238,-0.02428360085835335,1.584962500721156,1.0,0.17060047493724967,0,0,-0.0,-0.02428360085835335,-0.0
2020-10-16,11762.4501953125,555800,0.007004361448563385,0.007028949362235082,1.584962500721156,1.0,0.16632759322309246,0,0,0.0,0.007028949362235082,0.0
2020-10-19,11873.0498046875,541400,0.009358838750109354,0.009402769621849272,1.584962500721156,1.0,0.16656676310621266,0,0,0.0,0.009402769621849272,0.0
2020-10-20,11896.7998046875,453600,0.0019983305148122575,0.002000328507897331,1.584962500721156,1.0,0.16374908770426475,0,0,0.0,0.002000328507897331,0.0
2020-10-21,11937.650390625,623700,0.003427863919924764,0.0034337457642519276,1.584962500721156,1.0,0.16320072439736594,0,0,0.0,0.0034337457642519276,0.0
2020-10-22,11896.4501953125,544900,-0.0034572511936285335,-0.0034512817819539743,1.584962500721156,1.0,0.1632138030939381,0,0,-0.0,-0.0034512817819539743,-0.0
2020-10-23,11930.349609375,502300,0.002845488039808009,0.0028495402835257977,1.584962500721156,1.0,0.16001882392360162,0,0,0.0,0.0028495402835257977,0.0
2020-10-26,11767.75,519800,-0.01372280171939824,-0.013629073304543216,1.584962500721156,1.0,0.16055201756430187,0,0,-0.0,-0.013629073304543216,-0.0
2020-10-27,11889.400390625,616300,0.010284540688903391,0.010337608346965288,1.584962500721156,1.0,0.16100733648184995,0,0,0.0,0.010337608346965288,0.0
2020-10-28,11729.599609375,704000,-0.013531751526031222,-0.013440608945763599,1.584962500721156,1.0,0.16126045886385668,0,0,-0.0,-0.013440608945763599,-0.0
2020-10-29,11670.7998046875,555000,-0.0050255491286022155,-0.005012942184360991,1.584962500721156,1.0,0.15897867785285463,0,0,-0.0,-0.005012942184360991,-0.0
2020-10-30,11642.400390625,553700,-0.0024363388871728973,-0.002433373422367602,1.584962500721156,1.0,0.15902964617803092,0,0,-0.0,-0.002433373422367602,-0.0
2020-11-02,11669.150390625,568400,0.00229500061940095,0.002297636149117599,1.584962500721156,1.0,0.15849966913658087,0,0,0.0,0.002297636149117599,0.0
2020-11-03,11813.5,674300,0.01229430453308261,0.01237019016319918,1.584962500721156,1.0,0.15895391765759084,0,0,0.0,0.01237019016319918,0.0
2020-11-04,11908.5,667300,0.008009485529747545,0.008041647267956087,1.584962500721156,1.0,0.1592657454263116,0,0,0.0,0.008041647267956087,0.0
2020-11-05,12120.2998046875,632500,0.017629285844443805,0.017785598915690537,1.584962500721156,1.0,0.16051511818048111,0,0,0.0,0.017785598915690537,0.0
2020-11-06,12263.5498046875,576800,0.011749715515175936,0.011819014571289532,1.584962500721156,1.0,0.1605422470046083,0,0,0.0,0.011819014571289532,0.0
2020-11-09,12461.0498046875,553400,0.015976331587139476,0.016104635537461442,1.584962500721156,1.0,0.16221342102842984,0,0,0.0,0.016104635537461442,0.0
2020-11-10,12631.099609375,847500,0.013554232066476922,0.01364650710436388,1.584962500721156,1.0,0.161982662094081,0,0,0.0,0.01364650710436388,0.0
2020-11-11,12749.150390625,880500,0.009302637490367565,0.009346041508720315,1.584962500721156,1.0,0.16245212967307954,0,0,0.0,0.009346041508720315,0.0
2020-11-12,12690.7998046875,622000,-0.004587327240413277,-0.004576821525331454,1.584962500721156,1.0,0.16183485476760257,0,0,-0.0,-0.004576821525331454,-0.0
2020-11-13,12719.9501953125,513900,0.0022943363271255195,0.002296970330761372,1.584962500721156,1.0,0.1612526855277582,0,0,0.0,0.002296970330761372,0.0
2020-11-17,12874.2001953125,707700,0.012053681426341886,0.012126619808373373,1.584962500721156,1.0,0.16183087347564454,0,0,0.0,0.012126619808373373,0.0
2020-11-18,12938.25,731300,0.004962716492027381,0.004975051165572175,1.584962500721156,1.0,0.16189494823501904,0,0,0.0,0.004975051165572175,0.0
2020-11-19,12771.7001953125,768800,-0.012956239372488106,-0.01287266861341374,1.584962500721156,1.0,0.160254073425252,0,0,-0.0,-0.01287266861341374,-0.0
2020-11-20,12859.0498046875,664000,0.006816027431926412,0.00683930941371913,1.584962500721156,1.0,0.16044066499763995,0,0,0.0,0.00683930941371913,0.0
2020-11-23,12926.4501953125,633100,0.0052277864790618534,0.005241475198302092,1.584962500721156,1.0,0.15976147647953287,0,0,0.0,0.005241475198302092,0.0
2020-11-24,13055.150390625,571900,0.009907106958531581,0.0099563448098976,1.584962500721156,1.0,0.15882985652751705,0,0,0.0,0.0099563448098976,0.0
2020-11-25,12858.400390625,679000,-0.015185397205090293,-0.015070680468092346,1.584962500721156,1.0,0.1606644346250745,0,0,-0.0,-0.015070680468092346,-0.0
2020-11-26,12987.0,549800,0.009951532476185488,0.010001213639976747,1.584962500721156,1.0,0.16021169321813628,0,0,0.0,0.010001213639976747,0.0
2020-11-27,12968.9501953125,1162400,-0.0013908030691388337,-0.001389836350773832,1.584962500721156,1.0,0.16012835751771848,0,0,-0.0,-0.001389836350773832,-0.0
2020-12-01,13109.0498046875,583600,0.01074476242399418,0.010802694687318537,1.584962500721156,1.0,0.16056144674029624,0,0,0.0,0.010802694687318537,0.0
2020-12-02,13113.75,717700,0.0003584815807498976,0.0003585458429504751,1.584962500721156,1.0,0.16046111707465205,0,0,0.0,0.0003585458429504751,0.0
2020-12-03,13133.900390625,713700,0.0015354055912646832,0.0015365849299400214,1.584962500721156,1.0,0.15998000110007862,0,0,0.0,0.0015365849299400214,0.0
2020-12-04,13258.5498046875,640500,0.009445908959648398,0.009490662358873525,1.584962500721156,1.0,0.15894204523710803,0,0,0.0,0.009490662358873525,0.0
2020-12-07,13355.75,591700,0.007304391112653887,0.007331133249439903,1.584962500721156,1.0,0.15821305910076727,0,0,0.0,0.007331133249439903,0.0
2020-12-08,13392.9501953125,543200,0.002781459960611745,0.002785331809333158,1.584962500721156,1.0,0.15712228248856114,0,0,0.0,0.002785331809333158,0.0
2020-12-09,13529.099609375,502600,0.010114428562528128,0.010165752285866914,1.584962500721156,1.0,0.15748996840807675,0,0,0.0,0.010165752285866914,0.0
2020-12-10,13478.2998046875,553400,-0.0037619219695161584,-0.0037548548058806697,1.584962500721156,1.0,0.1545975141666376,0,0,-0.0,-0.0037548548058806697,-0.0
2020-12-11,13513.849609375,787700,0.0026340862816878062,0.002637558535026452,1.584962500721156,1.0,0.1521625516941749,0,0,0.0,0.002637558535026452,0.0
2020-12-14,13558.150390625,558400,0.0032728147749187795,0.0032781762806703973,1.584962500721156,1.0,0.15214843760013053,0,0,0.0,0.0032781762806703973,0.0
2020-12-15,13567.849609375,497600,0.0007151234360649028,0.0007153791977927426,1.584962500721156,1.0,0.1517553730078042,0,0,0.0,0.0007153791977927426,0.0
2020-12-16,13682.7001953125,462200,0.008429280641864136,0.008464907059269056,1.584962500721156,1.0,0.15211228213607522,0,0,0.0,0.008464907059269056,0.0
2020-12-17,13740.7001953125,416000,0.004229970438016461,0.004238929390550483,1.584962500721156,1.0,0.15207826312182557,0,0,0.0,0.004238929390550483,0.0
2020-12-18,13760.5498046875,519400,0.0014435425896574643,0.0014445849987885229,1.584962500721156,1.0,0.15202750234976659,0,0,0.0,0.0014445849987885229,0.0
2020-12-21,13328.400390625,687300,-0.03190866215630266,-0.0314049525779333,1.584962500721156,1.0,0.16228838672617707,0,0,-0.0,-0.0314049525779333,-0.0
2020-12-22,13466.2998046875,696200,0.010293127415086657,0.010346283876607965,1.584962500721156,1.0,0.16284529030718417,0,0,0.0,0.010346283876607965,0.0
2020-12-23,13601.099609375,458700,0.009960389402299756,0.010010159185716239,1.584962500721156,1.0,0.16193289727477686,0,0,0.0,0.010010159185716239,0.0
2020-12-24,13749.25,471400,0.01083363406633502,0.01089253037474136,1.584962500721156,1.0,0.16244846060019258,0,0,0.0,0.01089253037474136,0.0
2020-12-28,13873.2001953125,403600,0.008974658395164679,0.009015051389166695,1.584962500721156,1.0,0.16197405357366992,0,0,0.0,0.009015051389166695,0.0
2020-12-29,13932.599609375,439600,0.004272454296258275,0.004281594241144937,1.584962500721156,1.0,0.1620109844935611,0,0,0.0,0.004281594241144937,0.0
2020-12-30,13981.9501953125,380700,0.003535836164182277,0.003542094606974411,1.584962500721156,1.0,0.16101059025044662,0,0,0.0,0.003542094606974411,0.0
2020-12-31,13981.75,452400,-1.4318227638304822e-05,-1.4318125132972703e-05,1.584962500721156,1.0,0.16098414606032088,0,0,-0.0,-1.4318125132972703e-05,-0.0
2021-01-01,14018.5,358100,0.002624978069994666,0.0026284263414808606,1.584962500721156,1.0,0.16066392674608176,0,0,0.0,0.0026284263414808606,0.0
2021-01-04,14132.900390625,495000,0.008127554493474463,0.00816067272711063,1.584962500721156,1.0,0.16093791145214004,0,0,0.0,0.00816067272711063,0.0
2021-01-05,14199.5,492500,0.00470131235786493,0.004712380865514287,1.584962500721156,1.0,0.16081698065473657,0,0,0.0,0.004712380865514287,0.0
2021-01-06,14146.25,632300,-0.0037571814216639365,-0.0037501320469031096,1.584962500721156,1.0,0.1611183384541283,0,0,-0.0,-0.0037501320469031096,-0.0
2021-01-07,14137.349609375,559200,-0.0006293676223474675,-0.0006291696120880319,1.584962500721156,1.0,0.1609307475731644,0,0,-0.0,-0.0006291696120880319,-0.0
2021-01-08,14347.25,613500,0.014738082534464191,0.014847223590326086,1.584962500721156,1.0,0.15675093176107133,0,0,0.0,0.014847223590326086,0.0
2021-01-11,14484.75,672900,0.00953808562855032,0.009583718134137165,1.584962500721156,1.0,0.15699185283058742,0,0,0.0,0.009583718134137165,0.0
2021-01-12,14563.4501953125,929600,0.0054186068221036155,0.005433314024232416,1.584962500721156,1.0,0.1569807164892893,0,0,0.0,0.005433314024232416,0.0
2021-01-13,14564.849609375,874000,9.608621670051523e-05,9.609083312889233e-05,1.584962500721156,1.0,0.15694179326725907,0,0,0.0,9.609083312889233e-05,0.0
2021-01-14,14595.599609375,620200,0.002109021789565324,0.002111247340323086,1.584962500721156,1.0,0.15342537577408089,0,0,0.0,0.002111247340323086,0.0
2021-01-15,14433.7001953125,789600,-0.01115432296065278,-0.011092344158201595,1.584962500721156,1.0,0.15518912556031092,0,0,-0.0,-0.011092344158201595,-0.0
2021-01-18,14281.2998046875,762000,-0.010614788200058034,-0.010558650142566628,1.584962500721156,1.0,0.15646002157280553,0,0,-0.0,-0.010558650142566628,-0.0
2021-01-19,14521.150390625,546100,0.01665525875641371,0.016794730817062842,1.584962500721156,1.0,0.15787121271604085,0,0,0.0,0.016794730817062842,0.0
2021-01-20,14644.7001953125,623100,0.008472274336760961,0.008508265623863087,1.584962500721156,1.0,0.1568026097644516,0,0,0.0,0.008508265623863087,0.0
2021-01-21,14590.349609375,704600,-0.003718184091801354,-0.0037112802046228577,1.584962500721156,1.0,0.1571577419760655,0,0,-0.0,-0.0037112802046228577,-0.0
2021-01-22,14371.900390625,776800,-0.015085386074712022,-0.014972171647596122,1.584962500721156,1.0,0.15975390609147733,0,0,-0.0,-0.014972171647596122,-0.0
2021-01-25,14238.900390625,618600,-0.009297255190251277,-0.009254169343308138,1.584962500721156,1.0,0.16077844567765054,0,0,-0.0,-0.009254169343308138,-0.0
2021-01-27,13967.5,660700,-0.019244480891583437,-0.019060488041877988,1.584962500721156,1.0,0.16456954428498008,0,0,-0.0,-0.019060488041877988,-0.0
2021-01-28,13817.5498046875,637900,-0.010793693167934581,-0.010735650281904374,1.584962500721156,1.0,0.16517744767129866,0,0,-0.0,-0.010735650281904374,-0.0
2021-01-29,13634.599609375,753200,-0.013328858232496075,-0.013240422354072856,1.584962500721156,1.0,0.16709534737032983,0,0,-0.0,-0.013240422354072856,-0.0
2021-02-01,14281.2001953125,870500,0.04633334971971787,0.047423511101338356,1.584962500721156,1.0,0.17804817753177632,0,0,0.0,0.047423511101338356,0.0
2021-02-02,14647.849609375,915000,0.025349539675742865,0.02567357148195737,1.584962500721156,1.0,0.1810031277388733,0,0,0.0,0.02567357148195737,0.0
2021-02-03,14789.9501953125,869500,0.009654368913945022,0.009701122671723184,1.584962500721156,1.0,0.18114045294364806,0,0,0.0,0.009701122671723184,0.0
2021-02-04,14895.650390625,884700,0.007121340982025425,0.0071467580293813615,1.584962500721156,1.0,0.1724742939913703,0,0,0.0,0.0071467580293813615,0.0
2021-02-05,14924.25,935600,0.0019181565175802602,0.0019199973566108586,1.584962500721156,1.0,0.16952381456227897,0,0,0.0,0.0019199973566108586,0.0
2021-02-08,15115.7998046875,671200,0.012753134705385865,0.01283480273296811,1.584962500721156,1.0,0.1689407107646146,0,0,0.0,0.01283480273296811,0.0
2021-02-09,15109.2998046875,713300,-0.00043010611605642915,-0.0004300136336804483,1.584962500721156,1.0,0.1689389113453978,0,0,-0.0,-0.0004300136336804483,-0.0
2021-02-10,15106.5,624800,-0.00018532057490518592,-0.00018530340410816137,1.584962500721156,1.0,0.16903087383856727,0,0,-0.0,-0.00018530340410816137,-0.0
2021-02-11,15173.2998046875,500100,0.004412176664707947,0.004421924647502795,1.584962500721156,1.0,0.16788653732452266,0,0,0.0,0.004421924647502795,0.0
2021-02-12,15163.2998046875,571800,-0.0006592696934370658,-0.0006590524229219685,1.584962500721156,1.0,0.1678415849892303,0,0,-0.0,-0.0006590524229219685,-0.0
2021-02-15,15314.7001953125,456000,0.009935142462115996,0.00998465984153385,1.584962500721156,1.0,0.16727796009950352,0,0,0.0,0.00998465984153385,0.0
2021-02-16,15313.4501953125,648500,-8.162425642763527e-05,-8.162092525865194e-05,1.584962500721156,1.0,0.16725156591582208,0,0,-0.0,-8.162092525865194e-05,-0.0
2021-02-17,15208.900390625,504800,-0.006850731452785171,-0.006827318687430917,1.584962500721156,1.0,0.16781694708371062,0,0,-0.0,-0.006827318687430917,-0.0
2021-02-18,15118.9501953125,770600,-0.005931871684390037,-0.005914312869584326,1.584962500721156,1.0,0.1683132028301294,0,0,-0.0,-0.005914312869584326,-0.0
2021-02-19,14981.75,712200,-0.009116143118184506,-0.009074717063029758,1.584962500721156,1.0,0.16944990101645663,0,0,-0.0,-0.009074717063029758,-0.0
2021-02-22,14675.7001953125,609900,-0.02063971564030592,-0.020428174591586412,1.584962500721156,1.0,0.17379698062200702,0,0,-0.0,-0.020428174591586412,-0.0
2021-02-23,14707.7998046875,744100,0.002184873969705697,0.0021872625461001327,1.584962500721156,1.0,0.17379230305374846,0,0,0.0,0.0021872625461001327,0.0
2021-02-24,14982.0,403800,0.01847152850052029,0.01864318245786234,1.584962500721156,1.0,0.16983111791265446,0,0,0.0,0.01864318245786234,0.0
2021-02-25,15097.349609375,803900,0.007669725331353619,0.007699213013950157,1.584962500721156,1.0,0.1698817761485692,0,0,0.0,0.007699213013950157,0.0
2021-02-26,14529.150390625,1103600,-0.03836220275630364,-0.03763569324758598,1.584962500721156,1.0,0.1829114600855881,0,0,-0.0,-0.03763569324758598,-0.0
2021-03-01,14761.5498046875,507300,0.01586881087701919,0.015995389118723446,1.584962500721156,1.0,0.18432596894975878,0,0,0.0,0.015995389118723446,0.0
2021-03-02,14919.099609375,621700,0.010616431079728933,0.010672985341787733,1.584962500721156,1.0,0.18483156386734373,0,0,0.0,0.010672985341787733,0.0
2021-03-03,15245.599609375,544200,0.02164866615239294,0.021884698711632122,1.584962500721156,1.0,0.1873068443001825,0,0,0.0,0.021884698711632122,0.0
2021-03-04,15080.75,534900,-0.010871815118793142,-0.010812930524138231,1.584962500721156,1.0,0.1886896186829327,0,0,-0.0,-0.010812930524138231,-0.0
2021-03-05,14938.099609375,640700,-0.009504125991607463,-0.009459104528952489,1.584962500721156,1.0,0.18778595177505708,0,0,-0.0,-0.009459104528952489,-0.0
2021-03-08,14956.2001953125,0,0.001210972544447202,0.0012117060677612201,1.584962500721156,1.0,0.187354828149607,0,0,0.0,0.0012117060677612201,0.0
2021-03-09,15098.400390625,675300,0.009462861169810146,0.00950777560179139,1.584962500721156,1.0,0.185710140693424,0,0,0.0,0.00950777560179139,0.0
2021-03-10,15174.7998046875,404600,0.005047340602462587,0.005060099883821945,1.584962500721156,1.0,0.18527187660464378,0,0,0.0,0.005060099883821945,0.0
2021-03-12,15030.9501953125,493200,-0.009524722735275023,-0.009479506235763657,1.584962500721156,1.0,0.18622902607664013,0,0,-0.0,-0.009479506235763657,-0.0
2021-03-15,14929.5,467500,-0.006772300308835674,-0.006749419963093084,1.584962500721156,1.0,0.1869207264346957,0,0,-0.0,-0.006749419963093084,-0.0
2021-03-16,14910.4501953125,100,-0.0012767988653300596,-0.001275984104457617,1.584962500721156,1.0,0.18633464613341813,0,0,-0.0,-0.001275984104457617,-0.0
2021-03-17,14721.2998046875,100,-0.01276691115553913,-0.012685759862868795,1.584962500721156,1.0,0.18785964875265737,0,0,-0.0,-0.012685759862868795,-0.0
2021-03-18,14557.849609375,542200,-0.011165071153974405,-0.011102973071742905,1.584962500721156,1.0,0.18740947225870574,0,0,-0.0,-0.011102973071742905,-0.0
2021-03-19,14744.0,919200,0.012705880170274957,0.012786942826028547,1.584962500721156,1.0,0.18755656850093974,0,0,0.0,0.012786942826028547,0.0
2021-03-22,14736.400390625,459000,-0.0005155703072306843,-0.000515437423697751,1.584962500721156,1.0,0.1861131355564992,0,0,-0.0,-0.000515437423697751,-0.0
2021-03-23,14814.75,474200,0.005302656033791128,0.00531673999743143,1.584962500721156,1.0,0.18515523518407978,0,0,0.0,0.00531673999743143,0.0
2021-03-24,14549.400390625,456400,-0.018073523592070435,-0.017911176994211853,1.584962500721156,1.0,0.18765242635299118,0,0,-0.0,-0.017911176994211853,-0.0
2021-03-25,14324.900390625,606800,-0.015550473459416195,-0.015430189146808937,1.584962500721156,1.0,0.18954123086884203,0,0,-0.0,-0.015430189146808937,-0.0
2021-03-26,14507.2998046875,481000,0.012652648509180619,0.012733031929623273,1.584962500721156,1.0,0.19047819481545245,0,0,0.0,0.012733031929623273,0.0
2021-03-30,14845.099609375,594500,0.023017860602701366,0.02328481586755049,1.584962500721156,1.0,0.19307055296042805,0,0,0.0,0.02328481586755049,0.0
2021-03-31,14690.7001953125,463900,-0.010455164345430578,-0.010400699094332388,1.584962500721156,1.0,0.19402762879418825,0,0,-0.0,-0.010400699094332388,-0.0
2021-04-01,14867.349609375,445000,0.011952853344086897,0.012024574166918489,1.584962500721156,1.0,0.19328047514668004,0,0,0.0,0.012024574166918489,0.0
2021-04-05,14637.7998046875,509700,-0.015560296479187625,-0.015439860548026041,1.584962500721156,1.0,0.19521660783107894,0,0,-0.0,-0.015439860548026041,-0.0
2021-04-06,14683.5,475300,0.0031172037135109875,0.003122067245233451,1.584962500721156,1.0,0.1951325689851419,0,0,0.0,0.003122067245233451,0.0
2021-04-07,14819.0498046875,0,0.0091890876818974,0.009231436965811968,1.584962500721156,1.0,0.19504778348909987,0,0,0.0,0.009231436965811968,0.0
2021-04-08,14873.7998046875,514800,0.003687760707936765,0.0036945688638336804,1.584962500721156,1.0,0.19304796842866914,0,0,0.0,0.0036945688638336804,0.0
2021-04-09,14834.849609375,504100,-0.0026221466406612408,-0.0026187118170183377,1.584962500721156,1.0,0.19265720680299744,0,0,-0.0,-0.0026187118170183377,-0.0
2021-04-12,14310.7998046875,650200,-0.03596463281723922,-0.03532558930400764,1.584962500721156,1.0,0.2025474772894623,0,0,-0.0,-0.03532558930400764,-0.0
2021-04-13,14504.7998046875,605100,0.013465132344700306,0.013556195506029933,1.584962500721156,1.0,0.2029652054972602,0,0,0.0,0.013556195506029933,0.0
2021-04-15,14581.4501953125,568000,0.005270570669209097,0.005284484560774683,1.584962500721156,1.0,0.20307913563717797,0,0,0.0,0.005284484560774683,0.0
2021-04-16,14617.849609375,577200,0.0024931716281266104,0.002496282165007191,1.584962500721156,1.0,0.20309022168426635,0,0,0.0,0.002496282165007191,0.0
2021-04-19,14359.4501953125,512300,-0.01783508230882999,-0.017676978554819645,1.584962500721156,1.0,0.20507071283845238,0,0,-0.0,-0.017676978554819645,-0.0
2021-04-20,14296.400390625,467400,-0.0044004910090830246,-0.004390823034999047,1.584962500721156,1.0,0.2049687600166745,0,0,-0.0,-0.004390823034999047,-0.0
2021-04-22,14406.150390625,524600,0.007647441212800463,0.007676757575422188,1.584962500721156,1.0,0.20526640468085033,0,0,0.0,0.007676757575422188,0.0
2021-04-23,14341.349609375,498100,-0.004508280094204329,-0.004498133053794207,1.584962500721156,1.0,0.20484763480365598,0,0,-0.0,-0.004498133053794207,-0.0
2021-04-26,14485.0,452700,0.009966685459202936,0.010016518287169873,1.584962500721156,1.0,0.2052984443028249,0,0,0.0,0.010016518287169873,0.0
2021-04-27,14653.0498046875,451800,0.011534860370141113,0.011601643402658013,1.584962500721156,1.0,0.2060623825742833,0,0,0.0,0.011601643402658013,0.0
2021-04-28,14864.5498046875,457000,0.014330678808834763,0.014433855260107098,1.584962500721156,1.0,0.20725035789268,0,0,0.0,0.014433855260107098,0.0
2021-04-29,14894.900390625,517500,0.002039728305535653,0.0020418099664161193,1.584962500721156,1.0,0.20725665442031463,0,0,0.0,0.0020418099664161193,0.0
2021-04-30,14631.099609375,613900,-0.017869525228607498,-0.017710812045177438,1.584962500721156,1.0,0.20926283837693185,0,0,-0.0,-0.017710812045177438,-0.0
2021-05-03,14634.150390625,448900,0.0002084917272909865,0.00020851346320172048,1.584962500721156,1.0,0.20918136933356285,0,0,0.0,0.00020851346320172048,0.0
2021-05-04,14496.5,503400,-0.009450624224999165,-0.00940610742344028,1.584962500721156,1.0,0.20986491626637835,0,0,-0.0,-0.00940610742344028,-0.0
2021-05-05,14617.849609375,455900,0.008336116981918119,0.0083709591539336,1.584962500721156,1.0,0.2029144320500834,0,0,0.0,0.0083709591539336,0.0
2021-05-06,14724.7998046875,467800,0.007289775876840782,0.0073164109749706,1.584962500721156,1.0,0.20258803351304297,0,0,0.0,0.0073164109749706,0.0
2021-05-07,14823.150390625,488000,0.006657040403640492,0.006679247748155426,1.584962500721156,1.0,0.20224912902206846,0,0,0.0,0.006679247748155426,0.0
2021-05-10,14942.349609375,522000,0.008009262800994111,0.008041422748121585,1.584962500721156,1.0,0.20191349913347637,0,0,0.0,0.008041422748121585,0.0
2021-05-11,14850.75,647400,-0.006149068019026527,-0.006130201191218876,1.584962500721156,1.0,0.20179210863557304,0,0,-0.0,-0.006130201191218876,-0.0
2021-05-12,14696.5,643800,-0.0104409988264523,-0.0103866808073666,1.584962500721156,1.0,0.20256669951945339,0,0,-0.0,-0.0103866808073666,-0.0
2021-05-14,14677.7998046875,620700,-0.001273235308628596,-0.0012724250884564858,1.584962500721156,1.0,0.20252872098868951,0,0,-0.0,-0.0012724250884564858,-0.0
2021-05-17,14923.150390625,546400,0.016577589783995917,0.01671576048197254,1.584962500721156,1.0,0.2042954924432595,0,0,0.0,0.01671576048197254,0.0
2021-05-18,15108.099609375,583900,0.012317273309973075,0.012393443335275034,1.584962500721156,1.0,0.2051926407107438,0,0,0.0,0.012393443335275034,0.0
2021-05-19,15030.150390625,569100,-0.005172788238334181,-0.005159432408138875,1.584962500721156,1.0,0.2050605336363235,0,0,-0.0,-0.005159432408138875,-0.0
2021-05-20,14906.0498046875,480300,-0.008291052039504188,-0.00825677606093067,1.584962500721156,1.0,0.20549182011103886,0,0,-0.0,-0.00825677606093067,-0.0
2021-05-21,15175.2998046875,572900,0.01790193553229923,0.01806313567497475,1.584962500721156,1.0,0.20739673263910174,0,0,0.0,0.01806313567497475,0.0
2021-05-24,15197.7001953125,579800,0.0014750202275935762,0.001476108604989923,1.584962500721156,1.0,0.2073861286818709,0,0,0.0,0.001476108604989923,0.0
2021-05-25,15208.4501953125,441500,0.0007070938155468382,0.0007073438653115716,1.584962500721156,1.0,0.20604139117579687,0,0,0.0,0.0007073438653115716,0.0
2021-05-26,15301.4501953125,384000,0.0060964006336564555,0.006115021504864648,1.584962500721156,1.0,0.2057011129491793,0,0,0.0,0.006115021504864648,0.0
2021-05-27,15337.849609375,0,0.0023759962804964516,0.002378821196545866,1.584962500721156,1.0,0.20556265922984004,0,0,0.0,0.002378821196545866,0.0
2021-05-28,15435.650390625,468100,0.006356190262519319,0.006376433707514062,1.584962500721156,1.0,0.2057880827036928,0,0,0.0,0.006376433707514062,0.0
2021-05-31,15582.7998046875,436000,0.00948793489109113,0.009533088035724946,1.584962500721156,1.0,0.20630646525202848,0,0,0.0,0.009533088035724946,0.0
2021-06-01,15574.849609375,409600,-0.000510320620107419,-0.0005101904286871628,1.584962500721156,1.0,0.20533730982689424,0,0,-0.0,-0.0005101904286871628,-0.0
2021-06-02,15576.2001953125,428600,8.67120656808025e-05,8.67158252806366e-05,1.584962500721156,1.0,0.20442495297392055,0,0,0.0,8.67158252806366e-05,0.0
2021-06-03,15690.349609375,410200,0.007301728008600275,0.0073284506253876724,1.584962500721156,1.0,0.20298622950531697,0,0,0.0,0.0073284506253876724,0.0
2021-06-04,15670.25,414200,-0.0012818385093088212,-0.001281017305247989,1.584962500721156,1.0,0.20260640615358863,0,0,-0.0,-0.001281017305247989,-0.0
2021-06-07,15751.650390625,394000,0.0051811361952536165,0.0051945814919991395,1.584962500721156,1.0,0.20259769689310775,0,0,0.0,0.0051945814919991395,0.0
2021-06-08,15740.099609375,378200,-0.0007335750962069031,-0.0007333060957773752,1.584962500721156,1.0,0.20081673057567329,0,0,-0.0,-0.0007333060957773752,-0.0
2021-06-09,15635.349609375,457900,-0.0066772200430738555,-0.006654976944212576,1.584962500721156,1.0,0.20048352746398304,0,0,-0.0,-0.006654976944212576,-0.0
2021-06-10,15737.75,298300,0.006527933518834105,0.0065492869160790335,1.584962500721156,1.0,0.1977196533615103,0,0,0.0,0.0065492869160790335,0.0
2021-06-11,15799.349609375,363000,0.003906490354253145,0.003914130633349666,1.584962500721156,1.0,0.19669576192354538,0,0,0.0,0.003914130633349666,0.0
2021-06-14,15811.849609375,392900,0.0007908589968395644,0.0007911718082738162,1.584962500721156,1.0,0.1950964190524286,0,0,0.0,0.0007911718082738162,0.0
2021-06-15,15869.25,323300,0.003623640223476974,0.003630213545097627,1.584962500721156,1.0,0.17989444501548035,0,0,0.0,0.003630213545097627,0.0
2021-06-16,15767.5498046875,340200,-0.006429256198967984,-0.006408632752808119,1.584962500721156,1.0,0.1756092743481882,0,0,-0.0,-0.006408632752808119,-0.0
2021-06-17,15691.400390625,357600,-0.004841201776747716,-0.0048295020472909345,1.584962500721156,1.0,0.175218837717259,0,0,-0.0,-0.0048295020472909345,-0.0
2021-06-18,15683.349609375,640800,-0.0005132013116724437,-0.000513069646403852,1.584962500721156,1.0,0.17488676683570936,0,0,-0.0,-0.000513069646403852,-0.0
2021-06-21,15746.5,351500,0.0040185031994205474,0.004026588209654625,1.584962500721156,1.0,0.17496781976447467,0,0,0.0,0.004026588209654625,0.0
2021-06-22,15772.75,322200,0.0016656491552922152,0.0016670371193598932,1.584962500721156,1.0,0.1737660070482887,0,0,0.0,0.0016670371193598932,0.0
2021-06-23,15686.9501953125,287500,-0.005454598542621072,-0.005439749231269109,1.584962500721156,1.0,0.1740430997274402,0,0,-0.0,-0.005439749231269109,-0.0
2021-06-24,15790.4501953125,316700,0.006576170313444658,0.006597840798329813,1.584962500721156,1.0,0.17434434992919917,0,0,0.0,0.006597840798329813,0.0
2021-06-25,15860.349609375,314600,0.004416920149496724,0.0044266891189239654,1.584962500721156,1.0,0.17434465210863803,0,0,0.0,0.0044266891189239654,0.0
2021-06-28,15814.7001953125,255100,-0.0028823598351750412,-0.0028782098242977616,1.584962500721156,1.0,0.1744258866220963,0,0,-0.0,-0.0028782098242977616,-0.0
2021-06-29,15748.4501953125,360300,-0.004197939462444536,-0.0041891404314852165,1.584962500721156,1.0,0.17385604142632194,0,0,-0.0,-0.0041891404314852165,-0.0
2021-06-30,15721.5,262400,-0.0017127578361914226,-0.0017112919035373597,1.584962500721156,1.0,0.17388787534685518,0,0,-0.0,-0.0017112919035373597,-0.0
2021-07-01,15680.0,224900,-0.0026431873739428875,-0.002639697229908089,1.584962500721156,1.0,0.17354068201244466,0,0,-0.0,-0.002639697229908089,-0.0
2021-07-02,15722.2001953125,254800,0.0026877238189711517,0.002691338986766656,1.584962500721156,1.0,0.1732579272241707,0,0,0.0,0.002691338986766656,0.0
2021-07-05,15834.349609375,207000,0.007107867426692256,0.007133188273225066,1.584962500721156,1.0,0.17285205472314105,0,0,0.0,0.007133188273225066,0.0
2021-07-06,15818.25,391400,-0.0010172694162285671,-0.0010167521731027085,1.584962500721156,1.0,0.16909794658187202,0,0,-0.0,-0.0010167521731027085,-0.0
2021-07-07,15879.650390625,329300,0.003874103121228537,0.0038816171589777237,1.584962500721156,1.0,0.1691597977625851,0,0,0.0,0.0038816171589777237,0.0
2021-07-08,15727.900390625,307900,-0.009602209739377547,-0.0095562557277451,1.584962500721156,1.0,0.16739366333172462,0,0,-0.0,-0.0095562557277451,-0.0
2021-07-09,15689.7998046875,243200,-0.0024254228908178565,-0.0024224839292732447,1.584962500721156,1.0,0.16702811560321892,0,0,-0.0,-0.0024224839292732447,-0.0
2021-07-12,15692.599609375,216300,0.00017843152513541638,0.00017844744498685117,1.584962500721156,1.0,0.1535951294416659,0,0,0.0,0.00017844744498685117,0.0
2021-07-13,15812.349609375,246700,0.0076020168050800795,0.007630985495128417,1.584962500721156,1.0,0.15192102759283088,0,0,0.0,0.007630985495128417,0.0
2021-07-14,15853.9501953125,0,0.00262743737830436,0.0026308921169333477,1.584962500721156,1.0,0.15103964499189174,0,0,0.0,0.0026308921169333477,0.0
2021-07-15,15924.2001953125,284900,0.0044212840314639245,0.004431072328003882,1.584962500721156,1.0,0.14696210437680451,0,0,0.0,0.004431072328003882,0.0
2021-07-16,15923.400390625,276300,-5.022699813825734e-05,-5.0225736783704455e-05,1.584962500721156,1.0,0.1457047072144212,0,0,-0.0,-5.0225736783704455e-05,-0.0
2021-07-19,15752.400390625,242100,-0.010796990571541962,-0.010738912280361723,1.584962500721156,1.0,0.1459744782649533,0,0,-0.0,-0.010738912280361723,-0.0
2021-07-20,15632.099609375,274300,-0.007666291987629491,-0.0076369809214345,1.584962500721156,1.0,0.1466218781204726,0,0,-0.0,-0.0076369809214345,-0.0
2021-07-22,15824.0498046875,265300,0.012204454864528006,0.012279233123449584,1.584962500721156,1.0,0.14716762913935863,0,0,0.0,0.012279233123449584,0.0
2021-07-23,15856.0498046875,294100,0.0020201963552988087,0.002022238326785386,1.584962500721156,1.0,0.14699110985963773,0,0,0.0,0.002022238326785386,0.0
2021-07-26,15824.4501953125,267100,-0.001994894010794567,-0.0019929055322251976,1.584962500721156,1.0,0.14607598457773405,0,0,-0.0,-0.0019929055322251976,-0.0
2021-07-27,15746.4501953125,311000,-0.004941269190283573,-0.004929081202650898,1.584962500721156,1.0,0.14584728956697912,0,0,-0.0,-0.004929081202650898,-0.0
2021-07-28,15709.400390625,318600,-0.0023556712745251398,-0.002352898858342667,1.584962500721156,1.0,0.1458975950859284,0,0,-0.0,-0.002352898858342667,-0.0
2021-07-29,15778.4501953125,401600,0.0043858132000563635,0.004395444954646832,1.584962500721156,1.0,0.14426874322289396,0,0,0.0,0.004395444954646832,0.0
2021-07-30,15763.0498046875,400000,-0.000976516135808173,-0.000976039499086867,1.584962500721156,1.0,0.14288274709695933,0,0,-0.0,-0.000976039499086867,-0.0
2021-08-02,15885.150390625,244800,0.007716153904229494,0.007746000136419795,1.584962500721156,1.0,0.14195471502847778,0,0,0.0,0.007746000136419795,0.0
2021-08-03,16130.75,341300,0.015342653128218075,0.015460955882416139,1.584962500721156,1.0,0.14399516641790233,0,0,0.0,0.015460955882416139,0.0
2021-08-04,16258.7998046875,427300,0.007906900379200192,0.007938242467802281,1.584962500721156,1.0,0.14428092435848353,0,0,0.0,0.007938242467802281,0.0
2021-08-05,16294.599609375,418200,0.002199451962862978,0.0022018725316477195,1.584962500721156,1.0,0.140620782049586,0,0,0.0,0.0022018725316477195,0.0
2021-08-06,16238.2001953125,320100,-0.0034672374282357825,-0.003461233501561467,1.584962500721156,1.0,0.13795950490105743,0,0,-0.0,-0.003461233501561467,-0.0
2021-08-09,16258.25,240500,0.0012339690711517842,0.0012347307242392969,1.584962500721156,1.0,0.13663755287804333,0,0,0.0,0.0012347307242392969,0.0
2021-08-10,16280.099609375,288000,0.0013430068163520583,0.0013439090538649445,1.584962500721156,1.0,0.13158792503371783,0,0,0.0,0.0013439090538649445,0.0
2021-08-11,16282.25,277900,0.00013207834532344713,0.00013208706805212245,1.584962500721156,1.0,0.1301573177547719,0,0,0.0,0.00013208706805212245,0.0
2021-08-12,16364.400390625,280200,0.005032710127087298,0.005045395484346349,1.584962500721156,1.0,0.1290402723581518,0,0,0.0,0.005045395484346349,0.0
2021-08-13,16529.099609375,321900,0.010014172717061967,0.010064482340847336,1.584962500721156,1.0,0.1267865013733981,0,0,0.0,0.010064482340847336,0.0
2021-08-16,16563.05078125,254000,0.0020519176533692787,0.002054024277023725,1.584962500721156,1.0,0.1267569903374813,0,0,0.0,0.002054024277023725,0.0
2021-08-17,16614.599609375,297400,0.0031074454639570138,0.0031122785775283823,1.584962500721156,1.0,0.12609725423963122,0,0,0.0,0.0031122785775283823,0.0
2021-08-18,16568.849609375,251800,-0.002757400455017452,-0.00275360231817956,1.584962500721156,1.0,0.12620860912156995,0,0,-0.0,-0.00275360231817956,-0.0
2021-08-20,16450.5,350800,-0.007168531033199722,-0.007142898400624986,1.584962500721156,1.0,0.1268261417425121,0,0,-0.0,-0.007142898400624986,-0.0
2021-08-23,16496.44921875,275600,0.002789286998064274,0.0027931806783987323,1.584962500721156,1.0,0.11020528226257044,0,0,0.0,0.0027931806783987323,0.0
2021-08-24,16624.599609375,275400,0.007738343720985011,0.007768362083601765,1.584962500721156,1.0,0.10886491315685137,0,0,0.0,0.007768362083601765,0.0
2021-08-25,16634.650390625,265900,0.0006043901504665573,0.0006045728309951315,1.584962500721156,1.0,0.10868906205973489,0,0,0.0,0.0006045728309951315,0.0
2021-08-26,16636.900390625,253500,0.00013525068417903375,0.00013525983096518424,1.584962500721156,1.0,0.10869744282967345,0,0,0.0,0.00013525983096518424,0.0
2021-08-27,16705.19921875,217400,0.004096857993577663,0.004105261588480014,1.584962500721156,1.0,0.1037705298863731,0,0,0.0,0.004105261588480014,0.0
2021-08-30,16931.05078125,283500,0.013429259014094868,0.013519836521704187,1.584962500721156,1.0,0.10509224331473804,0,0,0.0,0.013519836521704187,0.0
2021-08-31,17132.19921875,464400,0.011810427696351353,0.011880446175423387,1.584962500721156,1.0,0.10596643670315171,0,0,0.0,0.011880446175423387,0.0
2021-09-01,17076.25,301900,-0.0032710789243950112,-0.00326573477436376,1.584962500721156,1.0,0.10577379005201301,0,0,-0.0,-0.00326573477436376,-0.0
2021-09-02,17234.150390625,242400,0.009204293951085803,0.009246783727399066,1.584962500721156,1.0,0.10561754220677652,0,0,0.0,0.009246783727399066,0.0
2021-09-03,17323.599609375,261400,0.005176808010644206,0.005190230833697296,1.584962500721156,1.0,0.10451058327264551,0,0,0.0,0.005190230833697296,0.0
2021-09-06,17377.80078125,228000,0.003123863322045117,0.0031287476677577253,1.584962500721156,1.0,0.10238508662387934,0,0,0.0,0.0031287476677577253,0.0
2021-09-07,17362.099609375,243400,-0.0009039273439216094,-0.0009035189246697772,1.584962500721156,1.0,0.10247878058088293,0,0,-0.0,-0.0009035189246697772,-0.0
2021-09-08,17353.5,252700,-0.0004954320044973781,-0.0004953092983268625,1.584962500721156,1.0,0.0970639023848901,0,0,-0.0,-0.0004953092983268625,-0.0
2021-09-09,17369.25,241500,0.0009071862729865194,0.0009075978909154347,1.584962500721156,1.0,0.09703654433924243,0,0,0.0,0.0009075978909154347,0.0
2021-09-13,17355.30078125,241100,-0.0008034211637875494,-0.000803098507419775,1.584962500721156,1.0,0.09523365635370273,0,0,-0.0,-0.000803098507419775,-0.0
2021-09-14,17380.0,230400,0.0014221395731308123,0.001423151293159064,1.584962500721156,1.0,0.0946319922317457,0,0,0.0,0.001423151293159064,0.0
2021-09-15,17519.44921875,388200,0.007991527890878581,0.00802354538262362,1.584962500721156,1.0,0.09475188609736557,0,0,0.0,0.00802354538262362,0.0
2021-09-16,17629.5,503300,0.006261987530756848,0.006281634763507293,1.584962500721156,1.0,0.09469838300281494,0,0,0.0,0.006281634763507293,0.0
2021-09-17,17585.150390625,508300,-0.002518817158814708,-0.002515647600612625,1.584962500721156,1.0,0.09442183861931251,0,0,-0.0,-0.002515647600612625,-0.0
2021-09-20,17396.900390625,339100,-0.01076276621795277,-0.010705054879733056,1.584962500721156,1.0,0.09582806841573809,0,0,-0.0,-0.010705054879733056,-0.0
2021-09-21,17562.0,363600,0.009445425055689747,0.00949017386246398,1.584962500721156,1.0,0.09442729373897803,0,0,0.0,0.00949017386246398,0.0
2021-09-22,17546.650390625,295200,-0.0008744061752431491,-0.0008740239935656202,1.584962500721156,1.0,0.09439074865951692,0,0,-0.0,-0.0008740239935656202,-0.0
2021-09-23,17822.94921875,320500,0.01562383807742847,0.015746528367181822,1.584962500721156,1.0,0.09398584022787805,0,0,0.0,0.015746528367181822,0.0
2021-09-24,17853.19921875,360100,0.0016958112674268218,0.0016972499684944076,1.584962500721156,1.0,0.09234192439963218,0,0,0.0,0.0016972499684944076,0.0
2021-09-27,17855.099609375,295700,0.00010643971788971012,0.00010644538279747096,1.584962500721156,1.0,0.09162404379695255,0,0,0.0,0.00010644538279747096,0.0
2021-09-28,17748.599609375,398000,-0.005982542262753364,-0.0059646824901542495,1.584962500721156,1.0,0.09097517084534476,0,0,-0.0,-0.0059646824901542495,-0.0
2021-09-29,17711.30078125,562200,-0.002103719495544819,-0.0021015082285871234,1.584962500721156,1.0,0.08711316824518998,0,0,-0.0,-0.0021015082285871234,-0.0
2021-09-30,17618.150390625,378600,-0.005273255224157625,-0.005259376020738893,1.584962500721156,1.0,0.08789461168551736,0,0,-0.0,-0.005259376020738893,-0.0
2021-10-01,17532.05078125,305800,-0.004898963801205104,-0.004886983449795879,1.584962500721156,1.0,0.08856152062436648,0,0,-0.0,-0.004886983449795879,-0.0
2021-10-04,17691.25,295800,0.009039488024266832,0.009080467581137563,1.584962500721156,1.0,0.08912167043341665,0,0,0.0,0.009080467581137563,0.0
2021-10-05,17822.30078125,427000,0.007380358946066971,0.007407660919946268,1.584962500721156,1.0,0.08963499359504709,0,0,0.0,0.007407660919946268,0.0
2021-10-06,17646.0,395800,-0.009941397212065623,-0.009892144870289554,1.584962500721156,1.0,0.09135353702104029,0,0,-0.0,-0.009892144870289554,-0.0
2021-10-07,17790.349609375,419900,0.00814702470131476,0.008180302016037588,1.584962500721156,1.0,0.09104805506923389,0,0,0.0,0.008180302016037588,0.0
2021-10-08,17895.19921875,324100,0.005876323303578524,0.005893622760496431,1.584962500721156,1.0,0.09128121411926718,0,0,0.0,0.005893622760496431,0.0
2021-10-11,17945.94921875,375800,0.0028319423974920437,0.0028359561343596074,1.584962500721156,1.0,0.09127278510097993,0,0,0.0,0.0028359561343596074,0.0
2021-10-12,17991.94921875,355600,0.002559973015762186,0.0025632525445875576,1.584962500721156,1.0,0.09077369284405813,0,0,0.0,0.0025632525445875576,0.0
2021-10-13,18161.75,506700,0.00939334195098345,0.00943759784921161,1.584962500721156,1.0,0.09159431406927397,0,0,0.0,0.00943759784921161,0.0
2021-10-14,18338.55078125,538700,0.009687709975996201,0.009734787740718787,1.584962500721156,1.0,0.09239463397962576,0,0,0.0,0.009734787740718787,0.0
2021-10-18,18477.05078125,469900,0.007524019573498294,0.007552396132719963,1.584962500721156,1.0,0.09281370356156607,0,0,0.0,0.007552396132719963,0.0
2021-10-19,18418.75,368200,-0.0031602962146704853,-0.003155307734996393,1.584962500721156,1.0,0.09208993138258623,0,0,-0.0,-0.003155307734996393,-0.0
2021-10-20,18266.599609375,371300,-0.008294933244362599,-0.008260625212080042,1.584962500721156,1.0,0.09327705626614574,0,0,-0.0,-0.008260625212080042,-0.0
2021-10-21,18178.099609375,365900,-0.004856682911584848,-0.004844908296702255,1.584962500721156,1.0,0.09382928001788797,0,0,-0.0,-0.004844908296702255,-0.0
2021-10-22,18114.900390625,324700,-0.0034827257394313984,-0.003476668084567369,1.584962500721156,1.0,0.09420002632916516,0,0,-0.0,-0.003476668084567369,-0.0
2021-10-25,18125.400390625,418700,0.0005794654054989729,0.000579633328010587,1.584962500721156,1.0,0.09414441079322872,0,0,0.0,0.000579633328010587,0.0
2021-10-26,18268.400390625,341400,0.00785852166355233,0.007889480889700096,1.584962500721156,1.0,0.09378199829725742,0,0,0.0,0.007889480889700096,0.0
2021-10-27,18210.94921875,335200,-0.0031497940609639214,-0.0031448386638428527,1.584962500721156,1.0,0.09349350368037325,0,0,-0.0,-0.0031448386638428527,-0.0
2021-10-28,17857.25,374200,-0.019613430387588483,-0.0194223384240636,1.584962500721156,1.0,0.09998499521145167,0,0,-0.0,-0.0194223384240636,-0.0
2021-10-29,17671.650390625,336500,-0.010447905544470225,-0.010393515763905459,1.584962500721156,1.0,0.10184267011941976,0,0,-0.0,-0.010393515763905459,-0.0
2021-11-01,17929.650390625,281200,0.014494106171593095,0.014599655057507821,1.584962500721156,1.0,0.10421431628430843,0,0,0.0,0.014599655057507821,0.0
2021-11-02,17888.94921875,296400,-0.002272628736845954,-0.002270048271341696,1.584962500721156,1.0,0.10375463348836336,0,0,-0.0,-0.002270048271341696,-0.0
2021-11-03,17829.19921875,331000,-0.003345641269055336,-0.0033400508475575075,1.584962500721156,1.0,0.10369751406942816,0,0,-0.0,-0.0033400508475575075,-0.0
2021-11-04,17916.80078125,48500,0.0049013449265533065,0.004913376165984751,1.584962500721156,1.0,0.10374124983619855,0,0,0.0,0.004913376165984751,0.0
2021-11-08,18068.55078125,338900,0.008434037348294714,0.008469704042186388,1.584962500721156,1.0,0.10415994747682898,0,0,0.0,0.008469704042186388,0.0
2021-11-09,18044.25,270200,-0.0013458266538282125,-0.001344921435271762,1.584962500721156,1.0,0.1038285096643501,0,0,-0.0,-0.001344921435271762,-0.0
2021-11-10,18017.19921875,261400,-0.0015002606334366785,-0.0014991358050348014,1.584962500721156,1.0,0.10381042942121894,0,0,-0.0,-0.0014991358050348014,-0.0
2021-11-11,17873.599609375,232100,-0.00800207185820445,-0.007970140510272006,1.584962500721156,1.0,0.1048006930338025,0,0,-0.0,-0.007970140510272006,-0.0
2021-11-12,18102.75,249100,0.012739118453093435,0.012820606684330382,1.584962500721156,1.0,0.10647180303846064,0,0,0.0,0.012820606684330382,0.0
2021-11-15,18109.44921875,280400,0.00036999789965571825,0.0003700663573213969,1.584962500721156,1.0,0.10607510235048989,0,0,0.0,0.0003700663573213969,0.0
2021-11-16,17999.19921875,267400,-0.006106589273008452,-0.006087981951756416,1.584962500721156,1.0,0.10675560847642473,0,0,-0.0,-0.006087981951756416,-0.0
2021-11-17,17898.650390625,295700,-0.005601956226916921,-0.005586294529162039,1.584962500721156,1.0,0.10731872169576612,0,0,-0.0,-0.005586294529162039,-0.0
2021-11-18,17764.80078125,278400,-0.007506297537132803,-0.007478195643460861,1.584962500721156,1.0,0.10677010577880341,0,0,-0.0,-0.007478195643460861,-0.0
2021-11-22,17416.55078125,356400,-0.01979806684873854,-0.019603372100156835,1.584962500721156,1.0,0.11232388398810833,0,0,-0.0,-0.019603372100156835,-0.0
2021-11-23,17503.349609375,308800,0.004971320417088634,0.004983697932798847,1.584962500721156,1.0,0.11249147239643972,0,0,0.0,0.004983697932798847,0.0
2021-11-24,17415.05078125,298100,-0.005057449101021469,-0.0050446817378146935,1.584962500721156,1.0,0.1124502809504137,0,0,-0.0,-0.0050446817378146935,-0.0
2021-11-25,17536.25,255900,0.006935347288237329,0.006959452503032093,1.584962500721156,1.0,0.11284926472505043,0,0,0.0,0.006959452503032093,0.0
2021-11-26,17026.44921875,356300,-0.029502195657113865,-0.029071254187753914,1.584962500721156,1.0,0.12378657797745819,0,0,-0.0,-0.029071254187753914,-0.0
2021-11-29,17053.94921875,348900,0.0016138312478338214,0.0016151341742889347,1.584962500721156,1.0,0.12378767849341175,0,0,0.0,0.0016151341742889347,0.0
2021-11-30,16983.19921875,498000,-0.0041572285072535705,-0.004148599194972014,1.584962500721156,1.0,0.1225242959301076,0,0,-0.0,-0.004148599194972014,-0.0
2021-12-01,17166.900390625,295500,0.010758559762450211,0.01081664117042136,1.584962500721156,1.0,0.12278284391532163,0,0,0.0,0.01081664117042136,0.0
2021-12-02,17401.650390625,279900,0.013581917861660867,0.013674571102433752,1.584962500721156,1.0,0.12315852595620477,0,0,0.0,0.013674571102433752,0.0
2021-12-03,17196.69921875,292500,-0.011847592241934006,-0.01177768586739425,1.584962500721156,1.0,0.12502311988412293,0,0,-0.0,-0.01177768586739425,-0.0
2021-12-06,16912.25,231700,-0.016679248094838027,-0.01654091957599968,1.584962500721156,1.0,0.12835664263475244,0,0,-0.0,-0.01654091957599968,-0.0
2021-12-07,17176.69921875,254100,0.015515557382479443,0.015636548581649423,1.584962500721156,1.0,0.13034254723563607,0,0,0.0,0.015636548581649423,0.0
2021-12-08,17469.75,257800,0.016917044993306308,0.017060948527881648,1.584962500721156,1.0,0.13291606195303826,0,0,0.0,0.017060948527881648,0.0
2021-12-09,17516.849609375,237200,0.002692438725331353,0.002696066593683266,1.584962500721156,1.0,0.13283059823488425,0,0,0.0,0.002696066593683266,0.0
2021-12-10,17511.30078125,204500,-0.00031682107730694167,-0.00031677089480919296,1.584962500721156,1.0,0.13280511991837765,0,0,-0.0,-0.00031677089480919296,-0.0
2021-12-13,17368.25,256600,-0.0082026046847206,-0.008169055116863166,1.584962500721156,1.0,0.1332535280978891,0,0,-0.0,-0.008169055116863166,-0.0
2021-12-14,17324.900390625,271000,-0.0024990311601760175,-0.002495911181322197,1.584962500721156,1.0,0.13114060338757125,0,0,-0.0,-0.002495911181322197,-0.0
2021-12-15,17221.400390625,215000,-0.005991976410169169,-0.005974060321640162,1.584962500721156,1.0,0.13106821608385655,0,0,-0.0,-0.005974060321640162,-0.0
2021-12-16,17248.400390625,219500,0.0015665890089298405,0.0015678167505297491,1.584962500721156,1.0,0.13105116031494146,0,0,0.0,0.0015678167505297491,0.0
2021-12-17,16985.19921875,354600,-0.015377077556357827,-0.01525945397337003,1.584962500721156,1.0,0.13359657874939185,0,0,-0.0,-0.01525945397337003,-0.0
2021-12-20,16614.19921875,330600,-0.022084626281366433,-0.021842546279377872,1.584962500721156,1.0,0.1388294207077695,0,0,-0.0,-0.021842546279377872,-0.0
2021-12-21,16770.849609375,241000,0.009384532645495392,0.00942870544420904,1.584962500721156,1.0,0.13965984959215938,0,0,0.0,0.00942870544420904,0.0
2021-12-22,16955.44921875,207900,0.010947032985081793,0.011007170994593363,1.584962500721156,1.0,0.14078440948946325,0,0,0.0,0.011007170994593363,0.0
2021-12-23,17072.599609375,197000,0.006885546336514033,0.006909306212627531,1.584962500721156,1.0,0.14098916515546295,0,0,0.0,0.006909306212627531,0.0
2021-12-24,17003.75,182600,-0.0040409083631890875,-0.004032754879180422,1.584962500721156,1.0,0.14025506332245982,0,0,-0.0,-0.004032754879180422,-0.0
2021-12-27,17086.25,144800,0.004840138519222991,0.004851870910828504,1.584962500721156,1.0,0.14043034664196635,0,0,0.0,0.004851870910828504,0.0
2021-12-28,17233.25,176000,0.008566610759914585,0.008603409174043453,1.584962500721156,1.0,0.14103018352320823,0,0,0.0,0.008603409174043453,0.0
2021-12-29,17213.599609375,161700,-0.00114091088034896,-0.0011402602889762914,1.584962500721156,1.0,0.14095342960855334,0,0,-0.0,-0.0011402602889762914,-0.0
2021-12-30,17203.94921875,320800,-0.0005607831589689821,-0.0005606259494814747,1.584962500721156,1.0,0.14037810143194035,0,0,-0.0,-0.0005606259494814747,-0.0
2021-12-31,17354.05078125,167000,0.008686990360265219,0.008724831757606522,1.584962500721156,1.0,0.14099624861242646,0,0,0.0,0.008724831757606522,0.0
2022-01-03,17625.69921875,200500,0.015532066331647875,0.015653315812207858,1.584962500721156,1.0,0.1427119485085054,0,0,0.0,0.015653315812207858,0.0
2022-01-04,17805.25,247400,0.01013533773365083,0.01018687423526421,1.584962500721156,1.0,0.14359179266762645,0,0,0.0,0.01018687423526421,0.0
2022-01-05,17925.25,251500,0.006716975758933995,0.0067395852346920915,1.584962500721156,1.0,0.14393322854165252,0,0,0.0,0.0067395852346920915,0.0
2022-01-06,17745.900390625,236500,-0.01005580805311726,-0.010005417462796928,1.584962500721156,1.0,0.14496787348926904,0,0,-0.0,-0.010005417462796928,-0.0
2022-01-07,17812.69921875,239300,0.0037571168401497185,0.003764183651131514,1.584962500721156,1.0,0.14345330114282834,0,0,0.0,0.003764183651131514,0.0
2022-01-10,18003.30078125,232400,0.010643475643964555,0.010700318921871732,1.584962500721156,1.0,0.14320734039344557,0,0,0.0,0.010700318921871732,0.0
2022-01-11,18055.75,220200,0.0029090757855369247,0.002913311252602302,1.584962500721156,1.0,0.14311366188813132,0,0,0.0,0.002913311252602302,0.0
2022-01-12,18212.349609375,245000,0.008635720331115329,0.008673115731830494,1.584962500721156,1.0,0.14302022554256769,0,0,0.0,0.008673115731830494,0.0
2022-01-13,18257.80078125,303700,0.002492514833041471,0.0024956237305924223,1.584962500721156,1.0,0.14284814381717334,0,0,0.0,0.0024956237305924223,0.0
2022-01-14,18255.75,229500,-0.00011232987251458901,-0.00011232356375068253,1.584962500721156,1.0,0.14278782347922872,0,0,-0.0,-0.00011232356375068253,-0.0
2022-01-17,18308.099609375,266700,0.0028634646353713476,0.0028675682661627455,1.584962500721156,1.0,0.14281854040890396,0,0,0.0,0.0028675682661627455,0.0
2022-01-18,18113.05078125,227500,-0.010710847446216868,-0.010653690567923424,1.584962500721156,1.0,0.1440558583228594,0,0,-0.0,-0.010653690567923424,-0.0
2022-01-19,17938.400390625,276700,-0.009689027834056424,-0.00964224043394124,1.584962500721156,1.0,0.1450537799149412,0,0,-0.0,-0.00964224043394124,-0.0
2022-01-20,17757.0,258100,-0.010163883876396832,-0.010112406160797005,1.584962500721156,1.0,0.14610786233091172,0,0,-0.0,-0.010112406160797005,-0.0
2022-01-21,17617.150390625,277600,-0.00790692279190989,-0.007875745304668613,1.584962500721156,1.0,0.14672932788325582,0,0,-0.0,-0.007875745304668613,-0.0
2022-01-24,17149.099609375,323800,-0.02692721026213864,-0.02656790518738339,1.584962500721156,1.0,0.15294803958879932,0,0,-0.0,-0.02656790518738339,-0.0
2022-01-25,17277.94921875,326500,0.0074854055398087425,0.007513491221694313,1.584962500721156,1.0,0.15310885752718167,0,0,0.0,0.007513491221694313,0.0
2022-01-27,17110.150390625,395600,-0.009759199363728934,-0.00971173291462768,1.584962500721156,1.0,0.15389349048865736,0,0,-0.0,-0.00971173291462768,-0.0
2022-01-28,17101.94921875,355300,-0.0004794310858279706,-0.0004793161771092791,1.584962500721156,1.0,0.15287334615042095,0,0,-0.0,-0.0004793161771092791,-0.0
2022-01-31,17339.849609375,321700,0.01381485185545943,0.0139107178709299,1.584962500721156,1.0,0.15382500905546234,0,0,0.0,0.0139107178709299,0.0
2022-02-01,17576.849609375,386400,0.013575374822651254,0.013667938611870323,1.584962500721156,1.0,0.15552101491088507,0,0,0.0,0.013667938611870323,0.0
2022-02-02,17780.0,271200,0.01149155699474709,0.011557838585399605,1.584962500721156,1.0,0.15449736321759625,0,0,0.0,0.011557838585399605,0.0
2022-02-03,17560.19921875,226600,-0.01243929691182117,-0.012362248664229525,1.584962500721156,1.0,0.15585567066665454,0,0,-0.0,-0.012362248664229525,-0.0
2022-02-04,17516.30078125,261400,-0.002503012582150695,-0.0024998826581151823,1.584962500721156,1.0,0.15590306634701354,0,0,-0.0,-0.0024998826581151823,-0.0
2022-02-07,17213.599609375,265000,-0.017432174227495423,-0.017281112927623465,1.584962500721156,1.0,0.1582622076817528,0,0,-0.0,-0.017281112927623465,-0.0
2022-02-08,17266.75,268500,0.003082940476216172,0.0030876976246183574,1.584962500721156,1.0,0.15833650656783751,0,0,0.0,0.0030876976246183574,0.0
2022-02-09,17463.80078125,236400,0.0113475249468573,0.01141215233034587,1.584962500721156,1.0,0.15929282633524444,0,0,0.0,0.01141215233034587,0.0
2022-02-10,17605.849609375,273600,0.00810099920504003,0.008133901085124018,1.584962500721156,1.0,0.1596682459488392,0,0,0.0,0.008133901085124018,0.0
2022-02-11,17374.75,253100,-0.013213208134273142,-0.01312629691281364,1.584962500721156,1.0,0.16045942688496498,0,0,-0.0,-0.01312629691281364,-0.0
2022-02-14,16842.80078125,305500,-0.031094690696753635,-0.03061622289529342,1.584962500721156,1.0,0.1680488211380087,0,0,-0.0,-0.03061622289529342,-0.0
2022-02-15,17352.44921875,298700,0.02981034961442144,0.03025912638397754,1.584962500721156,1.0,0.17483832496095802,0,0,0.0,0.03025912638397754,0.0
2022-02-16,17322.19921875,244500,-0.001744791023833279,-0.0017432697608654735,1.584962500721156,1.0,0.17428598553263874,0,0,-0.0,-0.0017432697608654735,-0.0
2022-02-17,17304.599609375,232100,-0.001016531212017758,-0.001016014719190439,1.584962500721156,1.0,0.173976137412405,0,0,-0.0,-0.001016014719190439,-0.0
2022-02-18,17276.30078125,189600,-0.0016366742405402451,-0.0016353356196504576,1.584962500721156,1.0,0.17390373380422677,0,0,-0.0,-0.0016353356196504576,-0.0
2022-02-21,17206.650390625,215200,-0.004039705592356217,-0.004031556958107085,1.584962500721156,1.0,0.17393388932368065,0,0,-0.0,-0.004031556958107085,-0.0
2022-02-22,17092.19921875,300100,-0.00667378632095619,-0.006651566067580439,1.584962500721156,1.0,0.17342444018706246,0,0,-0.0,-0.006651566067580439,-0.0
2022-02-23,17063.25,200200,-0.0016951453630000418,-0.0016937094155936583,1.584962500721156,1.0,0.17254242158054747,0,0,-0.0,-0.0016937094155936583,-0.0
2022-02-24,16247.9501953125,458000,-0.04896026903082192,-0.04778103847083648,1.584962500721156,1.0,0.18984563890688863,0,0,-0.0,-0.04778103847083648,-0.0
2022-02-25,16658.400390625,329800,0.024947858168202962,0.025261660109649586,1.584962500721156,1.0,0.19487918441550095,0,0,0.0,0.025261660109649586,0.0
2022-02-28,16793.900390625,404200,0.008101131335537446,0.008134034290366632,1.584962500721156,1.0,0.19510017142593078,0,0,0.0,0.008134034290366632,0.0
2022-03-02,16605.94921875,517700,-0.011254730666993663,-0.011191633122935585,1.584962500721156,1.0,0.19575704529371016,0,0,-0.0,-0.011191633122935585,-0.0
2022-03-03,16498.05078125,442100,-0.006518778370608893,-0.00649757722841704,1.584962500721156,1.0,0.19593169272998845,0,0,-0.0,-0.00649757722841704,-0.0
2022-03-04,16245.349609375,456100,-0.015435549523985674,-0.015317032007332254,1.584962500721156,1.0,0.19738442248684662,0,0,-0.0,-0.015317032007332254,-0.0
2022-03-07,15863.150390625,585400,-0.023807855961420165,-0.02352668473994779,1.584962500721156,1.0,0.20035199194460904,0,0,-0.0,-0.02352668473994779,-0.0
2022-03-08,16013.4501953125,543600,0.009430172336242727,0.009474776509483585,1.584962500721156,1.0,0.20117503065415746,0,0,0.0,0.009474776509483585,0.0
2022-03-09,16345.349609375,462200,0.020514423015661167,0.020726290088294297,1.584962500721156,1.0,0.20210836598757556,0,0,0.0,0.020726290088294297,0.0
2022-03-10,16594.900390625,486400,0.015152013456311012,0.01526738719047449,1.584962500721156,1.0,0.20325021855673617,0,0,0.0,0.01526738719047449,0.0
2022-03-11,16630.44921875,343700,0.0021398626113986923,0.0021421537513466316,1.584962500721156,1.0,0.20168072622118008,0,0,0.0,0.0021421537513466316,0.0
2022-03-14,16871.30078125,314700,0.014378694372337426,0.014482565042708062,1.584962500721156,1.0,0.20326331236795372,0,0,0.0,0.014482565042708062,0.0
2022-03-15,16663.0,381600,-0.012423307208470636,-0.012346456503312231,1.584962500721156,1.0,0.20416963126686952,0,0,-0.0,-0.012346456503312231,-0.0
2022-03-16,16975.349609375,260000,0.018571576221107083,0.018745100484606647,1.584962500721156,1.0,0.20650933472360852,0,0,0.0,0.018745100484606647,0.0
2022-03-17,17287.05078125,448300,0.01819544269851146,0.018361988356508263,1.584962500721156,1.0,0.2083561211115279,0,0,0.0,0.018361988356508263,0.0
2022-03-21,17117.599609375,285500,-0.009850560325581039,-0.009802202470463706,1.584962500721156,1.0,0.20894007505067969,0,0,-0.0,-0.009802202470463706,-0.0
2022-03-22,17315.5,338300,0.011494902983443505,0.011561223252155806,1.584962500721156,1.0,0.20990832652345803,0,0,0.0,0.011561223252155806,0.0
2022-03-23,17245.650390625,292100,-0.004042093720190609,-0.0040339354552280104,1.584962500721156,1.0,0.20960883766045843,0,0,-0.0,-0.0040339354552280104,-0.0
2022-03-24,17222.75,290300,-0.0013287761390126268,-0.0013278937068936791,1.584962500721156,1.0,0.20843098619094141,0,0,-0.0,-0.0013278937068936791,-0.0
2022-03-25,17153.0,237100,-0.004058098847076208,-0.004049875890900112,1.584962500721156,1.0,0.20850711257433108,0,0,-0.0,-0.004049875890900112,-0.0
2022-03-28,17222.0,253200,0.004014550846285441,0.004022619949862971,1.584962500721156,1.0,0.2084384696306496,0,0,0.0,0.004022619949862971,0.0
2022-03-29,17325.30078125,235100,0.00598026976240216,0.005998187274997013,1.584962500721156,1.0,0.20853524760245448,0,0,0.0,0.005998187274997013,0.0
2022-03-30,17498.25,505000,0.009932969892759297,0.009982465582194733,1.584962500721156,1.0,0.2088849741300617,0,0,0.0,0.009982465582194733,0.0
2022-03-31,17464.75,281100,-0.001916312115762529,-0.001914477162001882,1.584962500721156,1.0,0.20625336716702306,0,0,-0.0,-0.001914477162001882,-0.0
2022-04-01,17670.44921875,291800,0.01170914487476482,0.011777965258592316,1.584962500721156,1.0,0.2070170996863252,0,0,0.0,0.011777965258592316,0.0
2022-04-04,18053.400390625,345500,0.0214403456403388,0.021671841339984343,1.584962500721156,1.0,0.2098745235268852,0,0,0.0,0.021671841339984343,0.0
2022-04-05,17957.400390625,283500,-0.005331746328175393,-0.005317557796472028,1.584962500721156,1.0,0.20979673179808916,0,0,-0.0,-0.005317557796472028,-0.0
2022-04-06,17807.650390625,328800,-0.008374145812508964,-0.008339180323571727,1.584962500721156,1.0,0.20421358822097135,0,0,-0.0,-0.008339180323571727,-0.0
2022-04-07,17639.55078125,308800,-0.009484577848941177,-0.00943974110495216,1.584962500721156,1.0,0.20488527876019133,0,0,-0.0,-0.00943974110495216,-0.0
2022-04-08,17784.349609375,274400,0.008175250776633796,0.008208759390795572,1.584962500721156,1.0,0.20515189323079663,0,0,0.0,0.008208759390795572,0.0
2022-04-11,17674.94921875,251700,-0.006170496392137639,-0.006151497975913078,1.584962500721156,1.0,0.20471311247776858,0,0,-0.0,-0.006151497975913078,-0.0
2022-04-12,17530.30078125,266000,-0.008217481851263662,-0.008183810641252287,1.584962500721156,1.0,0.20396420529431086,0,0,-0.0,-0.008183810641252287,-0.0
2022-04-13,17475.650390625,245100,-0.0031223510971550208,-0.0031174816283502382,1.584962500721156,1.0,0.20303970790706022,0,0,-0.0,-0.0031174816283502382,-0.0
2022-04-18,17173.650390625,376100,-0.017432250630348714,-0.017281188010147552,1.584962500721156,1.0,0.2032205613796969,0,0,-0.0,-0.017281188010147552,-0.0
2022-04-19,16958.650390625,401400,-0.012598203971631295,-0.012519178806467801,1.584962500721156,1.0,0.20265397300928453,0,0,-0.0,-0.012519178806467801,-0.0
2022-04-20,17136.55078125,286100,0.010435603778864927,0.010490244596548015,1.584962500721156,1.0,0.20139544832365916,0,0,0.0,0.010490244596548015,0.0
2022-04-21,17392.599609375,285200,0.014831150992767859,0.014941678252146096,1.584962500721156,1.0,0.20291005405793985,0,0,0.0,0.014941678252146096,0.0
2022-04-22,17171.94921875,262700,-0.012767612798961313,-0.012686452605167986,1.584962500721156,1.0,0.2040179253767091,0,0,-0.0,-0.012686452605167986,-0.0
2022-04-25,16953.94921875,275700,-0.012776394201003337,-0.012695122564301942,1.584962500721156,1.0,0.2046673216547321,0,0,-0.0,-0.012695122564301942,-0.0
2022-04-26,17200.80078125,261100,0.014455140840464372,0.014560121616207233,1.584962500721156,1.0,0.2061052608600775,0,0,0.0,0.014560121616207233,0.0
2022-04-27,17038.400390625,265100,-0.00948629657994312,-0.009441443610115341,1.584962500721156,1.0,0.20647168405309463,0,0,-0.0,-0.009441443610115341,-0.0
2022-04-28,17245.05078125,312900,0.012055547873445796,0.012128508890934642,1.584962500721156,1.0,0.20745773208590576,0,0,0.0,0.012128508890934642,0.0
2022-04-29,17102.55078125,336200,-0.008297570200330234,-0.008263240381694681,1.584962500721156,1.0,0.2063071831133962,0,0,-0.0,-0.008263240381694681,-0.0
2022-05-02,17069.099609375,278200,-0.0019578324241160947,-0.0019559171203674675,1.584962500721156,1.0,0.2029065125823709,0,0,-0.0,-0.0019559171203674675,-0.0
2022-05-04,16677.599609375,310600,-0.023203310190181764,-0.022936183451936376,1.584962500721156,1.0,0.2060779106401704,0,0,-0.0,-0.022936183451936376,-0.0
2022-05-05,16682.650390625,265800,0.00030280236440618743,0.00030284821366977077,1.584962500721156,1.0,0.20523584182006377,0,0,0.0,0.00030284821366977077,0.0
2022-05-06,16411.25,300500,-0.016402205362178027,-0.0162684216398562,1.584962500721156,1.0,0.20666019152279166,0,0,-0.0,-0.0162684216398562,-0.0
2022-05-09,16301.849609375,288400,-0.0066885009232451696,-0.006666182687180999,1.584962500721156,1.0,0.20683826103750022,0,0,-0.0,-0.006666182687180999,-0.0
2022-05-10,16240.0498046875,283100,-0.003798172823006312,-0.003790968888092272,1.584962500721156,1.0,0.206715554023773,0,0,-0.0,-0.003790968888092272,-0.0
2022-05-11,16167.099609375,284300,-0.004502112641840228,-0.0044919933245182175,1.584962500721156,1.0,0.2062371896425221,0,0,-0.0,-0.0044919933245182175,-0.0
2022-05-12,15808.0,314900,-0.022462147872579268,-0.022211752141785834,1.584962500721156,1.0,0.2094247446651751,0,0,-0.0,-0.022211752141785834,-0.0
2022-05-13,15782.150390625,369100,-0.0016365617019766783,-0.0016352232651188903,1.584962500721156,1.0,0.20942687125820242,0,0,-0.0,-0.0016352232651188903,-0.0
2022-05-16,15842.2998046875,217600,0.003803986233609079,0.0038112305721171857,1.584962500721156,1.0,0.20894894307990539,0,0,0.0,0.0038112305721171857,0.0
2022-05-17,16259.2998046875,295700,0.025981475212963467,0.026321935902047233,1.584962500721156,1.0,0.21200098068633522,0,0,0.0,0.026321935902047233,0.0
2022-05-18,16240.2998046875,290400,-0.0011692453072036017,-0.0011685620062508173,1.584962500721156,1.0,0.21117766795752177,0,0,-0.0,-0.0011685620062508173,-0.0
2022-05-19,15809.400390625,313900,-0.026891070897403772,-0.026532725334179386,1.584962500721156,1.0,0.21514109976635273,0,0,-0.0,-0.026532725334179386,-0.0
2022-05-20,16266.150390625,252400,0.02848156086057151,0.028891038794289337,1.584962500721156,1.0,0.22034995970389612,0,0,0.0,0.028891038794289337,0.0
2022-05-23,16214.7001953125,293800,-0.0031680351601504043,-0.0031630222318707046,1.584962500721156,1.0,0.22023420707292332,0,0,-0.0,-0.0031630222318707046,-0.0
2022-05-24,16125.150390625,249800,-0.005538061057189644,-0.005522754266735541,1.584962500721156,1.0,0.21946583058046212,0,0,-0.0,-0.005522754266735541,-0.0
2022-05-25,16025.7998046875,243300,-0.006180277818558741,-0.006161219184365629,1.584962500721156,1.0,0.21950815278072142,0,0,-0.0,-0.006161219184365629,-0.0
2022-05-26,16170.150390625,314300,0.008967062770830264,0.009007387318995308,1.584962500721156,1.0,0.21955142176618916,0,0,0.0,0.009007387318995308,0.0
2022-05-27,16352.4501953125,274100,0.011210771015034579,0.011273847198922216,1.584962500721156,1.0,0.22046303319083196,0,0,0.0,0.011273847198922216,0.0
2022-05-30,16661.400390625,251400,0.018716945110386057,0.018893205092962884,1.584962500721156,1.0,0.22296920461103173,0,0,0.0,0.018893205092962884,0.0
2022-05-31,16584.55078125,651600,-0.004623104079880039,-0.004612433983534836,1.584962500721156,1.0,0.22295236063365595,0,0,-0.0,-0.004612433983534836,-0.0
2022-06-01,16522.75,249600,-0.003733367056413342,-0.0037264067061659745,1.584962500721156,1.0,0.22240563141579983,0,0,-0.0,-0.0037264067061659745,-0.0
2022-06-02,16628.0,236000,0.006349802260260305,0.006370004993115463,1.584962500721156,1.0,0.22225495503149967,0,0,0.0,0.006370004993115463,0.0
2022-06-03,16584.30078125,245500,-0.0026315095876877827,-0.002628050201467391,1.584962500721156,1.0,0.22171724409583699,0,0,-0.0,-0.002628050201467391,-0.0
2022-06-06,16569.55078125,233600,-0.0008897910968418909,-0.0008893953501298846,1.584962500721156,1.0,0.2213873850331428,0,0,-0.0,-0.0008893953501298846,-0.0
2022-06-07,16416.349609375,233800,-0.009288955076891798,-0.009245946006475991,1.584962500721156,1.0,0.2173980609158192,0,0,-0.0,-0.009245946006475991,-0.0
2022-06-08,16356.25,243500,-0.003667678332650513,-0.0036609606157923524,1.584962500721156,1.0,0.21704100251212688,0,0,-0.0,-0.0036609606157923524,-0.0
2022-06-09,16478.099609375,205000,0.007422115570615706,0.00744972774168895,1.584962500721156,1.0,0.21689416798329567,0,0,0.0,0.00744972774168895,0.0
2022-06-10,16201.7998046875,189700,-0.01690986774485526,-0.016767698414100085,1.584962500721156,1.0,0.21864277136978724,0,0,-0.0,-0.016767698414100085,-0.0
2022-06-13,15774.400390625,225500,-0.026733937520215956,-0.026379749115209128,1.584962500721156,1.0,0.22158124925957506,0,0,-0.0,-0.026379749115209128,-0.0
2022-06-14,15732.099609375,225400,-0.0026852114114221596,-0.00268160945598539,1.584962500721156,1.0,0.22020837203019153,0,0,-0.0,-0.00268160945598539,-0.0
2022-06-15,15692.150390625,183000,-0.0025425739848417965,-0.0025393443813560568,1.584962500721156,1.0,0.21916206888492867,0,0,-0.0,-0.0025393443813560568,-0.0
2022-06-16,15360.599609375,264700,-0.021354848179315097,-0.021128447854290244,1.584962500721156,1.0,0.2209355977971509,0,0,-0.0,-0.021128447854290244,-0.0
2022-06-17,15293.5,342600,-0.004377862497838008,-0.00436829362663993,1.584962500721156,1.0,0.2209822793379976,0,0,-0.0,-0.00436829362663993,-0.0
2022-06-20,15350.150390625,260000,0.0036973698916184226,0.0037042135956451006,1.584962500721156,1.0,0.21949446848855472,0,0,0.0,0.0037042135956451006,0.0
2022-06-21,15638.7998046875,262800,0.018629721921802747,0.018804337854487096,1.584962500721156,1.0,0.2218965765958361,0,0,0.0,0.018804337854487096,0.0
2022-06-22,15413.2998046875,220900,-0.01452423294963793,-0.014419265085317434,1.584962500721156,1.0,0.2220102162091241,0,0,-0.0,-0.014419265085317434,-0.0
2022-06-23,15556.650390625,259200,0.009257464658604653,0.009300447519609234,1.584962500721156,1.0,0.22215855274833876,0,0,0.0,0.009300447519609234,0.0
2022-06-24,15699.25,219600,0.009124715461734611,0.009166472588529428,1.584962500721156,1.0,0.2219325485489602,0,0,0.0,0.009166472588529428,0.0
2022-06-27,15832.0498046875,210900,0.008423413606869335,0.008458990377725017,1.584962500721156,1.0,0.2166109245244485,0,0,0.0,0.008458990377725017,0.0
2022-06-28,15850.2001953125,251900,0.0011457767431705531,0.0011464333961117568,1.584962500721156,1.0,0.21040518654050924,0,0,0.0,0.0011464333961117568,0.0
2022-06-29,15799.099609375,444900,-0.003229179201912245,-0.0032239710103227903,1.584962500721156,1.0,0.21043460087891935,0,0,-0.0,-0.0032239710103227903,-0.0
2022-06-30,15780.25,306000,-0.0011937935294284723,-0.001193081241402827,1.584962500721156,1.0,0.2104347954000971,0,0,-0.0,-0.001193081241402827,-0.0
2022-07-01,15752.0498046875,364100,-0.0017886549985601772,-0.0017870563085186086,1.584962500721156,1.0,0.21043620074154296,0,0,-0.0,-0.0017870563085186086,-0.0
2022-07-04,15835.349609375,304300,0.005274254882250374,0.005288188249805481,1.584962500721156,1.0,0.21063559378292826,0,0,0.0,0.005288188249805481,0.0
2022-07-05,15810.849609375,254200,-0.0015483695040555473,-0.0015471713984448465,1.584962500721156,1.0,0.21041384795296705,0,0,-0.0,-0.0015471713984448465,-0.0
2022-07-06,15989.7998046875,288400,0.01125461822453212,0.011318189707300252,1.584962500721156,1.0,0.21138287905545886,0,0,0.0,0.011318189707300252,0.0
2022-07-07,16132.900390625,264600,0.00890968266712923,0.00894949203151052,1.584962500721156,1.0,0.19557967073960514,0,0,0.0,0.00894949203151052,0.0
2022-07-08,16220.599609375,281100,0.005421325887187373,0.005436047866567373,1.584962500721156,1.0,0.19118475728346335,0,0,0.0,0.005436047866567373,0.0
2022-07-11,16216.0,255900,-0.00028360614005298526,-0.00028356592763323363,1.584962500721156,1.0,0.19065611062755086,0,0,-0.0,-0.00028356592763323363,-0.0
2022-07-12,16058.2998046875,208600,-0.009772571447684876,-0.0097249750439381,1.584962500721156,1.0,0.19043293922132581,0,0,-0.0,-0.0097249750439381,-0.0
2022-07-13,15966.650390625,233300,-0.0057236413300785416,-0.005707292501522909,1.584962500721156,1.0,0.1903649118844968,0,0,-0.0,-0.005707292501522909,-0.0
2022-07-14,15938.650390625,228600,-0.0017551946856914542,-0.0017536552323109689,1.584962500721156,1.0,0.18866691231638605,0,0,-0.0,-0.0017536552323109689,-0.0
2022-07-15,16049.2001953125,205800,0.006912014580365188,0.0069359576863876615,1.584962500721156,1.0,0.18475042444459974,0,0,0.0,0.0069359576863876615,0.0
2022-07-18,16278.5,227700,0.014186202470718856,0.014287304158276504,1.584962500721156,1.0,0.18559781389251107,0,0,0.0,0.014287304158276504,0.0
2022-07-19,16340.5498046875,222600,0.003804517906147779,0.003811764271124396,1.584962500721156,1.0,0.18249496288007971,0,0,0.0,0.003811764271124396,0.0
2022-07-20,16520.849609375,284400,0.010973459265845803,0.01103388850696918,1.584962500721156,1.0,0.1816443880707918,0,0,0.0,0.01103388850696918,0.0
2022-07-21,16605.25,243600,0.005095714512164849,0.005108719746296009,1.584962500721156,1.0,0.18181253505450623,0,0,0.0,0.005108719746296009,0.0
2022-07-22,16719.44921875,190900,0.006853755230166662,0.006877295960614926,1.584962500721156,1.0,0.18055721478752523,0,0,0.0,0.006877295960614926,0.0
2022-07-25,16631.0,211400,-0.005304241963650273,-0.005290199311757782,1.584962500721156,1.0,0.17957177635996244,0,0,-0.0,-0.005290199311757782,-0.0
2022-07-26,16483.849609375,208200,-0.008887333683346772,-0.00884795806776506,1.584962500721156,1.0,0.17738670217741415,0,0,-0.0,-0.00884795806776506,-0.0
2022-07-27,16641.80078125,185200,0.00953655956008488,0.0095821774414373,1.584962500721156,1.0,0.17540741756924366,0,0,0.0,0.0095821774414373,0.0
2022-07-28,16929.599609375,376300,0.017145896529526243,0.017293731123692924,1.584962500721156,1.0,0.1771075982962412,0,0,0.0,0.017293731123692924,0.0
2022-07-29,17158.25,436100,0.013415561413115864,0.013505953826479233,1.584962500721156,1.0,0.1774930695660716,0,0,0.0,0.013505953826479233,0.0
2022-08-01,17340.05078125,381500,0.010539792401854702,0.010595531668439406,1.584962500721156,1.0,0.1782519224396184,0,0,0.0,0.010595531668439406,0.0
2022-08-02,17345.44921875,333600,0.0003112792114048116,0.000311327663805816,1.584962500721156,1.0,0.17823685055272734,0,0,0.0,0.000311327663805816,0.0
2022-08-03,17388.150390625,285400,0.002458783072766921,0.002461808358865669,1.584962500721156,1.0,0.17814212520291253,0,0,0.0,0.002461808358865669,0.0
2022-08-04,17382.0,325000,-0.00035377417814128954,-0.0003537116074355806,1.584962500721156,1.0,0.1780238178064338,0,0,-0.0,-0.0003537116074355806,-0.0
2022-08-05,17397.5,355300,0.0008913297215996853,0.0008917270739845495,1.584962500721156,1.0,0.17775154642940322,0,0,0.0,0.0008917270739845495,0.0
2022-08-08,17525.099609375,257000,0.007307599012140524,0.007334364671648164,1.584962500721156,1.0,0.17739200178078182,0,0,0.0,0.007334364671648164,0.0
2022-08-10,17534.75,312700,0.0005505095416120064,0.0005506610997998429,1.584962500721156,1.0,0.17736390031522783,0,0,0.0,0.0005506610997998429,0.0
2022-08-11,17659.0,311200,0.007060942140366637,0.007085929368824795,1.584962500721156,1.0,0.17666750231769016,0,0,0.0,0.007085929368824795,0.0
2022-08-12,17698.150390625,303900,0.0022145679837284517,0.0022170219505635025,1.584962500721156,1.0,0.17294880793018658,0,0,0.0,0.0022170219505635025,0.0
2022-08-16,17825.25,0,0.007155855032733008,0.007181519343531395,1.584962500721156,1.0,0.17316609645411848,0,0,0.0,0.007181519343531395,0.0
2022-08-17,17944.25,262800,0.006653737907021656,0.006675923198833145,1.584962500721156,1.0,0.17295424667502277,0,0,0.0,0.006675923198833145,0.0
2022-08-18,17956.5,263900,0.0006824370229270742,0.0006826699360520383,1.584962500721156,1.0,0.17219651354080098,0,0,0.0,0.0006826699360520383,0.0
2022-08-19,17758.44921875,295600,-0.011090751389954998,-0.011029475746944017,1.584962500721156,1.0,0.17268640168687055,0,0,-0.0,-0.011029475746944017,-0.0
2022-08-22,17490.69921875,287600,-0.015192148554208883,-0.0150773300473388,1.584962500721156,1.0,0.17424954092365422,0,0,-0.0,-0.0150773300473388,-0.0
2022-08-23,17577.5,285600,0.004950408657946044,0.00496268217550444,1.584962500721156,1.0,0.1739089389295541,0,0,0.0,0.00496268217550444,0.0
2022-08-24,17604.94921875,262000,0.001560393032835227,0.001561611079505143,1.584962500721156,1.0,0.17384512334320298,0,0,0.0,0.001561611079505143,0.0
2022-08-25,17522.44921875,230200,-0.004697196795508722,-0.004686182219266755,1.584962500721156,1.0,0.17150264218138234,0,0,-0.0,-0.004686182219266755,-0.0
2022-08-26,17558.900390625,266600,0.002078094793881999,0.002080255529346653,1.584962500721156,1.0,0.17014889180978285,0,0,0.0,0.002080255529346653,0.0
2022-08-29,17312.900390625,244900,-0.014109055185943692,-0.014009988924553851,1.584962500721156,1.0,0.1709991376354585,0,0,-0.0,-0.014009988924553851,-0.0
2022-08-30,17759.30078125,324700,0.025457455427431688,0.02578426378902554,1.584962500721156,1.0,0.17447781856662253,0,0,0.0,0.02578426378902554,0.0
2022-09-01,17542.80078125,308500,-0.012265712506503565,-0.012190795272107646,1.584962500721156,1.0,0.17437392926221146,0,0,-0.0,-0.012190795272107646,-0.0
2022-09-02,17539.44921875,256300,-0.00019106884593758132,-0.0001910505934481499,1.584962500721156,1.0,0.17298055004446686,0,0,-0.0,-0.0001910505934481499,-0.0
2022-09-05,17665.80078125,230300,0.00717802628935595,0.007203850071011875,1.584962500721156,1.0,0.17172769792022943,0,0,0.0,0.007203850071011875,0.0
2022-09-06,17655.599609375,251200,-0.000577619915734608,-0.0005774531254664206,1.584962500721156,1.0,0.17093593843999408,0,0,-0.0,-0.0005774531254664206,-0.0
2022-09-07,17624.400390625,354100,-0.0017686636555011566,-0.0017671004916441913,1.584962500721156,1.0,0.16982749438260672,0,0,-0.0,-0.0017671004916441913,-0.0
2022-09-08,17798.75,279800,0.009843902383512463,0.009892512965589573,1.584962500721156,1.0,0.1699576895020623,0,0,0.0,0.009892512965589573,0.0
2022-09-09,17833.349609375,270300,0.0019420477956010656,0.0019439347917691308,1.584962500721156,1.0,0.16992696193987183,0,0,0.0,0.0019439347917691308,0.0
2022-09-12,17936.349609375,228200,0.005759080279283832,0.005775695663245095,1.584962500721156,1.0,0.1653433801727593,0,0,0.0,0.005775695663245095,0.0
2022-09-13,18070.05078125,259900,0.007426556664034913,0.007454201929980142,1.584962500721156,1.0,0.16571097696953044,0,0,0.0,0.007454201929980142,0.0
2022-09-14,18003.75,365900,-0.003675845320864187,-0.0036690976717561608,1.584962500721156,1.0,0.16330207058500007,0,0,-0.0,-0.0036690976717561608,-0.0
2022-09-15,17877.400390625,289600,-0.0070427023794097186,-0.007017960667916379,1.584962500721156,1.0,0.16335053562012258,0,0,-0.0,-0.007017960667916379,-0.0
2022-09-16,17530.849609375,468500,-0.019575203370476822,-0.019384853148544656,1.584962500721156,1.0,0.16676717095916097,0,0,-0.0,-0.019384853148544656,-0.0
2022-09-19,17622.25,258300,0.005200144374609497,0.0052136885924867205,1.584962500721156,1.0,0.166675772985714,0,0,0.0,0.0052136885924867205,0.0
2022-09-20,17816.25,263100,0.010948654031257964,0.011008809885230342,1.584962500721156,1.0,0.16271238867473467,0,0,0.0,0.011008809885230342,0.0
2022-09-21,17718.349609375,245500,-0.005510158516157929,-0.005495005437451739,1.584962500721156,1.0,0.16304104766336547,0,0,-0.0,-0.005495005437451739,-0.0
2022-09-22,17629.80078125,284100,-0.005010107310831895,-0.004997577656902563,1.584962500721156,1.0,0.16332243674363836,0,0,-0.0,-0.004997577656902563,-0.0
2022-09-23,17327.349609375,390800,-0.01730454089090743,-0.017155677232420508,1.584962500721156,1.0,0.16075750949800396,0,0,-0.0,-0.017155677232420508,-0.0
2022-09-26,17016.30078125,492000,-0.018114401349380974,-0.017951321762256445,1.584962500721156,1.0,0.16378949126313427,0,0,-0.0,-0.017951321762256445,-0.0
2022-09-27,17007.400390625,359900,-0.0005231876910193474,-0.0005230508522044985,1.584962500721156,1.0,0.15710170423628741,0,0,-0.0,-0.0005230508522044985,-0.0
2022-09-28,16858.599609375,323900,-0.008787677246935572,-0.00874917846539458,1.584962500721156,1.0,0.15076575369133166,0,0,-0.0,-0.00874917846539458,-0.0
2022-09-29,16818.099609375,340000,-0.0024052250050792126,-0.0024023347691036756,1.584962500721156,1.0,0.1507200703427355,0,0,-0.0,-0.0024023347691036756,-0.0
2022-09-30,17094.349609375,376100,0.016292312526781774,0.01642575596626905,1.584962500721156,1.0,0.15269610012506515,0,0,0.0,0.01642575596626905,0.0
2022-10-03,16887.349609375,278400,-0.012183178897324074,-0.012109264448790458,1.584962500721156,1.0,0.15378275170957334,0,0,-0.0,-0.012109264448790458,-0.0
2022-10-04,17274.30078125,226000,0.022655095268550494,0.02291367093271912,1.584962500721156,1.0,0.15755546280115762,0,0,0.0,0.02291367093271912,0.0
2022-10-06,17331.80078125,265500,0.0033231164632058175,0.0033286441360573793,1.584962500721156,1.0,0.15662041668967988,0,0,0.0,0.0033286441360573793,0.0
2022-10-07,17314.650390625,216300,-0.0009900230150986376,-0.0009895331040011834,1.584962500721156,1.0,0.15362521771470866,0,0,-0.0,-0.0009895331040011834,-0.0
2022-10-10,17241.0,234000,-0.004262718329192525,-0.00425364584114718,1.584962500721156,1.0,0.15359285171944997,0,0,-0.0,-0.00425364584114718,-0.0
2022-10-11,16983.55078125,282600,-0.015044993668578569,-0.014932383199930399,1.584962500721156,1.0,0.15561429519014008,0,0,-0.0,-0.014932383199930399,-0.0
2022-10-12,17123.599609375,256000,0.008212331644389038,0.008246145339619648,1.584962500721156,1.0,0.15585015917520675,0,0,0.0,0.008246145339619648,0.0
2022-10-13,17014.349609375,266400,-0.0064005234917517235,-0.006380083772817624,1.584962500721156,1.0,0.15617995525535447,0,0,-0.0,-0.006380083772817624,-0.0
2022-10-14,17185.69921875,227000,0.010020514532698735,0.010070888003887335,1.584962500721156,1.0,0.15701250325374458,0,0,0.0,0.010070888003887335,0.0
2022-10-17,17311.80078125,212200,0.007310797834822186,0.007337586960815656,1.584962500721156,1.0,0.1565667456494185,0,0,0.0,0.007337586960815656,0.0
2022-10-18,17486.94921875,239500,0.010066448739082915,0.010117285874136073,1.584962500721156,1.0,0.15719461828320025,0,0,0.0,0.010117285874136073,0.0
2022-10-19,17512.25,210500,0.0014457922593648584,0.0014468379208691928,1.584962500721156,1.0,0.1567931766732912,0,0,0.0,0.0014468379208691928,0.0
2022-10-20,17563.94921875,249600,0.0029478254394111857,0.0029521745492440132,1.584962500721156,1.0,0.15398249027423125,0,0,0.0,0.0029521745492440132,0.0
2022-10-21,17576.30078125,277700,0.0007029866326317706,0.0007032337856462956,1.584962500721156,1.0,0.1467150497973874,0,0,0.0,0.0007032337856462956,0.0
2022-10-24,17730.75,45000,0.008748972260095097,0.008787356376761757,1.584962500721156,1.0,0.1471043548584158,0,0,0.0,0.008787356376761757,0.0
2022-10-25,17656.349609375,251400,-0.004204950452158822,-0.004196122026705051,1.584962500721156,1.0,0.14725445429130157,0,0,-0.0,-0.004196122026705051,-0.0
2022-10-27,17736.94921875,324600,0.0045545202832827395,0.004564907874966551,1.584962500721156,1.0,0.14226031228533167,0,0,0.0,0.004564907874966551,0.0
2022-10-28,17786.80078125,250000,0.0028066628790527496,0.002810605244745412,1.584962500721156,1.0,0.14191329699751093,0,0,0.0,0.002810605244745412,0.0
2022-10-31,18012.19921875,227200,0.012592609626880552,0.012672230395564199,1.584962500721156,1.0,0.14304772484971676,0,0,0.0,0.012672230395564199,0.0
2022-11-01,18145.400390625,349900,0.007367843877008389,0.007395053222392978,1.584962500721156,1.0,0.14050973814648635,0,0,0.0,0.007395053222392978,0.0
2022-11-02,18082.849609375,270900,-0.0034531529072475455,-0.003447197631545107,1.584962500721156,1.0,0.13810151446992042,0,0,-0.0,-0.003447197631545107,-0.0
2022-11-03,18052.69921875,213000,-0.001668738878993079,-0.0016673473084335422,1.584962500721156,1.0,0.13763471357965296,0,0,-0.0,-0.0016673473084335422,-0.0
2022-11-04,18117.150390625,267900,0.0035638102334325083,0.003570168155688336,1.584962500721156,1.0,0.13709347917699702,0,0,0.0,0.003570168155688336,0.0
2022-11-07,18202.80078125,314800,0.0047164462855731094,0.004727586225111935,1.584962500721156,1.0,0.1367102182737043,0,0,0.0,0.004727586225111935,0.0
2022-11-09,18157.0,307200,-0.0025193100341803654,-0.002516139235956394,1.584962500721156,1.0,0.136878393129667,0,0,-0.0,-0.002516139235956394,-0.0
2022-11-10,18028.19921875,256500,-0.007119006002546902,-0.007093725904609771,1.584962500721156,1.0,0.13741341953711875,0,0,-0.0,-0.007093725904609771,-0.0
2022-11-11,18349.69921875,378500,0.01767602773148285,0.017833173247033374,1.584962500721156,1.0,0.13998275167468263,0,0,0.0,0.017833173247033374,0.0
2022-11-14,18329.150390625,301400,-0.0011204729970374992,-0.0011198455015547504,1.584962500721156,1.0,0.13994038197776051,0,0,-0.0,-0.0011198455015547504,-0.0
2022-11-15,18403.400390625,250900,0.00404274135870096,0.004050924260950772,1.584962500721156,1.0,0.13986606386830736,0,0,0.0,0.004050924260950772,0.0
2022-11-16,18409.650390625,219300,0.000339553496785159,0.0003396111515991951,1.584962500721156,1.0,0.1397787134548326,0,0,0.0,0.0003396111515991951,0.0
2022-11-17,18343.900390625,200500,-0.0035778894143715548,-0.00357149639481924,1.584962500721156,1.0,0.13910711013485016,0,0,-0.0,-0.00357149639481924,-0.0
2022-11-18,18307.650390625,198800,-0.001978088841936149,-0.00197613371355454,1.584962500721156,1.0,0.13866312251022692,0,0,-0.0,-0.00197613371355454,-0.0
2022-11-21,18159.94921875,213800,-0.008100449774708418,-0.008067729540576885,1.584962500721156,1.0,0.13939826067436645,0,0,-0.0,-0.008067729540576885,-0.0
2022-11-22,18244.19921875,177700,0.004628601630860599,0.00463933015368867,1.584962500721156,1.0,0.13948706942774663,0,0,0.0,0.00463933015368867,0.0
2022-11-23,18267.25,178800,0.0012626606067816233,0.0012634580983039712,1.584962500721156,1.0,0.13822114053463122,0,0,0.0,0.0012634580983039712,0.0
2022-11-24,18484.099609375,204000,0.011801042862214367,0.011870949889830174,1.584962500721156,1.0,0.1387619100862153,0,0,0.0,0.011870949889830174,0.0
2022-11-25,18512.75,205900,0.0015488019469054911,0.0015500019600884762,1.584962500721156,1.0,0.13864399099217103,0,0,0.0,0.0015500019600884762,0.0
2022-11-28,18562.75,206500,0.0026972005940332764,0.0027008413120686026,1.584962500721156,1.0,0.13837132750927994,0,0,0.0,0.0027008413120686026,0.0
2022-11-29,18618.05078125,195300,0.0029746977400658824,0.00297912654375021,1.584962500721156,1.0,0.13674991236722453,0,0,0.0,0.00297912654375021,0.0
2022-11-30,18758.349609375,345600,0.007507383568474861,0.007535634625419174,1.584962500721156,1.0,0.13706720878056228,0,0,0.0,0.007535634625419174,0.0
2022-12-01,18812.5,325000,0.0028825767148602448,0.002886735334004964,1.584962500721156,1.0,0.13615498858752378,0,0,0.0,0.002886735334004964,0.0
2022-12-02,18696.099609375,254400,-0.006206617442539312,-0.006187396179402005,1.584962500721156,1.0,0.1366092658846564,0,0,-0.0,-0.006187396179402005,-0.0
2022-12-05,18701.05078125,288400,0.0002647887259970962,0.00026482378562620035,1.584962500721156,1.0,0.13629779015721097,0,0,0.0,0.00026482378562620035,0.0
2022-12-06,18642.75,217800,-0.0031223832280691255,-0.0031175136590962937,1.584962500721156,1.0,0.13604963244046672,0,0,-0.0,-0.0031175136590962937,-0.0
2022-12-07,18560.5,200500,-0.004421663914122268,-0.004411902750398933,1.584962500721156,1.0,0.1353089270675291,0,0,-0.0,-0.004411902750398933,-0.0
2022-12-08,18609.349609375,202800,0.0026284549446723396,0.002631912360927746,1.584962500721156,1.0,0.1346128954942201,0,0,0.0,0.002631912360927746,0.0
2022-12-09,18496.599609375,215800,-0.006077211303593385,-0.006058782405979346,1.584962500721156,1.0,0.1324353684042787,0,0,-0.0,-0.006058782405979346,-0.0
2022-12-12,18497.150390625,193900,2.977698935843848e-05,2.977743269738653e-05,1.584962500721156,1.0,0.13076105134156432,0,0,0.0,2.977743269738653e-05,0.0
2022-12-13,18608.0,187600,0.005974908495510217,0.0059927938646799905,1.584962500721156,1.0,0.13002277240800916,0,0,0.0,0.0059927938646799905,0.0
2022-12-14,18660.30078125,208000,0.002806718551028224,0.002810661073194387,1.584962500721156,1.0,0.130064120023106,0,0,0.0,0.002810661073194387,0.0
2022-12-15,18414.900390625,183100,-0.01323817358829901,-0.013150934355333654,1.584962500721156,1.0,0.1321369912930914,0,0,-0.0,-0.013150934355333654,-0.0
2022-12-16,18269.0,277700,-0.007954506384605002,-0.00792295301794177,1.584962500721156,1.0,0.13290827127535187,0,0,-0.0,-0.00792295301794177,-0.0
2022-12-19,18420.44921875,154800,0.008255783729645224,0.008289956688926514,1.584962500721156,1.0,0.13353118246607273,0,0,0.0,0.008289956688926514,0.0
2022-12-20,18385.30078125,169000,-0.0019099433205291773,-0.0019081205394395617,1.584962500721156,1.0,0.1331171168671852,0,0,-0.0,-0.0019081205394395617,-0.0
2022-12-21,18199.099609375,187600,-0.01017935391694218,-0.01012771964355863,1.584962500721156,1.0,0.13431839507941085,0,0,-0.0,-0.01012771964355863,-0.0
2022-12-22,18127.349609375,195700,-0.0039502948868902,-0.003942502735851727,1.584962500721156,1.0,0.1340387943325659,0,0,-0.0,-0.003942502735851727,-0.0
2022-12-23,17806.80078125,221500,-0.01784137526808462,-0.01768316025411787,1.584962500721156,1.0,0.1373833533454373,0,0,-0.0,-0.01768316025411787,-0.0
2022-12-26,18014.599609375,176700,0.01160206785899442,0.011669632893506865,1.584962500721156,1.0,0.1382316906128269,0,0,0.0,0.011669632893506865,0.0
2022-12-27,18132.30078125,214300,0.006512402811413872,0.006533654614990558,1.584962500721156,1.0,0.13821296878503825,0,0,0.0,0.006533654614990558,0.0
2022-12-28,18122.5,193900,-0.0005406611691443354,-0.0005405150382313817,1.584962500721156,1.0,0.1382139247569452,0,0,-0.0,-0.0005405150382313817,-0.0
2022-12-29,18191.0,281100,0.0037727060871833766,0.00377983170092433,1.584962500721156,1.0,0.13703849995262415,0,0,0.0,0.00377983170092433,0.0
2022-12-30,18105.30078125,192000,-0.004722210041123311,-0.00471107793689185,1.584962500721156,1.0,0.1347957056799194,0,0,-0.0,-0.00471107793689185,-0.0
2023-01-02,18197.44921875,256100,0.005076675205536103,0.005089583355357918,1.584962500721156,1.0,0.13480798292056273,0,0,0.0,0.005089583355357918,0.0
2023-01-03,18232.55078125,208700,0.001927069632871597,0.00192892762485819,1.584962500721156,1.0,0.13481843015777195,0,0,0.0,0.00192892762485819,0.0
2023-01-04,18042.94921875,235200,-0.010453517612292944,-0.010399069487028845,1.584962500721156,1.0,0.1357740483188414,0,0,-0.0,-0.010399069487028845,-0.0
2023-01-05,17992.150390625,269900,-0.0028194100932680756,-0.0028154392892826285,1.584962500721156,1.0,0.13584232737680182,0,0,-0.0,-0.0028154392892826285,-0.0
2023-01-06,17859.44921875,238200,-0.0074028372147649955,-0.007375503705446151,1.584962500721156,1.0,0.1342868628943421,0,0,-0.0,-0.007375503705446151,-0.0
2023-01-09,18101.19921875,257200,0.01344545509952314,0.013536251708490266,1.584962500721156,1.0,0.12933973397597354,0,0,0.0,0.013536251708490266,0.0
2023-01-10,17914.150390625,283300,-0.010387266093937284,-0.010333504750958511,1.584962500721156,1.0,0.12886394562034278,0,0,-0.0,-0.010333504750958511,-0.0
2023-01-11,17895.69921875,259900,-0.0010305082936186098,-0.0010299775022909463,1.584962500721156,1.0,0.12887941733183722,0,0,-0.0,-0.0010299775022909463,-0.0
2023-01-12,17858.19921875,227800,-0.0020976741216788596,-0.00209547554088918,1.584962500721156,1.0,0.12839588719623057,0,0,-0.0,-0.00209547554088918,-0.0
2023-01-13,17956.599609375,256700,0.0054949708747303715,0.005510095918388247,1.584962500721156,1.0,0.12870413824552404,0,0,0.0,0.005510095918388247,0.0
2023-01-16,17894.849609375,206200,-0.0034447734977776498,-0.003438847072569362,1.584962500721156,1.0,0.12880680019250346,0,0,-0.0,-0.003438847072569362,-0.0
2023-01-17,18053.30078125,219100,0.008815596703469526,0.008854568511824201,1.584962500721156,1.0,0.12859943509389926,0,0,0.0,0.008854568511824201,0.0
2023-01-18,18165.349609375,255800,0.00618737497867869,0.006206556323560042,1.584962500721156,1.0,0.1289619092055594,0,0,0.0,0.006206556323560042,0.0
2023-01-19,18107.849609375,237800,-0.0031703874707042848,-0.003165367099256078,1.584962500721156,1.0,0.12873840997034666,0,0,-0.0,-0.003165367099256078,-0.0
2023-01-20,18027.650390625,237200,-0.004438812272184146,-0.004428975305189153,1.584962500721156,1.0,0.12835839022917025,0,0,-0.0,-0.004428975305189153,-0.0
2023-01-23,18118.55078125,202500,0.005029606393094338,0.005042276095628795,1.584962500721156,1.0,0.12848403771195221,0,0,0.0,0.005042276095628795,0.0
2023-01-24,18118.30078125,216900,-1.379810823647804e-05,-1.3798013043020418e-05,1.584962500721156,1.0,0.12791928514343825,0,0,-0.0,-1.3798013043020418e-05,-0.0
2023-01-25,17891.94921875,257200,-0.012571672991636754,-0.01249297962501228,1.584962500721156,1.0,0.12537313216500498,0,0,-0.0,-0.01249297962501228,-0.0
2023-01-27,17604.349609375,476300,-0.016204838949638832,-0.016074246906178757,1.584962500721156,1.0,0.1280563684718257,0,0,-0.0,-0.016074246906178757,-0.0
2023-01-30,17648.94921875,432400,0.002530238851503625,0.0025334426073457816,1.584962500721156,1.0,0.12678476693845747,0,0,0.0,0.0025334426073457816,0.0
2023-01-31,17662.150390625,398300,0.0007477066778470427,0.0007479862801675896,1.584962500721156,1.0,0.12646135633570696,0,0,0.0,0.0007479862801675896,0.0
2023-02-01,17616.30078125,512900,-0.0025992997802722563,-0.0025959245256645946,1.584962500721156,1.0,0.12625700405341092,0,0,-0.0,-0.0025959245256645946,-0.0
2023-02-02,17610.400390625,490100,-0.00033499535771969267,-0.0003349392530399564,1.584962500721156,1.0,0.12282114796498256,0,0,-0.0,-0.0003349392530399564,-0.0
2023-02-03,17854.05078125,424100,0.013740758205234283,0.013835596307890219,1.584962500721156,1.0,0.12093859575160631,0,0,0.0,0.013835596307890219,0.0
2023-02-06,17764.599609375,282500,-0.005022725956678951,-0.005010133160870178,1.584962500721156,1.0,0.12128383912440678,0,0,-0.0,-0.005010133160870178,-0.0
2023-02-07,17721.5,354400,-0.0024290993398515346,-0.0024261514654264627,1.584962500721156,1.0,0.12037077091851783,0,0,-0.0,-0.0024261514654264627,-0.0
2023-02-08,17871.69921875,291000,0.00843982073038998,0.008475536424681795,1.584962500721156,1.0,0.12098208719648454,0,0,0.0,0.008475536424681795,0.0
2023-02-09,17893.44921875,260900,0.0012162679944837883,0.0012170079483646568,1.584962500721156,1.0,0.11806676886963421,0,0,0.0,0.0012170079483646568,0.0
2023-02-10,17856.5,232000,-0.00206709283308457,-0.0020649578680046465,1.584962500721156,1.0,0.11618643282095781,0,0,-0.0,-0.0020649578680046465,-0.0
2023-02-13,17770.900390625,231300,-0.0048052775756446476,-0.00479375070002519,1.584962500721156,1.0,0.11038163700981327,0,0,-0.0,-0.00479375070002519,-0.0
2023-02-14,17929.849609375,244500,0.008904589905162998,0.0089443537049958,1.584962500721156,1.0,0.11120438523850604,0,0,0.0,0.0089443537049958,0.0
2023-02-15,18015.849609375,229300,0.004785004379327248,0.004796470794436125,1.584962500721156,1.0,0.11142303926778294,0,0,0.0,0.004796470794436125,0.0
2023-02-16,18035.849609375,230200,0.00110951785824931,0.0011101336008929596,1.584962500721156,1.0,0.11114316054127917,0,0,0.0,0.0011101336008929596,0.0
2023-02-17,17944.19921875,208100,-0.005094522761127012,-0.005081567689351307,1.584962500721156,1.0,0.108416097098867,0,0,-0.0,-0.005081567689351307,-0.0
2023-02-20,17844.599609375,174600,-0.005565979846782634,-0.005550518480140765,1.584962500721156,1.0,0.10813203548291642,0,0,-0.0,-0.005550518480140765,-0.0
2023-02-21,17826.69921875,198200,-0.0010036299610954843,-0.001003126492992057,1.584962500721156,1.0,0.10753823419697399,0,0,-0.0,-0.001003126492992057,-0.0
2023-02-22,17554.30078125,204000,-0.015398310946496917,-0.015280363131582653,1.584962500721156,1.0,0.10957095061011796,0,0,-0.0,-0.015280363131582653,-0.0
2023-02-23,17511.25,240800,-0.0024554471223785586,-0.002452434977984641,1.584962500721156,1.0,0.10900261198987624,0,0,-0.0,-0.002452434977984641,-0.0
2023-02-24,17465.80078125,209400,-0.002598803690668268,-0.002595429723749043,1.584962500721156,1.0,0.10778614558240773,0,0,-0.0,-0.002595429723749043,-0.0
2023-02-27,17392.69921875,246400,-0.004194194796816341,-0.004185411445805309,1.584962500721156,1.0,0.10798293076121852,0,0,-0.0,-0.004185411445805309,-0.0
2023-02-28,17303.94921875,420900,-0.005115779048087727,-0.0051027157362857345,1.584962500721156,1.0,0.1081863687808892,0,0,-0.0,-0.0051027157362857345,-0.0
2023-03-01,17450.900390625,272900,0.008456491641293511,0.008492348770636093,1.584962500721156,1.0,0.10913642717134057,0,0,0.0,0.008492348770636093,0.0
2023-03-02,17321.900390625,310700,-0.007419626196212839,-0.007392168719804415,1.584962500721156,1.0,0.10878599303657356,0,0,-0.0,-0.007392168719804415,-0.0
2023-03-03,17594.349609375,356200,0.015606186138582535,0.015728598629827895,1.584962500721156,1.0,0.11176167060320308,0,0,0.0,0.015728598629827895,0.0
2023-03-06,17711.44921875,362800,0.006633473404126094,0.006655523618366965,1.584962500721156,1.0,0.11205736487663473,0,0,0.0,0.006655523618366965,0.0
2023-03-08,17754.400390625,267000,0.0024221155475668,0.0024250512391459367,1.584962500721156,1.0,0.11203178256728981,0,0,0.0,0.0024250512391459367,0.0
2023-03-09,17589.599609375,262400,-0.009325598438082557,-0.009282249899975281,1.584962500721156,1.0,0.11104386232530353,0,0,-0.0,-0.009282249899975281,-0.0
2023-03-10,17412.900390625,235900,-0.010096462811863625,-0.010045664635585094,1.584962500721156,1.0,0.11148983656799807,0,0,-0.0,-0.010045664635585094,-0.0
2023-03-13,17154.30078125,254900,-0.014962416687813755,-0.014851035931626178,1.584962500721156,1.0,0.11400045193195235,0,0,-0.0,-0.014851035931626178,-0.0
2023-03-14,17043.30078125,290600,-0.006491706128142258,-0.006470680525861194,1.584962500721156,1.0,0.11441509213469951,0,0,-0.0,-0.006470680525861194,-0.0
2023-03-15,16972.150390625,248200,-0.004183422059139645,-0.004174683738684903,1.584962500721156,1.0,0.11434364436866835,0,0,-0.0,-0.004174683738684903,-0.0
2023-03-16,16985.599609375,349800,0.0007921148752918237,0.0007924286811309411,1.584962500721156,1.0,0.11400287330350825,0,0,0.0,0.0007924286811309411,0.0
2023-03-17,17100.05078125,408100,0.0067155298897271865,0.006738129621978839,1.584962500721156,1.0,0.11464689575896625,0,0,0.0,0.006738129621978839,0.0
2023-03-20,16988.400390625,241800,-0.006550651968001941,-0.0065292432199922645,1.584962500721156,1.0,0.11456023366662058,0,0,-0.0,-0.0065292432199922645,-0.0
2023-03-21,17107.5,246700,0.006986182644570191,0.007010642946744028,1.584962500721156,1.0,0.11105863960184638,0,0,0.0,0.007010642946744028,0.0
2023-03-22,17151.900390625,0,0.002592013577443892,0.0025953757489405316,1.584962500721156,1.0,0.11119995685819639,0,0,0.0,0.0025953757489405316,0.0
2023-03-23,17076.900390625,219200,-0.0043822814890137705,-0.004372693304643627,1.584962500721156,1.0,0.11106802480070684,0,0,-0.0,-0.004372693304643627,-0.0
2023-03-24,16945.05078125,228000,-0.007750894050448838,-0.007720933328590696,1.584962500721156,1.0,0.11165008718404033,0,0,-0.0,-0.007720933328590696,-0.0
2023-03-27,16985.69921875,218400,0.002395965721106003,0.0023988383407489433,1.584962500721156,1.0,0.11169506573029059,0,0,0.0,0.0023988383407489433,0.0
2023-03-28,16951.69921875,238800,-0.0020036899079230227,-0.002001683861354908,1.584962500721156,1.0,0.11169580298837611,0,0,-0.0,-0.002001683861354908,-0.0
2023-03-29,17080.69921875,345900,0.0075810476927372725,0.007609856589321451,1.584962500721156,1.0,0.11189763738482096,0,0,0.0,0.007609856589321451,0.0
2023-03-31,17359.75,263900,0.016205182818433635,0.016337198944623932,1.584962500721156,1.0,0.11508430611987054,0,0,0.0,0.016337198944623932,0.0
2023-04-03,17398.05078125,230200,0.002203867672376198,0.002206297973761151,1.584962500721156,1.0,0.1151370957727584,0,0,0.0,0.002206297973761151,0.0
2023-04-05,17557.05078125,248300,0.00909744726853034,0.009138954817361267,1.584962500721156,1.0,0.11440300250814625,0,0,0.0,0.009138954817361267,0.0
2023-04-06,17599.150390625,242700,0.002395004471214228,0.002397874785437182,1.584962500721156,1.0,0.11445616395345458,0,0,0.0,0.002397874785437182,0.0
2023-04-10,17624.05078125,254800,0.0014138632460749291,0.0014148632219350699,1.584962500721156,1.0,0.11437279639057736,0,0,0.0,0.0014148632219350699,0.0
2023-04-11,17722.30078125,304300,0.005559286811614234,0.005574768321964241,1.584962500721156,1.0,0.11468137826785674,0,0,0.0,0.005574768321964241,0.0
2023-04-12,17812.400390625,232800,0.005071088231309614,0.005083967961446945,1.584962500721156,1.0,0.1142685582114258,0,0,0.0,0.005083967961446945,0.0
2023-04-13,17828.0,285800,0.0008753891763391581,0.0008757724412713497,1.584962500721156,1.0,0.11414588947515181,0,0,0.0,0.0008757724412713497,0.0
2023-04-17,17706.849609375,357400,-0.00681870678285114,-0.006795512150830185,1.584962500721156,1.0,0.11423561803123883,0,0,-0.0,-0.006795512150830185,-0.0
2023-04-18,17660.150390625,258900,-0.0026408372714739102,-0.0026373533282438855,1.584962500721156,1.0,0.11427650645145575,0,0,-0.0,-0.0026373533282438855,-0.0
2023-04-19,17618.75,281500,-0.0023470351496987078,-0.002344283016240789,1.584962500721156,1.0,0.11423610441691533,0,0,-0.0,-0.002344283016240789,-0.0
2023-04-20,17624.44921875,215100,0.00032342232975522987,0.0003234746363958152,1.584962500721156,1.0,0.11406570174577964,0,0,0.0,0.0003234746363958152,0.0
2023-04-21,17624.05078125,230200,-2.260734499433094e-05,-2.260708945023282e-05,1.584962500721156,1.0,0.11394108402894586,0,0,-0.0,-2.260708945023282e-05,-0.0
2023-04-24,17743.400390625,255700,0.006749146939408538,0.006771973756565242,1.584962500721156,1.0,0.11421777920789751,0,0,0.0,0.006771973756565242,0.0
2023-04-25,17769.25,297400,0.0014557975062981768,0.0014568576938982503,1.584962500721156,1.0,0.11426007919108642,0,0,0.0,0.0014568576938982503,0.0
2023-04-26,17813.599609375,233000,0.002492753268886545,0.0024958627615121465,1.584962500721156,1.0,0.1138538547797092,0,0,0.0,0.0024958627615121465,0.0
2023-04-27,17915.05078125,241400,0.005678996739265909,0.005695152810193838,1.584962500721156,1.0,0.11418992020467145,0,0,0.0,0.005695152810193838,0.0
2023-04-28,18065.0,290300,0.008335179280697748,0.008370013603697934,1.584962500721156,1.0,0.1130509863097393,0,0,0.0,0.008370013603697934,0.0
2023-05-02,18147.650390625,265200,0.004564732669242972,0.004575166931912511,1.584962500721156,1.0,0.11256352172945973,0,0,0.0,0.004575166931912511,0.0
2023-05-03,18089.849609375,226200,-0.003190111363585117,-0.00318502836487633,1.584962500721156,1.0,0.11179201093353378,0,0,-0.0,-0.00318502836487633,-0.0
2023-05-04,18255.80078125,226600,0.009131894646700034,0.009173717607303677,1.584962500721156,1.0,0.11283612632831382,0,0,0.0,0.009173717607303677,0.0
2023-05-05,18069.0,239700,-0.010285117822267788,-0.010232406865540389,1.584962500721156,1.0,0.11286306939451307,0,0,-0.0,-0.010232406865540389,-0.0
2023-05-08,18264.400390625,228400,0.010756068652657526,0.010814123118324304,1.584962500721156,1.0,0.11411092285273419,0,0,0.0,0.010814123118324304,0.0
2023-05-09,18265.94921875,245400,8.479678637020549e-05,8.480038171931881e-05,1.584962500721156,1.0,0.1100064641014515,0,0,0.0,8.480038171931881e-05,0.0
2023-05-10,18315.099609375,220500,0.0026872067245805376,0.0026908205008338015,1.584962500721156,1.0,0.1084089996538565,0,0,0.0,0.0026908205008338015,0.0
2023-05-11,18297.0,248900,-0.0009887229108728535,-0.0009882342854272697,1.584962500721156,1.0,0.10789453608647946,0,0,-0.0,-0.0009882342854272697,-0.0
2023-05-12,18314.80078125,241700,0.0009724068345624825,0.0009728797753729701,1.584962500721156,1.0,0.10789878460097763,0,0,0.0,0.0009728797753729701,0.0
2023-05-15,18398.849609375,216100,0.004578622613795238,0.004589120522186851,1.584962500721156,1.0,0.10798448548843151,0,0,0.0,0.004589120522186851,0.0
2023-05-16,18286.5,219500,-0.0061250587396132535,-0.006106338807060685,1.584962500721156,1.0,0.10818815363957657,0,0,-0.0,-0.006106338807060685,-0.0
2023-05-17,18181.75,229900,-0.005744738948538704,-0.005728269488420423,1.584962500721156,1.0,0.10829701195695678,0,0,-0.0,-0.005728269488420423,-0.0
2023-05-18,18129.94921875,272100,-0.0028531199312594804,-0.002849053652701161,1.584962500721156,1.0,0.10835034995440233,0,0,-0.0,-0.002849053652701161,-0.0
2023-05-19,18203.400390625,260900,0.004043187469679982,0.0040513721791914925,1.584962500721156,1.0,0.10712240848780338,0,0,0.0,0.0040513721791914925,0.0
2023-05-22,18314.400390625,262600,0.0060792457091855085,0.006097761825706316,1.584962500721156,1.0,0.10747044911325393,0,0,0.0,0.006097761825706316,0.0
2023-05-23,18348.0,270400,0.0018329197446846867,0.001834600568861644,1.584962500721156,1.0,0.10672975459409649,0,0,0.0,0.001834600568861644,0.0
2023-05-24,18285.400390625,232600,-0.003417628155656871,-0.0034117947119577385,1.584962500721156,1.0,0.10455682383336208,0,0,-0.0,-0.0034117947119577385,-0.0
2023-05-25,18321.150390625,235900,0.0019532029433287895,0.001955111686716471,1.584962500721156,1.0,0.10307656100797429,0,0,0.0,0.001955111686716471,0.0
2023-05-26,18499.349609375,198700,0.009679423693686186,0.009726420827874671,1.584962500721156,1.0,0.10425116820712102,0,0,0.0,0.009726420827874671,0.0
2023-05-29,18598.650390625,265300,0.005353443226476252,0.005367798508963517,1.584962500721156,1.0,0.10449734200691274,0,0,0.0,0.005367798508963517,0.0
2023-05-30,18633.849609375,234400,0.0018907797884415813,0.0018925684396833287,1.584962500721156,1.0,0.10417834009433222,0,0,0.0,0.0018925684396833287,0.0
2023-05-31,18534.400390625,696500,-0.005351312266430236,-0.0053370195013254795,1.584962500721156,1.0,0.1044267075488669,0,0,-0.0,-0.0053370195013254795,-0.0
2023-06-01,18487.75,265600,-0.0025201353688439534,-0.0025169624936233204,1.584962500721156,1.0,0.10355615714669272,0,0,-0.0,-0.0025169624936233204,-0.0
2023-06-02,18534.099609375,270900,0.002503906967370625,0.002507044360454902,1.584962500721156,1.0,0.10314221102770904,0,0,0.0,0.002507044360454902,0.0
2023-06-05,18593.849609375,256100,0.0032186023111129003,0.003223787573137793,1.584962500721156,1.0,0.10310104220064953,0,0,0.0,0.003223787573137793,0.0
2023-06-06,18599.0,220800,0.00027695595857881204,0.00027699431442118616,1.584962500721156,1.0,0.10278956772530864,0,0,0.0,0.00027699431442118616,0.0
2023-06-07,18726.400390625,260100,0.006826497990157328,0.006849851638528914,1.584962500721156,1.0,0.10306496875968031,0,0,0.0,0.006849851638528914,0.0
2023-06-08,18634.55078125,286500,-0.004916887367083021,-0.0049048192636628185,1.584962500721156,1.0,0.10344207980884793,0,0,-0.0,-0.0049048192636628185,-0.0
2023-06-09,18563.400390625,221800,-0.003825505177262602,-0.00381819725413457,1.584962500721156,1.0,0.10137223137827844,0,0,-0.0,-0.00381819725413457,-0.0
2023-06-12,18601.5,179500,0.0020503013499982166,0.0020524046550352004,1.584962500721156,1.0,0.09742637294812825,0,0,0.0,0.0020524046550352004,0.0
2023-06-13,18716.150390625,233200,0.00614458574708609,0.0061635024393194016,1.584962500721156,1.0,0.0978147960422705,0,0,0.0,0.0061635024393194016,0.0
2023-06-14,18755.900390625,261400,0.002121582036807868,0.0021238341844009856,1.584962500721156,1.0,0.09784559974181363,0,0,0.0,0.0021238341844009856,0.0
2023-06-15,18688.099609375,263000,-0.0036214536561356998,-0.0036149041015322014,1.584962500721156,1.0,0.09795711766074655,0,0,-0.0,-0.0036149041015322014,-0.0
2023-06-16,18826.0,272800,0.007351956368470602,0.0073790483520230765,1.584962500721156,1.0,0.09857939608523701,0,0,0.0,0.0073790483520230765,0.0
2023-06-19,18755.44921875,219800,-0.003754557931873424,-0.0037475183921172883,1.584962500721156,1.0,0.09636938179599926,0,0,-0.0,-0.0037475183921172883,-0.0
2023-06-20,18816.69921875,211600,0.0032603966930515953,0.003265717567498605,1.584962500721156,1.0,0.0960098761128981,0,0,0.0,0.003265717567498605,0.0
2023-06-21,18856.849609375,217500,0.0021314905059401927,0.0021337637466720683,1.584962500721156,1.0,0.09590040750033912,0,0,0.0,0.0021337637466720683,0.0
2023-06-22,18771.25,252700,-0.004549778379793411,-0.004539443817404343,1.584962500721156,1.0,0.09539003968933843,0,0,-0.0,-0.004539443817404343,-0.0
2023-06-23,18665.5,210600,-0.005649543898520234,-0.005633615236065759,1.584962500721156,1.0,0.09594360695495442,0,0,-0.0,-0.005633615236065759,-0.0
2023-06-26,18691.19921875,171300,0.0013758829522746805,0.0013768299134766515,1.584962500721156,1.0,0.09585881910581294,0,0,0.0,0.0013768299134766515,0.0
2023-06-27,18817.400390625,222500,0.006729211402828641,0.00675190341711196,1.584962500721156,1.0,0.09599169450445742,0,0,0.0,0.00675190341711196,0.0
2023-06-28,18972.099609375,398800,0.008187463868637099,0.00822107281232487,1.584962500721156,1.0,0.095824138266428,0,0,0.0,0.00822107281232487,0.0
2023-06-30,19189.05078125,247900,0.011370386219451868,0.01143527476356887,1.584962500721156,1.0,0.09725598231535866,0,0,0.0,0.01143527476356887,0.0
2023-07-03,19322.55078125,226100,0.006933003527425256,0.00695709243369369,1.584962500721156,1.0,0.09781183613330485,0,0,0.0,0.00695709243369369,0.0
2023-07-04,19389.0,226900,0.0034330468644171055,0.003438946519135566,1.584962500721156,1.0,0.09740520938221163,0,0,0.0,0.003438946519135566,0.0
2023-07-05,19398.5,224400,0.0004898485434720244,0.0004899685388621844,1.584962500721156,1.0,0.09679914266737456,0,0,0.0,0.0004899685388621844,0.0
2023-07-06,19497.30078125,268300,0.005080291021865595,0.00509321758125636,1.584962500721156,1.0,0.09699058267866785,0,0,0.0,0.00509321758125636,0.0
2023-07-07,19331.80078125,237100,-0.008524585713268293,-0.00848835445771845,1.584962500721156,1.0,0.09434691173503044,0,0,-0.0,-0.00848835445771845,-0.0
2023-07-10,19355.900390625,268200,0.0012458539412885826,0.0012466303397029588,1.584962500721156,1.0,0.09415821372983783,0,0,0.0,0.0012466303397029588,0.0
2023-07-11,19439.400390625,251300,0.004304651710725516,0.004313930032438185,1.584962500721156,1.0,0.09409627824566195,0,0,0.0,0.004313930032438185,0.0
2023-07-12,19384.30078125,327900,-0.00283845407345589,-0.002834429471475497,1.584962500721156,1.0,0.09390379554449131,0,0,-0.0,-0.002834429471475497,-0.0
2023-07-13,19413.75,310400,0.0015180775225879406,0.0015192303855748879,1.584962500721156,1.0,0.09329366573820119,0,0,0.0,0.0015192303855748879,0.0
2023-07-14,19564.5,291200,0.007735121594226721,0.007765114931427508,1.584962500721156,1.0,0.09314419869972058,0,0,0.0,0.007765114931427508,0.0
2023-07-17,19711.44921875,268700,0.007482946045497489,0.007511013251041421,1.584962500721156,1.0,0.0925436371389324,0,0,0.0,0.007511013251041421,0.0
2023-07-18,19749.25,286400,0.0019158704007220429,0.001917706853032497,1.584962500721156,1.0,0.08938975980069015,0,0,0.0,0.001917706853032497,0.0
2023-07-19,19833.150390625,259700,0.00423928389630214,0.004248282371482448,1.584962500721156,1.0,0.08907326798071996,0,0,0.0,0.004248282371482448,0.0
2023-07-20,19979.150390625,274700,0.007334449485705515,0.007361412439498949,1.584962500721156,1.0,0.08963270123330326,0,0,0.0,0.007361412439498949,0.0
2023-07-21,19745.0,312500,-0.011788954585924888,-0.011719737128305097,1.584962500721156,1.0,0.09055054069748136,0,0,-0.0,-0.011719737128305097,-0.0
2023-07-24,19672.349609375,265600,-0.0036862180542648424,-0.0036794322929856182,1.584962500721156,1.0,0.08888939125051794,0,0,-0.0,-0.0036794322929856182,-0.0
2023-07-25,19680.599609375,369700,0.00041928243166748923,0.0004193703428323481,1.584962500721156,1.0,0.08451277518934282,0,0,0.0,0.0004193703428323481,0.0
2023-07-26,19778.30078125,244700,0.0049520574860006375,0.004964339187534694,1.584962500721156,1.0,0.0836030853897751,0,0,0.0,0.004964339187534694,0.0
2023-07-27,19659.900390625,334900,-0.006004368496797154,-0.0059863783008722304,1.584962500721156,1.0,0.08401756594641147,0,0,-0.0,-0.0059863783008722304,-0.0
2023-07-28,19646.05078125,258700,-0.0007047080421790248,-0.0007044597937843067,1.584962500721156,1.0,0.08409730024305617,0,0,-0.0,-0.0007044597937843067,-0.0
2023-07-31,19753.80078125,295100,0.005469577389253641,0.005484562836559181,1.584962500721156,1.0,0.08390904142211626,0,0,0.0,0.005484562836559181,0.0
2023-08-01,19733.55078125,298000,-0.0010256449710540406,-0.0010251191770254131,1.584962500721156,1.0,0.08289205186357872,0,0,-0.0,-0.0010251191770254131,-0.0
2023-08-02,19526.55078125,290700,-0.010545154493387934,-0.010489749274959825,1.584962500721156,1.0,0.0848723737724445,0,0,-0.0,-0.010489749274959825,-0.0
2023-08-03,19381.650390625,315700,-0.007448355676119346,-0.007420685416911321,1.584962500721156,1.0,0.08614965691870001,0,0,-0.0,-0.007420685416911321,-0.0
2023-08-04,19517.0,280800,0.006959118337332752,0.006983389270114548,1.584962500721156,1.0,0.08610022855033442,0,0,0.0,0.006983389270114548,0.0
2023-08-07,19597.30078125,216600,0.004105960861445235,0.004114401867602702,1.584962500721156,1.0,0.08477509202720197,0,0,0.0,0.004114401867602702,0.0
2023-08-08,19570.849609375,260300,-0.0013506471779916257,-0.0013497354646058168,1.584962500721156,1.0,0.08490916397065065,0,0,-0.0,-0.0013497354646058168,-0.0
2023-08-09,19632.55078125,266500,0.0031477485221408875,0.003152707884763739,1.584962500721156,1.0,0.08473192142668248,0,0,0.0,0.003152707884763739,0.0
2023-08-10,19543.099609375,312200,-0.004566679886024027,-0.004556268458015711,1.584962500721156,1.0,0.08475492342512092,0,0,-0.0,-0.004556268458015711,-0.0
2023-08-11,19428.30078125,235500,-0.005891456761763215,-0.005874136161590715,1.584962500721156,1.0,0.0819145450033175,0,0,-0.0,-0.005874136161590715,-0.0
2023-08-14,19434.55078125,243900,0.0003216439248586792,0.00032169565781225984,1.584962500721156,1.0,0.08191309005592888,0,0,0.0,0.00032169565781225984,0.0
2023-08-16,19465.0,0,0.0015655309306883672,0.0015667570139761278,1.584962500721156,1.0,0.08082714565072141,0,0,0.0,0.0015667570139761278,0.0
2023-08-17,19365.25,268700,-0.005137758290060533,-0.005124582584125403,1.584962500721156,1.0,0.081477836099429,0,0,-0.0,-0.005124582584125403,-0.0
2023-08-18,19310.150390625,256100,-0.0028493381372506382,-0.0028452826260957353,1.584962500721156,1.0,0.08173766583594089,0,0,-0.0,-0.0028452826260957353,-0.0
2023-08-21,19393.599609375,262600,0.0043122099570484,0.0043215209131937105,1.584962500721156,1.0,0.08156782248623169,0,0,0.0,0.0043215209131937105,0.0
2023-08-22,19396.44921875,208700,0.00014692476375842436,0.00014693555773015454,1.584962500721156,1.0,0.08128786137168097,0,0,0.0,0.00014693555773015454,0.0
2023-08-23,19444.0,225200,0.0024485198272942723,0.0024515199000461063,1.584962500721156,1.0,0.08132657119068788,0,0,0.0,0.0024515199000461063,0.0
2023-08-24,19386.69921875,268300,-0.0029513155310064644,-0.002946964680621278,1.584962500721156,1.0,0.08053223571213533,0,0,-0.0,-0.002946964680621278,-0.0
2023-08-25,19265.80078125,466500,-0.0062556798015631025,-0.006236153774081932,1.584962500721156,1.0,0.08122009250323267,0,0,-0.0,-0.006236153774081932,-0.0
2023-08-28,19306.05078125,248200,0.0020870149074536447,0.002089194238900971,1.584962500721156,1.0,0.08104654139638084,0,0,0.0,0.002089194238900971,0.0
2023-08-29,19342.650390625,307400,0.0018939637920959618,0.0018957584743610756,1.584962500721156,1.0,0.08105113940657227,0,0,0.0,0.0018957584743610756,0.0
2023-08-30,19347.44921875,233000,0.00024806491573087567,0.0002480956863764039,1.584962500721156,1.0,0.08104241705716529,0,0,0.0,0.0002480956863764039,0.0
2023-08-31,19253.80078125,562600,-0.004852103039648143,-0.004840350603388277,1.584962500721156,1.0,0.0810520023989957,0,0,-0.0,-0.004840350603388277,-0.0
2023-09-01,19435.30078125,333000,0.009382556025202547,0.009426710188917609,1.584962500721156,1.0,0.08227978675721623,0,0,0.0,0.009426710188917609,0.0
2023-09-04,19528.80078125,296800,0.004799298621963187,0.004810833701642592,1.584962500721156,1.0,0.08248886392633972,0,0,0.0,0.004810833701642592,0.0
2023-09-05,19574.900390625,256800,0.002357814188949651,0.0023605960187407238,1.584962500721156,1.0,0.0821443828594758,0,0,0.0,0.0023605960187407238,0.0
2023-09-06,19611.05078125,287600,0.0018450694598145603,0.0018467726478093027,1.584962500721156,1.0,0.08121256879982347,0,0,0.0,0.0018467726478093027,0.0
2023-09-07,19727.05078125,304900,0.005897607236551244,0.005915032360780392,1.584962500721156,1.0,0.08141267276621264,0,0,0.0,0.005915032360780392,0.0
2023-09-08,19819.94921875,288100,0.004698136818212182,0.004709190366575022,1.584962500721156,1.0,0.0813531095681247,0,0,0.0,0.004709190366575022,0.0
2023-09-11,19996.349609375,248800,0.008860770587058942,0.008900143420050854,1.584962500721156,1.0,0.08127774446911216,0,0,0.0,0.008900143420050854,0.0
2023-09-12,19993.19921875,328100,-0.00015756069892455075,-0.0001575482868895195,1.584962500721156,1.0,0.07902759995256574,0,0,-0.0,-0.0001575482868895195,-0.0
2023-09-13,20070.0,251400,0.003833986143147051,0.003841345269944396,1.584962500721156,1.0,0.07747238027987022,0,0,0.0,0.003841345269944396,0.0
2023-09-14,20103.099609375,275100,0.0016478497893743786,0.001649208239910216,1.584962500721156,1.0,0.07746153516483843,0,0,0.0,0.001649208239910216,0.0
2023-09-15,20192.349609375,438200,0.004429787863222843,0.004439613877174287,1.584962500721156,1.0,0.07761959533495658,0,0,0.0,0.004439613877174287,0.0
2023-09-18,20133.30078125,264900,-0.0029286010148227575,-0.002924316846098174,1.584962500721156,1.0,0.0778338626271091,0,0,-0.0,-0.002924316846098174,-0.0
2023-09-20,19901.400390625,378100,-0.011585098803333688,-0.011518249945432046,1.584962500721156,1.0,0.08066016294611475,0,0,-0.0,-0.011518249945432046,-0.0
2023-09-21,19742.349609375,275100,-0.00802404589005525,-0.007991939166498319,1.584962500721156,1.0,0.0817917624401675,0,0,-0.0,-0.007991939166498319,-0.0
2023-09-22,19674.25,246400,-0.0034553806166447805,-0.003449417659114995,1.584962500721156,1.0,0.08127367301282565,0,0,-0.0,-0.003449417659114995,-0.0
2023-09-25,19674.55078125,188400,1.5287950028248088e-05,1.5288066889551644e-05,1.584962500721156,1.0,0.0805258471938016,0,0,0.0,1.5288066889551644e-05,0.0
2023-09-26,19664.69921875,204900,-0.0005008515772894238,-0.0005007261720755274,1.584962500721156,1.0,0.08031326413791082,0,0,-0.0,-0.0005007261720755274,-0.0
2023-09-27,19716.44921875,203600,0.002628162551917123,0.002631619198663282,1.584962500721156,1.0,0.08019141507884867,0,0,0.0,0.002631619198663282,0.0
2023-09-28,19523.55078125,352800,-0.009831803841213342,-0.009783629666773708,1.584962500721156,1.0,0.08168043275291813,0,0,-0.0,-0.009783629666773708,-0.0
2023-09-29,19638.30078125,243500,0.005860311697675281,0.005877516917168757,1.584962500721156,1.0,0.08211400865504473,0,0,0.0,0.005877516917168757,0.0
2023-10-03,19528.75,221700,-0.005594042173129665,-0.005578424654468894,1.584962500721156,1.0,0.08250698148500621,0,0,-0.0,-0.005578424654468894,-0.0
2023-10-04,19436.099609375,277100,-0.004755597219883326,-0.004744307271330683,1.584962500721156,1.0,0.08298788455702245,0,0,-0.0,-0.004744307271330683,-0.0
2023-10-05,19545.75,234900,0.005625729970019748,0.005641584105285702,1.584962500721156,1.0,0.0820113987679865,0,0,0.0,0.005641584105285702,0.0
2023-10-06,19653.5,159100,0.005497568008546022,0.0055127073660514725,1.584962500721156,1.0,0.08203534618430137,0,0,0.0,0.0055127073660514725,0.0
2023-10-09,19512.349609375,165100,-0.007207861089913015,-0.00718194675884698,1.584962500721156,1.0,0.08304069640185618,0,0,-0.0,-0.00718194675884698,-0.0
2023-10-10,19689.849609375,216600,0.0090556762901256,0.00909680297624016,1.584962500721156,1.0,0.08365750371892129,0,0,0.0,0.00909680297624016,0.0
2023-10-11,19811.349609375,213700,0.00615173136873013,0.006170692128707245,1.584962500721156,1.0,0.0839784772777772,0,0,0.0,0.006170692128707245,0.0
2023-10-12,19794.0,217900,-0.0008761245971014768,-0.0008757409120068171,1.584962500721156,1.0,0.08397114080540583,0,0,-0.0,-0.0008757409120068171,-0.0
2023-10-13,19751.05078125,255000,-0.002172167428733089,-0.0021698099802970328,1.584962500721156,1.0,0.08400341288140692,0,0,-0.0,-0.0021698099802970328,-0.0
2023-10-16,19731.75,181000,-0.0009776805295215437,-0.0009772027556287366,1.584962500721156,1.0,0.08404629331266422,0,0,-0.0,-0.0009772027556287366,-0.0
2023-10-17,19811.5,185800,0.004033563661320618,0.004041709427698992,1.584962500721156,1.0,0.08359450585762543,0,0,0.0,0.004041709427698992,0.0
2023-10-18,19671.099609375,198900,-0.007112043473065063,-0.007086812741337156,1.584962500721156,1.0,0.08408588341798028,0,0,-0.0,-0.007086812741337156,-0.0
2023-10-19,19624.69921875,230300,-0.002361596586600212,-0.0023588102112444,1.584962500721156,1.0,0.08390313804927871,0,0,-0.0,-0.0023588102112444,-0.0
2023-10-20,19542.650390625,198300,-0.004189660467809165,-0.004180896084593599,1.584962500721156,1.0,0.08425045462223542,0,0,-0.0,-0.004180896084593599,-0.0
2023-10-23,19281.75,176000,-0.01344022395196905,-0.013350307425555652,1.584962500721156,1.0,0.08689916146274063,0,0,-0.0,-0.013350307425555652,-0.0
2023-10-25,19122.150390625,225300,-0.008311683270009834,-0.008277236732921023,1.584962500721156,1.0,0.08803663184390342,0,0,-0.0,-0.008277236732921023,-0.0
2023-10-26,18857.25,300400,-0.013949914095014037,-0.013853064912347501,1.584962500721156,1.0,0.09095893898993046,0,0,-0.0,-0.013853064912347501,-0.0
2023-10-27,19047.25,205200,0.010025278863763394,0.010075700327460302,1.584962500721156,1.0,0.09166964310924998,0,0,0.0,0.010075700327460302,0.0
2023-10-30,19140.900390625,180100,0.004904693073893485,0.004916740769664862,1.584962500721156,1.0,0.09177580233352453,0,0,0.0,0.004916740769664862,0.0
2023-10-31,19079.599609375,206000,-0.003207746304394414,-0.0032026069828995363,1.584962500721156,1.0,0.09180847859396403,0,0,-0.0,-0.0032026069828995363,-0.0
2023-11-01,18989.150390625,194100,-0.004751896973195711,-0.004740624572936891,1.584962500721156,1.0,0.09211073411608604,0,0,-0.0,-0.004740624572936891,-0.0
2023-11-02,19133.25,245600,0.007559875254064636,0.007588523257266999,1.584962500721156,1.0,0.09261564011963533,0,0,0.0,0.007588523257266999,0.0
2023-11-03,19230.599609375,189500,0.005075080802081226,0.005087980838331285,1.584962500721156,1.0,0.09243216034035846,0,0,0.0,0.005087980838331285,0.0
2023-11-06,19411.75,180700,0.009375812778954773,0.00941990339899168,1.584962500721156,1.0,0.09364944946666848,0,0,0.0,0.00941990339899168,0.0
2023-11-07,19406.69921875,198700,-0.0002602258142791332,-0.000260191958478706,1.584962500721156,1.0,0.09304458279432995,0,0,-0.0,-0.000260191958478706,-0.0
2023-11-08,19443.5,195000,0.0018944969651071763,0.0018962926582819506,1.584962500721156,1.0,0.0921336812977823,0,0,0.0,0.0018962926582819506,0.0
2023-11-09,19395.30078125,208400,-0.0024820150223140987,-0.002478937369815082,1.584962500721156,1.0,0.09030695520015315,0,0,-0.0,-0.002478937369815082,-0.0
2023-11-10,19425.349609375,152200,0.0015480850435944918,0.001549283945833313,1.584962500721156,1.0,0.08960325627963281,0,0,0.0,0.001549283945833313,0.0
2023-11-13,19443.55078125,189300,0.0009365417093074231,0.0009369804014345284,1.584962500721156,1.0,0.08943429650858027,0,0,0.0,0.0009369804014345284,0.0
2023-11-15,19675.44921875,291500,0.011856190289938534,0.011926753508604282,1.584962500721156,1.0,0.09159561349815135,0,0,0.0,0.011926753508604282,0.0
2023-11-16,19765.19921875,282700,0.004551150068331243,0.004561522280999375,1.584962500721156,1.0,0.09151933867401062,0,0,0.0,0.004561522280999375,0.0
2023-11-17,19731.80078125,236800,-0.0016911889743673853,-0.0016897597201204206,1.584962500721156,1.0,0.09039243766220693,0,0,-0.0,-0.0016897597201204206,-0.0
2023-11-20,19694.0,173800,-0.0019175662679732529,-0.0019157289123818977,1.584962500721156,1.0,0.09044650933034537,0,0,-0.0,-0.0019157289123818977,-0.0
2023-11-21,19783.400390625,195000,0.004529201141300913,0.0045394734754240496,1.584962500721156,1.0,0.09047619236975256,0,0,0.0,0.0045394734754240496,0.0
2023-11-22,19811.849609375,184500,0.0014370018446946907,0.0014380348265852216,1.584962500721156,1.0,0.09035309464950846,0,0,0.0,0.0014380348265852216,0.0
2023-11-23,19802.0,170000,-0.0004972811112830416,-0.0004971574875239915,1.584962500721156,1.0,0.09033546040729407,0,0,-0.0,-0.0004971574875239915,-0.0
2023-11-24,19794.69921875,145900,-0.0003687570669664962,-0.00036868908443588033,1.584962500721156,1.0,0.08943991793647929,0,0,-0.0,-0.00036868908443588033,-0.0
2023-11-28,19889.69921875,229600,0.004787784883390938,0.004799264638990497,1.584962500721156,1.0,0.08892476124660835,0,0,0.0,0.004799264638990497,0.0
2023-11-29,20096.599609375,236200,0.010348656573869122,0.010402389113554511,1.584962500721156,1.0,0.09051762617090807,0,0,0.0,0.010402389113554511,0.0
2023-11-30,20133.150390625,486600,0.0018171025823992028,0.0018187545137213768,1.584962500721156,1.0,0.09030158757011629,0,0,0.0,0.0018187545137213768,0.0
2023-12-01,20267.900390625,265800,0.00667064331563437,0.0066929416105065975,1.584962500721156,1.0,0.0901591191260248,0,0,0.0,0.0066929416105065975,0.0
2023-12-04,20686.80078125,381100,0.020457480483773903,0.020668169003769332,1.584962500721156,1.0,0.09411861795018196,0,0,0.0,0.020668169003769332,0.0
2023-12-05,20855.099609375,421000,0.008102650447744338,0.008135565760247543,1.584962500721156,1.0,0.09469317784220777,0,0,0.0,0.008135565760247543,0.0
2023-12-06,20937.69921875,359200,0.003952820545223537,0.003960643244200535,1.584962500721156,1.0,0.09485339967243818,0,0,0.0,0.003960643244200535,0.0
2023-12-07,20901.150390625,275000,-0.0017471243957791426,-0.0017455990623970186,1.584962500721156,1.0,0.09466288916171131,0,0,-0.0,-0.0017455990623970186,-0.0
2023-12-08,20969.400390625,292400,0.0032600507599202964,0.003265370504707432,1.584962500721156,1.0,0.09409667985357797,0,0,0.0,0.003265370504707432,0.0
2023-12-11,20997.099609375,212900,0.001320063516009915,0.001320935183362959,1.584962500721156,1.0,0.09407108377786491,0,0,0.0,0.001320935183362959,0.0
2023-12-12,20906.400390625,244900,-0.004328963470418101,-0.004319607014175553,1.584962500721156,1.0,0.09410476859310048,0,0,-0.0,-0.004319607014175553,-0.0
2023-12-13,20926.349609375,260300,0.0009537608817135473,0.0009542158562574343,1.584962500721156,1.0,0.09406443717995096,0,0,0.0,0.0009542158562574343,0.0
2023-12-14,21182.69921875,334400,0.012175662163725103,0.012250087289956912,1.584962500721156,1.0,0.09408969039279852,0,0,0.0,0.012250087289956912,0.0
2023-12-15,21456.650390625,508800,0.012849864921501506,0.012932779200891975,1.584962500721156,1.0,0.09511243884289422,0,0,0.0,0.012932779200891975,0.0
2023-12-18,21418.650390625,249700,-0.0017725827811074615,-0.0017710126840955187,1.584962500721156,1.0,0.09471867607393897,0,0,-0.0,-0.0017710126840955187,-0.0
2023-12-19,21453.099609375,249800,0.001607082806947435,0.0016083748565725031,1.584962500721156,1.0,0.09458132769910695,0,0,0.0,0.0016083748565725031,0.0
2023-12-20,21150.150390625,363900,-0.014222122733049722,-0.01412146609423337,1.584962500721156,1.0,0.09788382304741718,0,0,-0.0,-0.01412146609423337,-0.0
2023-12-21,21255.05078125,277500,0.004947534816775346,0.004959794076523361,1.584962500721156,1.0,0.09804899895127102,0,0,0.0,0.004959794076523361,0.0
2023-12-22,21349.400390625,284700,0.004429103580375731,0.004438926556610712,1.584962500721156,1.0,0.09778860020047196,0,0,0.0,0.004438926556610712,0.0
2023-12-26,21441.349609375,219500,0.004297627887901326,0.004306875934107168,1.584962500721156,1.0,0.09724549918462104,0,0,0.0,0.004306875934107168,0.0
2023-12-27,21654.75,256500,0.009903547502138933,0.0099527499207277,1.584962500721156,1.0,0.09834518417084942,0,0,0.0,0.0099527499207277,0.0
2023-12-28,21778.69921875,393100,0.0057075621422148105,0.005723881307796219,1.584962500721156,1.0,0.09863235878333343,0,0,0.0,0.005723881307796219,0.0
2023-12-29,21731.400390625,270900,-0.0021741548367498844,-0.0021717930740454694,1.584962500721156,1.0,0.09821285822823066,0,0,-0.0,-0.0021717930740454694,-0.0
2024-01-01,21741.900390625,154000,0.0004830551173010514,0.00048317180721269004,1.584962500721156,1.0,0.0979740662358088,0,0,0.0,0.00048317180721269004,0.0
2024-01-02,21665.80078125,263700,-0.0035062758581720864,-0.003500136051024061,1.584962500721156,1.0,0.09817078638406285,0,0,-0.0,-0.003500136051024061,-0.0
2024-01-03,21517.349609375,311900,-0.006875448193459907,-0.00685186637566948,1.584962500721156,1.0,0.0990893190401293,0,0,-0.0,-0.00685186637566948,-0.0
2024-01-04,21658.599609375,339200,0.006543017882762483,0.006564470186349425,1.584962500721156,1.0,0.09947700241654549,0,0,0.0,0.006564470186349425,0.0
2024-01-05,21710.80078125,309300,0.0024072823978970102,0.002410182228605562,1.584962500721156,1.0,0.09924791009179927,0,0,0.0,0.002410182228605562,0.0
2024-01-08,21513.0,231500,-0.009152465005292239,-0.00911070868564301,1.584962500721156,1.0,0.09998450063998372,0,0,-0.0,-0.00911070868564301,-0.0
2024-01-09,21544.849609375,228600,0.001479387172036867,0.0014804820050666745,1.584962500721156,1.0,0.09997485139833123,0,0,0.0,0.0014804820050666745,0.0
2024-01-10,21618.69921875,217000,0.003421854015216792,0.0034277152411805734,1.584962500721156,1.0,0.10003672615991156,0,0,0.0,0.0034277152411805734,0.0
2024-01-11,21647.19921875,212500,0.001317434984659037,0.0013183031833516878,1.584962500721156,1.0,0.100022824490422,0,0,0.0,0.0013183031833516878,0.0
2024-01-12,21894.55078125,294700,0.011361703346499745,0.011426492637705898,1.584962500721156,1.0,0.10089875516115286,0,0,0.0,0.011426492637705898,0.0
2024-01-15,22097.44921875,345500,0.009224398809286917,0.009267074694848665,1.584962500721156,1.0,0.1008637921657547,0,0,0.0,0.009267074694848665,0.0
2024-01-16,22032.30078125,292400,-0.002952587985615914,-0.0029482333845447517,1.584962500721156,1.0,0.10096382764100072,0,0,-0.0,-0.0029482333845447517,-0.0
2024-01-17,21571.94921875,456000,-0.021115770473744744,-0.020894393512082443,1.584962500721156,1.0,0.10770910611140079,0,0,-0.0,-0.020894393512082443,-0.0
2024-01-18,21462.25,387300,-0.0050982455047793645,-0.0050852715087356115,1.584962500721156,1.0,0.10819488268574337,0,0,-0.0,-0.0050852715087356115,-0.0
2024-01-19,21622.400390625,343100,0.007434254509367264,0.00746195718645537,1.584962500721156,1.0,0.10842206058722503,0,0,0.0,0.00746195718645537,0.0
2024-01-23,21238.80078125,449700,-0.017900098054810153,-0.01774084294273448,1.584962500721156,1.0,0.11275842531746168,0,0,-0.0,-0.01774084294273448,-0.0
2024-01-24,21453.94921875,407500,0.010079006802925212,0.010129971071150878,1.584962500721156,1.0,0.11302409732968825,0,0,0.0,0.010129971071150878,0.0
2024-01-25,21352.599609375,418100,-0.004735247364061254,-0.004724053755400193,1.584962500721156,1.0,0.11339079080277426,0,0,-0.0,-0.004724053755400193,-0.0
2024-01-29,21737.599609375,376700,0.01786996821930258,0.018030591452244726,1.584962500721156,1.0,0.11685779192533147,0,0,0.0,0.018030591452244726,0.0
2024-01-30,21522.099609375,375100,-0.009963166019046519,-0.009913698102483215,1.584962500721156,1.0,0.1182505415682079,0,0,-0.0,-0.009913698102483215,-0.0
2024-01-31,21725.69921875,410600,0.009415559590485083,0.009460025419002926,1.584962500721156,1.0,0.11898094990242844,0,0,0.0,0.009460025419002926,0.0
2024-02-01,21697.44921875,332500,-0.00130114950214822,-0.0013003033741542103,1.584962500721156,1.0,0.11886714085800502,0,0,-0.0,-0.0013003033741542103,-0.0
2024-02-02,21853.80078125,442800,0.007180149098767169,0.007205988175093214,1.584962500721156,1.0,0.11745606980874496,0,0,0.0,0.007205988175093214,0.0
2024-02-05,21771.69921875,440800,-0.0037639297855089193,-0.0037568550808078083,1.584962500721156,1.0,0.11673937237009611,0,0,-0.0,-0.0037568550808078083,-0.0
2024-02-06,21929.400390625,371000,0.007217294659854949,0.007243402101531293,1.584962500721156,1.0,0.1169293509069017,0,0,0.0,0.007243402101531293,0.0
2024-02-07,21930.5,346300,5.014190025218764e-05,5.014315737827957e-05,1.584962500721156,1.0,0.1169283607051026,0,0,0.0,5.014315737827957e-05,0.0
2024-02-08,21717.94921875,491100,-0.009739290405751649,-0.009692017110872975,1.584962500721156,1.0,0.11832380082149244,0,0,-0.0,-0.009692017110872975,-0.0
2024-02-09,21782.5,349200,0.0029678235415700974,0.0029722318898448563,1.584962500721156,1.0,0.11833755763012321,0,0,0.0,0.0029722318898448563,0.0
2024-02-12,21616.05078125,287400,-0.007670764664605448,-0.0076414194307357075,1.584962500721156,1.0,0.11782607414752787,0,0,-0.0,-0.0076414194307357075,-0.0
2024-02-13,21743.25,365800,0.005867234081485647,0.005884480011507653,1.584962500721156,1.0,0.11782686139330716,0,0,0.0,0.005884480011507653,0.0
2024-02-14,21840.05078125,359100,0.004442111482625561,0.004451992284961959,1.584962500721156,1.0,0.11740088110053219,0,0,0.0,0.004451992284961959,0.0
2024-02-15,21910.75,345400,0.003231907943473083,0.0032371361888359207,1.584962500721156,1.0,0.1170054763036664,0,0,0.0,0.0032371361888359207,0.0
2024-02-16,22040.69921875,343900,0.005913324803860001,0.005930843022260657,1.584962500721156,1.0,0.11703634729628963,0,0,0.0,0.005930843022260657,0.0
2024-02-19,22122.25,0,0.0036931806134258504,0.0037000088082788096,1.584962500721156,1.0,0.11689348727081968,0,0,0.0,0.0037000088082788096,0.0
2024-02-20,22196.94921875,295700,0.003370967472487328,0.0033766555730090353,1.584962500721156,1.0,0.11604686363028513,0,0,0.0,0.0033766555730090353,0.0
2024-02-21,22055.05078125,364500,-0.006413220819374543,-0.006392700010330099,1.584962500721156,1.0,0.11605635071725748,0,0,-0.0,-0.006392700010330099,-0.0
2024-02-22,22217.44921875,343500,0.007336344949249518,0.0073633218581414805,1.584962500721156,1.0,0.11621453656212695,0,0,0.0,0.0073633218581414805,0.0
2024-02-23,22212.69921875,226000,-0.000213818777795819,-0.0002137959201901074,1.584962500721156,1.0,0.11618512831236809,0,0,-0.0,-0.0002137959201901074,-0.0
2024-02-26,22122.05078125,207800,-0.004089278221713085,-0.004080928508836235,1.584962500721156,1.0,0.11639056441177656,0,0,-0.0,-0.004080928508836235,-0.0
2024-02-27,22198.349609375,252200,0.003443060208267885,0.003448994348646428,1.584962500721156,1.0,0.11638502398099557,0,0,0.0,0.003448994348646428,0.0
2024-02-28,21951.150390625,203000,-0.011198396451173726,-0.011135927809948543,1.584962500721156,1.0,0.11815276197658538,0,0,-0.0,-0.011135927809948543,-0.0
2024-02-29,21982.80078125,360200,0.0014408171929075416,0.0014418556686905948,1.584962500721156,1.0,0.11732536543571233,0,0,0.0,0.0014418556686905948,0.0
2024-03-01,22338.75,351500,0.0160624736924449,0.016192168700068565,1.584962500721156,1.0,0.11975178594683167,0,0,0.0,0.016192168700068565,0.0
2024-03-04,22405.599609375,298800,0.0029880715530739466,0.0029925402887358565,1.584962500721156,1.0,0.11939827137595424,0,0,0.0,0.0029925402887358565,0.0
2024-03-05,22356.30078125,296200,-0.0022027147028049303,-0.00220029050703785,1.584962500721156,1.0,0.11686561717355741,0,0,-0.0,-0.00220029050703785,-0.0
2024-03-06,22474.05078125,312300,0.0052531495595052715,0.005266971542034149,1.584962500721156,1.0,0.11579306249018027,0,0,0.0,0.005266971542034149,0.0
2024-03-07,22493.55078125,379900,0.0008672911404987264,0.0008676673462120199,1.584962500721156,1.0,0.1127016900436833,0,0,0.0,0.0008676673462120199,0.0
2024-03-11,22332.650390625,277900,-0.007178885448103384,-0.007153178801771132,1.584962500721156,1.0,0.1128919089841018,0,0,-0.0,-0.007153178801771132,-0.0
2024-03-12,22335.69921875,299200,0.00013650954899359894,0.0001365188668460693,1.584962500721156,1.0,0.11279870706823676,0,0,0.0,0.0001365188668460693,0.0
2024-03-13,21997.69921875,493300,-0.015248393356596964,-0.015132725270416536,1.584962500721156,1.0,0.11603943183646603,0,0,-0.0,-0.015132725270416536,-0.0
2024-03-14,22146.650390625,426700,0.006748394232673185,0.006771215952804832,1.584962500721156,1.0,0.11585774309379501,0,0,0.0,0.006771215952804832,0.0
2024-03-15,22023.349609375,661500,-0.005583024746448362,-0.005567468627318717,1.584962500721156,1.0,0.11606558330101985,0,0,-0.0,-0.005567468627318717,-0.0
2024-03-18,22055.69921875,356300,0.001467800056624233,0.0014688778023679294,1.584962500721156,1.0,0.11591338111955206,0,0,0.0,0.0014688778023679294,0.0
2024-03-19,21817.44921875,344200,-0.010860963960358783,-0.010802196640288697,1.584962500721156,1.0,0.11697289888628448,0,0,-0.0,-0.010802196640288697,-0.0
2024-03-20,21839.099609375,312400,0.0009918508439663014,0.0009923428906801757,1.584962500721156,1.0,0.11694442805259533,0,0,0.0,0.0009923428906801757,0.0
2024-03-21,22011.94921875,353200,0.007883528864675105,0.0079146856998078,1.584962500721156,1.0,0.11745716382245829,0,0,0.0,0.0079146856998078,0.0
2024-03-22,22096.75,388700,0.0038450866714008036,0.0038524885010076115,1.584962500721156,1.0,0.11734543328818185,0,0,0.0,0.0038524885010076115,0.0
2024-03-26,22004.69921875,328400,-0.004174507484794188,-0.00416580634029895,1.584962500721156,1.0,0.1177218356541424,0,0,-0.0,-0.00416580634029895,-0.0
2024-03-27,22123.650390625,409100,0.005391158338500764,0.005405716783151604,1.584962500721156,1.0,0.11790959340214484,0,0,0.0,0.005405716783151604,0.0
2024-03-28,22326.900390625,410500,0.009145057280234776,0.009187001078543977,1.584962500721156,1.0,0.11731689539692793,0,0,0.0,0.009187001078543977,0.0
2024-04-01,22462.0,0,0.006032745520934439,0.006050979178091831,1.584962500721156,1.0,0.11745552235817949,0,0,0.0,0.006050979178091831,0.0
2024-04-02,22453.30078125,289500,-0.00038736104211539534,-0.0003872860275131451,1.584962500721156,1.0,0.11737793603994899,0,0,-0.0,-0.0003872860275131451,-0.0
2024-04-03,22434.650390625,309600,-0.0008309754048160305,-0.0008306302403686683,1.584962500721156,1.0,0.11730410336458272,0,0,-0.0,-0.0008306302403686683,-0.0
2024-04-04,22514.650390625,401000,0.0035595696965144527,0.003565912488363576,1.584962500721156,1.0,0.11724318659974738,0,0,0.0,0.003565912488363576,0.0
2024-04-05,22513.69921875,242200,-4.22476898839797e-05,-4.224679746289706e-05,1.584962500721156,1.0,0.11726930987752596,0,0,-0.0,-4.224679746289706e-05,-0.0
2024-04-08,22666.30078125,227600,0.006755296273493474,0.006778164752814453,1.584962500721156,1.0,0.11756107566257852,0,0,0.0,0.006778164752814453,0.0
2024-04-09,22642.75,232400,-0.0010395619844089984,-0.0010390218270411866,1.584962500721156,1.0,0.11759663853691585,0,0,-0.0,-0.0010390218270411866,-0.0
2024-04-10,22753.80078125,276800,0.004892486360835239,0.0049044741142307835,1.584962500721156,1.0,0.11760507325591898,0,0,0.0,0.0049044741142307835,0.0
2024-04-12,22519.400390625,357200,-0.01035502147176367,-0.010301592814249916,1.584962500721156,1.0,0.11829240879466262,0,0,-0.0,-0.010301592814249916,-0.0
2024-04-15,22272.5,355500,-0.011024443666037696,-0.010963897188301042,1.584962500721156,1.0,0.12006107042356888,0,0,-0.0,-0.010963897188301042,-0.0
2024-04-16,22147.900390625,317300,-0.005610032105390299,-0.005594325260972033,1.584962500721156,1.0,0.12021259853659666,0,0,-0.0,-0.005594325260972033,-0.0
2024-04-18,21995.849609375,456900,-0.006888920065700564,-0.0068652458503182245,1.584962500721156,1.0,0.11631661836435005,0,0,-0.0,-0.0068652458503182245,-0.0
2024-04-19,22147.0,362500,0.006848265696137249,0.0068717686886063944,1.584962500721156,1.0,0.116108773374085,0,0,0.0,0.0068717686886063944,0.0
2024-04-22,22336.400390625,279300,0.008515605079627573,0.008551965982977361,1.584962500721156,1.0,0.1167236935943279,0,0,0.0,0.008551965982977361,0.0
2024-04-23,22368.0,231500,0.0014137138340638612,0.0014147135985376202,1.584962500721156,1.0,0.11665445238227935,0,0,0.0,0.0014147135985376202,0.0
2024-04-24,22402.400390625,235900,0.001536747364098986,0.0015379287654238016,1.584962500721156,1.0,0.11658523359014665,0,0,0.0,0.0015379287654238016,0.0
2024-04-25,22570.349609375,475000,0.007468967297299811,0.0074969296067168845,1.584962500721156,1.0,0.1171254547342142,0,0,0.0,0.0074969296067168845,0.0
2024-04-26,22419.94921875,329900,-0.006685928069119567,-0.006663626980883297,1.584962500721156,1.0,0.11748371062938234,0,0,-0.0,-0.006663626980883297,-0.0
2024-04-29,22643.400390625,292000,0.009917283345523465,0.00996662256880243,1.584962500721156,1.0,0.11847522585829638,0,0,0.0,0.00996662256880243,0.0
2024-04-30,22604.849609375,361900,-0.0017039682453004383,-0.00170251731563964,1.584962500721156,1.0,0.1169942501986773,0,0,-0.0,-0.00170251731563964,-0.0
2024-05-02,22648.19921875,445900,0.0019158763335262374,0.0019177127972140884,1.584962500721156,1.0,0.11520183712678392,0,0,0.0,0.0019177127972140884,0.0
2024-05-03,22475.849609375,438100,-0.0076389620148829334,-0.007609859296553445,1.584962500721156,1.0,0.11595973303664027,0,0,-0.0,-0.007609859296553445,-0.0
2024-05-06,22442.69921875,320300,-0.0014760226012829026,-0.0014749338156797576,1.584962500721156,1.0,0.11599380577968137,0,0,-0.0,-0.0014749338156797576,-0.0
2024-05-07,22302.5,297800,-0.0062665796554610105,-0.006246985595782073,1.584962500721156,1.0,0.11387920475759551,0,0,-0.0,-0.006246985595782073,-0.0
2024-05-08,22302.5,277400,0.0,0.0,1.584962500721156,1.0,0.11364378429135315,0,0,0.0,0.0,0.0
2024-05-09,21957.5,331300,-0.015590012996666094,-0.01546911781190452,1.584962500721156,1.0,0.11659988219750708,0,0,-0.0,-0.01546911781190452,-0.0
2024-05-10,22055.19921875,265800,0.004439599522660019,0.0044494691449390444,1.584962500721156,1.0,0.11661386393327557,0,0,0.0,0.0044494691449390444,0.0
2024-05-13,22104.05078125,278200,0.002212518664983643,0.0022149680905385605,1.584962500721156,1.0,0.1155281027658422,0,0,0.0,0.0022149680905385605,0.0
2024-05-14,22217.849609375,230200,0.005135117275633606,0.005148324587705533,1.584962500721156,1.0,0.11545517526261181,0,0,0.0,0.005148324587705533,0.0
2024-05-15,22200.55078125,231900,-0.0007789037357247285,-0.0007786004689536163,1.584962500721156,1.0,0.11539678190304083,0,0,-0.0,-0.0007786004689536163,-0.0
2024-05-16,22403.849609375,368900,0.00911570311987133,0.009157377676264788,1.584962500721156,1.0,0.11634901615897006,0,0,0.0,0.009157377676264788,0.0
2024-05-17,22466.099609375,242700,0.0027746873362616406,0.0027785403439750667,1.584962500721156,1.0,0.11623677897856009,0,0,0.0,0.0027785403439750667,0.0
2024-05-21,22529.05078125,347600,0.002798133238882937,0.002802051667603722,1.584962500721156,1.0,0.11564725448021818,0,0,0.0,0.002802051667603722,0.0
2024-05-22,22597.80078125,290300,0.0030469687473969323,0.0030516154749500313,1.584962500721156,1.0,0.11527826948521329,0,0,0.0,0.0030516154749500313,0.0
2024-05-23,22967.650390625,369800,0.01623413013834582,0.01636661960848307,1.584962500721156,1.0,0.11821991209009934,0,0,0.0,0.01636661960848307,0.0
2024-05-24,22957.099609375,261900,-0.00045948127907615604,-0.0004593757337192361,1.584962500721156,1.0,0.1170734866777558,0,0,-0.0,-0.0004593757337192361,-0.0
2024-05-27,22932.44921875,260000,-0.0010743358183047916,-0.0010737589261899938,1.584962500721156,1.0,0.11710468339778328,0,0,-0.0,-0.0010737589261899938,-0.0
2024-05-28,22888.150390625,217900,-0.00193357757447097,-0.0019317094176221072,1.584962500721156,1.0,0.11709427488729415,0,0,-0.0,-0.0019317094176221072,-0.0
2024-05-29,22704.69921875,269900,-0.0080474093408375,-0.008015115627261094,1.584962500721156,1.0,0.11798468670670018,0,0,-0.0,-0.008015115627261094,-0.0
2024-05-30,22488.650390625,373400,-0.00956116224385675,-0.009515599658179275,1.584962500721156,1.0,0.11774012509486921,0,0,-0.0,-0.009515599658179275,-0.0
2024-05-31,22530.69921875,572100,0.0018680341105537352,0.0018697799732139142,1.584962500721156,1.0,0.11680059870443117,0,0,0.0,0.0018697799732139142,0.0
2024-06-03,23263.900390625,569400,0.03202403067452011,0.03254231769535276,1.584962500721156,1.0,0.1282195320982064,0,0,0.0,0.03254231769535276,0.0
2024-06-04,21884.5,1006100,-0.06112419596275757,-0.05929359941641077,1.584962500721156,1.0,0.16075804785582348,0,0,-0.0,-0.05929359941641077,-0.0
2024-06-05,22620.349609375,638500,0.03307130264902321,0.033624236760035675,1.584962500721156,1.0,0.16966428906758485,0,0,0.0,0.033624236760035675,0.0
2024-06-06,22821.400390625,480400,0.008848783029735371,0.008888049244237806,1.584962500721156,1.0,0.16984241817897502,0,0,0.0,0.008888049244237806,0.0
2024-06-07,23290.150390625,473600,0.02033183181806326,0.020539931466807104,1.584962500721156,1.0,0.17009960119578962,0,0,0.0,0.020539931466807104,0.0
2024-06-10,23259.19921875,304400,-0.0013298220789751808,-0.0013289382574128705,1.584962500721156,1.0,0.16945009863614624,0,0,-0.0,-0.0013289382574128705,-0.0
2024-06-11,23264.849609375,305200,0.00024290193115634738,0.0002429314342191624,1.584962500721156,1.0,0.16918607534295155,0,0,0.0,0.0002429314342191624,0.0
2024-06-12,23322.94921875,295600,0.002494199810096445,0.002497312914139238,1.584962500721156,1.0,0.16677199347213667,0,0,0.0,0.002497312914139238,0.0
2024-06-13,23398.900390625,268300,0.0032512085635553246,0.0032564994745150067,1.584962500721156,1.0,0.1658244226270013,0,0,0.0,0.0032564994745150067,0.0
2024-06-14,23465.599609375,223100,0.0028464728647632507,0.0028505279152657437,1.584962500721156,1.0,0.16523578559441784,0,0,0.0,0.0028505279152657437,0.0
2024-06-18,23557.900390625,272200,0.0039257349959185015,0.003933450786960613,1.584962500721156,1.0,0.16527404953395125,0,0,0.0,0.003933450786960613,0.0
2024-06-19,23516.0,328800,-0.0017801967265448713,-0.0017786131162043084,1.584962500721156,1.0,0.16499201706568206,0,0,-0.0,-0.0017786131162043084,-0.0
2024-06-20,23567.0,280300,0.0021663878659495613,0.0021687361796223215,1.584962500721156,1.0,0.16482439282344097,0,0,0.0,0.0021687361796223215,0.0
2024-06-21,23501.099609375,609900,-0.0028002164622532473,-0.00279629951309035,1.584962500721156,1.0,0.16458608846152467,0,0,-0.0,-0.00279629951309035,-0.0
2024-06-24,23537.849609375,239400,0.0015625352218749532,0.00156375661610908,1.584962500721156,1.0,0.16458683874125363,0,0,0.0,0.00156375661610908,0.0
2024-06-25,23721.30078125,298100,0.007763664467508334,0.007793879853915442,1.584962500721156,1.0,0.1640225056177566,0,0,0.0,0.007793879853915442,0.0
2024-06-26,23868.80078125,287800,0.006198787876631016,0.006218040121837909,1.584962500721156,1.0,0.16422233568627204,0,0,0.0,0.006218040121837909,0.0
2024-06-27,24044.5,515200,0.007334080659762657,0.007361040898544724,1.584962500721156,1.0,0.1638939699661854,0,0,0.0,0.007361040898544724,0.0
2024-06-28,24010.599609375,354800,-0.0014108969297394127,-0.0014099020825968367,1.584962500721156,1.0,0.16375741150337175,0,0,-0.0,-0.0014099020825968367,-0.0
2024-07-01,24141.94921875,0,0.00545557559691747,0.005470484349075377,1.584962500721156,1.0,0.16382470638458974,0,0,0.0,0.005470484349075377,0.0
2024-07-02,24123.849609375,0,-0.0007499973340487516,-0.0007497161563467802,1.584962500721156,1.0,0.1638144047186888,0,0,-0.0,-0.0007497161563467802,-0.0
2024-07-03,24286.5,0,0.006719678910168409,0.006742306607722792,1.584962500721156,1.0,0.16388746083997072,0,0,0.0,0.006742306607722792,0.0
2024-07-04,24302.150390625,251200,0.0006441994597673961,0.0006444070008029268,1.584962500721156,1.0,0.1638291099014929,0,0,0.0,0.0006444070008029268,0.0
2024-07-05,24323.849609375,298400,0.0008924945580705119,0.0008928929498506211,1.584962500721156,1.0,0.16378192978466205,0,0,0.0,0.0008928929498506211,0.0
2024-07-08,24320.55078125,266300,-0.0001356303337513403,-0.00013562113637344275,1.584962500721156,1.0,0.16331176794672267,0,0,-0.0,-0.00013562113637344275,-0.0
2024-07-09,24433.19921875,250500,0.00462112711188291,0.004631820986013446,1.584962500721156,1.0,0.16308058568353653,0,0,0.0,0.004631820986013446,0.0
2024-07-10,24324.44921875,292300,-0.004460845993233708,-0.004450911197766749,1.584962500721156,1.0,0.1633288958498423,0,0,-0.0,-0.004450911197766749,-0.0
2024-07-11,24315.94921875,306400,-0.0003495037195243165,-0.0003494426502141934,1.584962500721156,1.0,0.1631181024616412,0,0,-0.0,-0.0003494426502141934,-0.0
2024-07-12,24502.150390625,325800,0.007628403248955412,0.007657573644356042,1.584962500721156,1.0,0.16344193652421954,0,0,0.0,0.007657573644356042,0.0
2024-07-15,24586.69921875,305400,0.0034447298074261035,0.003450669707641296,1.584962500721156,1.0,0.16215444586139632,0,0,0.0,0.003450669707641296,0.0
2024-07-16,24613.0,283200,0.0010691440871768358,0.0010697158254551198,1.584962500721156,1.0,0.16215446403134431,0,0,0.0,0.0010697158254551198,0.0
2024-07-18,24800.849609375,350900,0.007603152387120198,0.007632129743428306,1.584962500721156,1.0,0.1605774847557323,0,0,0.0,0.007632129743428306,0.0
2024-07-19,24530.900390625,343800,-0.010944347737899481,-0.010884676251089243,1.584962500721156,1.0,0.16181640049575774,0,0,-0.0,-0.010884676251089243,-0.0
2024-07-22,24509.25,324200,-0.0008829659721330775,-0.0008825762723847497,1.584962500721156,1.0,0.1617573389733023,0,0,-0.0,-0.0008825762723847497,-0.0
2024-07-23,24479.05078125,436400,-0.0012329157000276177,-0.0012321559717249908,1.584962500721156,1.0,0.16164097325767923,0,0,-0.0,-0.0012321559717249908,-0.0
2024-07-24,24413.5,366600,-0.00268142363114976,-0.002677831825905974,1.584962500721156,1.0,0.16175511758604708,0,0,-0.0,-0.002677831825905974,-0.0
2024-07-25,24406.099609375,391800,-0.0003031729363163769,-0.0003031269840456652,1.584962500721156,1.0,0.16118973943399945,0,0,-0.0,-0.0003031269840456652,-0.0
2024-07-26,24834.849609375,383800,0.01741480789992859,0.01756732976027453,1.584962500721156,1.0,0.1635080331636335,0,0,0.0,0.01756732976027453,0.0
2024-07-29,24836.099609375,355000,5.0331230625744864e-05,5.03324972633834e-05,1.584962500721156,1.0,0.1611430146927859,0,0,0.0,5.03324972633834e-05,0.0
2024-07-30,24857.30078125,385000,0.0008532792280141148,0.0008536433743000504,1.584962500721156,1.0,0.16088538891868834,0,0,0.0,0.0008536433743000504,0.0
2024-07-31,24951.150390625,333600,0.0037684255675633532,0.00377553501085659,1.584962500721156,1.0,0.1605159471273949,0,0,0.0,0.00377553501085659,0.0
2024-08-01,25010.900390625,431300,0.002391816490734086,0.0023946791656728195,1.584962500721156,1.0,0.160524713084106,0,0,0.0,0.0023946791656728195,0.0
2024-08-02,24717.69921875,345000,-0.011792190883304469,-0.011722935491954689,1.584962500721156,1.0,0.1607334880912597,0,0,-0.0,-0.011722935491954689,-0.0
2024-08-05,24055.599609375,487000,-0.02715175314145156,-0.02678645789462286,1.584962500721156,1.0,0.16767817272966903,0,0,-0.0,-0.02678645789462286,-0.0
2024-08-06,23992.55078125,312300,-0.0026244033870099497,-0.0026209626510589334,1.584962500721156,1.0,0.16739156200321129,0,0,-0.0,-0.0026209626510589334,-0.0
2024-08-07,24297.5,317600,0.012630066341245293,0.012710162480444431,1.584962500721156,1.0,0.16846272710054036,0,0,0.0,0.012710162480444431,0.0
2024-08-08,24117.0,311900,-0.007456478381555143,-0.007428747813561065,1.584962500721156,1.0,0.168840285269996,0,0,-0.0,-0.007428747813561065,-0.0
2024-08-09,24367.5,215100,0.010333291215294636,0.010386864037815746,1.584962500721156,1.0,0.16940427821948442,0,0,0.0,0.010386864037815746,0.0
2024-08-12,24347.0,279900,-0.0008416385761983504,-0.0008412844977941925,1.584962500721156,1.0,0.16888037076705745,0,0,-0.0,-0.0008412844977941925,-0.0
2024-08-13,24139.0,239700,-0.00857984886239657,-0.008543146999630324,1.584962500721156,1.0,0.16940745909800528,0,0,-0.0,-0.008543146999630324,-0.0
2024-08-14,24143.75,303300,0.0001967576418212346,0.00019677699987563635,1.584962500721156,1.0,0.16939868603103034,0,0,0.0,0.00019677699987563635,0.0
2024-08-16,24541.150390625,271600,0.016325768935141063,0.016459762490292462,1.584962500721156,1.0,0.1713505467047167,0,0,0.0,0.016459762490292462,0.0
2024-08-19,24572.650390625,243600,0.0012827353541420893,0.0012835584110202358,1.584962500721156,1.0,0.17129648713909487,0,0,0.0,0.0012835584110202358,0.0
2024-08-20,24698.849609375,238300,0.0051226163083365125,0.005135759339910173,1.584962500721156,1.0,0.17142787935664636,0,0,0.0,0.005135759339910173,0.0
2024-08-21,24770.19921875,257100,0.0028846181820890576,0.0028887826964991703,1.584962500721156,1.0,0.17118398493051082,0,0,0.0,0.0028887826964991703,0.0
2024-08-22,24811.5,220300,0.0016659691560852782,0.001667357653657442,1.584962500721156,1.0,0.17115319046209723,0,0,0.0,0.001667357653657442,0.0
2024-08-23,24823.150390625,206800,0.0004694458708691634,0.00046955607782672715,1.584962500721156,1.0,0.17102954084025962,0,0,0.0,0.00046955607782672715,0.0
2024-08-26,25010.599609375,210300,0.007523018148105455,0.007551387144671073,1.584962500721156,1.0,0.17029319492365352,0,0,0.0,0.007551387144671073,0.0
2024-08-27,25017.75,223300,0.0002858535502177548,0.0002858944102370753,1.584962500721156,1.0,0.16904785977758738,0,0,0.0,0.0002858944102370753,0.0
2024-08-28,25052.349609375,220400,0.0013820469762269526,0.0013830024432652799,1.584962500721156,1.0,0.1686440015509376,0,0,0.0,0.0013830024432652799,0.0
2024-08-29,25151.94921875,354000,0.003967777356455909,0.00397565940632294,1.584962500721156,1.0,0.16811637949269956,0,0,0.0,0.00397565940632294,0.0
2024-08-30,25235.900390625,638200,0.003332202116407902,0.003337760073577778,1.584962500721156,1.0,0.167901873428347,0,0,0.0,0.003337760073577778,0.0
2024-09-02,25278.69921875,222800,0.0016945136137639853,0.001695950113232314,1.584962500721156,1.0,0.1674766203537526,0,0,0.0,0.001695950113232314,0.0
2024-09-03,25279.849609375,212100,4.550726442364936e-05,4.550829989491412e-05,1.584962500721156,1.0,0.16749137142396522,0,0,0.0,4.550829989491412e-05,0.0
2024-09-04,25198.69921875,253800,-0.003215245383183467,-0.0032100820170585243,1.584962500721156,1.0,0.16766581082495408,0,0,-0.0,-0.0032100820170585243,-0.0
2024-09-05,25145.099609375,222200,-0.0021293438665674616,-0.0021270784221717465,1.584962500721156,1.0,0.16743609925706204,0,0,-0.0,-0.0021270784221717465,-0.0
2024-09-06,24852.150390625,311700,-0.011718747382249265,-0.011650350298901935,1.584962500721156,1.0,0.16831675521398975,0,0,-0.0,-0.011650350298901935,-0.0
2024-09-09,24936.400390625,254400,0.003384315433638339,0.003390048695012693,1.584962500721156,1.0,0.16770650901631423,0,0,0.0,0.003390048695012693,0.0
2024-09-10,25041.099609375,251300,0.0041898603137641086,0.0041986500501236534,1.584962500721156,1.0,0.16772028264556368,0,0,0.0,0.0041986500501236534,0.0
2024-09-11,24918.44921875,279200,-0.004909997784499106,-0.004897963449619458,1.584962500721156,1.0,0.1680192122576378,0,0,-0.0,-0.004897963449619458,-0.0
2024-09-12,25388.900390625,380100,0.018703624424743968,0.01887963282727112,1.584962500721156,1.0,0.1699281501850864,0,0,0.0,0.01887963282727112,0.0
2024-09-13,25356.5,250800,-0.0012769785942554214,-0.0012761636040355961,1.584962500721156,1.0,0.1699190898779878,0,0,-0.0,-0.0012761636040355961,-0.0
2024-09-16,25383.75,168700,0.0010740980826790941,0.0010746751326089488,1.584962500721156,1.0,0.16942991088251405,0,0,0.0,0.0010746751326089488,0.0
2024-09-17,25418.55078125,216000,0.0013700476615561017,0.0013709866056039743,1.584962500721156,1.0,0.16941249815088674,0,0,0.0,0.0013709866056039743,0.0
2024-09-18,25377.55078125,215700,-0.0016142974615182065,-0.0016129951842196455,1.584962500721156,1.0,0.16702886412672915,0,0,-0.0,-0.0016129951842196455,-0.0
2024-09-19,25415.80078125,314500,0.0015061029073179838,0.0015072376499098983,1.584962500721156,1.0,0.1669601876851072,0,0,0.0,0.0015072376499098983,0.0
2024-09-20,25790.94921875,533100,0.014652566289984728,0.014760441377741573,1.584962500721156,1.0,0.16838608034717878,0,0,0.0,0.014760441377741573,0.0
2024-09-23,25939.05078125,209200,0.005725960454112572,0.005742385099666292,1.584962500721156,1.0,0.16842296794577738,0,0,0.0,0.005742385099666292,0.0
2024-09-24,25940.400390625,384100,5.20286681844374e-05,5.2030021699067674e-05,1.584962500721156,1.0,0.16839378843283015,0,0,0.0,5.2030021699067674e-05,0.0
2024-09-25,26004.150390625,278500,0.0024545416621303915,0.0024575565157058943,1.584962500721156,1.0,0.16793480791245133,0,0,0.0,0.0024575565157058943,0.0
2024-09-26,26216.05078125,370900,0.008115692736807522,0.008148714241454025,1.584962500721156,1.0,0.16827303564539808,0,0,0.0,0.008148714241454025,0.0
2024-09-27,26178.94921875,490300,-0.0014162255444679923,-0.0014152231703233875,1.584962500721156,1.0,0.16834399016135704,0,0,-0.0,-0.0014152231703233875,-0.0
2024-09-30,25810.849609375,343100,-0.014160691857076434,-0.014060900852023384,1.584962500721156,1.0,0.17039497370336523,0,0,-0.0,-0.014060900852023384,-0.0
2024-10-01,25796.900390625,247400,-0.0005405862138807384,-0.0005404401234794243,1.584962500721156,1.0,0.16858386001494802,0,0,-0.0,-0.0005404401234794243,-0.0
2024-10-03,25250.099609375,423400,-0.02142424417261006,-0.021196375260987388,1.584962500721156,1.0,0.17279747749129318,0,0,-0.0,-0.021196375260987388,-0.0
2024-10-04,25014.599609375,374900,-0.009370461848646757,-0.009326695880144675,1.584962500721156,1.0,0.17364287793232083,0,0,-0.0,-0.009326695880144675,-0.0
2024-10-07,24795.75,374300,-0.008787371273170997,-0.008748875168602677,1.584962500721156,1.0,0.17434420872709494,0,0,-0.0,-0.008748875168602677,-0.0
2024-10-08,25013.150390625,333200,0.008729434677965052,0.00876764730346924,1.584962500721156,1.0,0.17416928756616012,0,0,0.0,0.00876764730346924,0.0
2024-10-09,24981.94921875,290600,-0.0012481693673798233,-0.0012473907279866303,1.584962500721156,1.0,0.17328499435749645,0,0,-0.0,-0.0012473907279866303,-0.0
2024-10-10,24998.44921875,261400,0.0006602588660852999,0.0006604768849507447,1.584962500721156,1.0,0.17328296947694963,0,0,0.0,0.0006604768849507447,0.0
2024-10-11,24964.25,210500,-0.0013689902517646816,-0.0013680536120755926,1.584962500721156,1.0,0.16526288680232912,0,0,-0.0,-0.0013680536120755926,-0.0
2024-10-14,25127.94921875,206400,0.006535939888908111,0.006557345754428789,1.584962500721156,1.0,0.12810006628700488,0,0,0.0,0.006557345754428789,0.0
2024-10-15,25057.349609375,257200,-0.0028135592532655376,-0.0028096049048969007,1.584962500721156,1.0,0.1166480969453471,0,0,-0.0,-0.0028096049048969007,-0.0
2024-10-16,24971.30078125,226800,-0.003439985380697183,-0.0034340754096676696,1.584962500721156,1.0,0.11615912306005224,0,0,-0.0,-0.0034340754096676696,-0.0
2024-10-17,24749.849609375,252800,-0.008907784090014885,-0.008868227322834543,1.584962500721156,1.0,0.11263157706692419,0,0,-0.0,-0.008868227322834543,-0.0
2024-10-18,24854.05078125,290900,0.004201335956550517,0.004210173941240125,1.584962500721156,1.0,0.11273298073131909,0,0,0.0,0.004210173941240125,0.0
2024-10-21,24781.099609375,242000,-0.002939498473548445,-0.00293518237799828,1.584962500721156,1.0,0.11289811738669796,0,0,-0.0,-0.00293518237799828,-0.0
2024-10-22,24472.099609375,279500,-0.012547572909439223,-0.012469180337869368,1.584962500721156,1.0,0.11500781864050891,0,0,-0.0,-0.012469180337869368,-0.0
2024-10-23,24435.5,284600,-0.0014966842167451323,-0.001495564743491773,1.584962500721156,1.0,0.11496464929656804,0,0,-0.0,-0.001495564743491773,-0.0
2024-10-24,24399.400390625,216700,-0.0014784351216731097,-0.0014773427748562273,1.584962500721156,1.0,0.11494053086326073,0,0,-0.0,-0.0014773427748562273,-0.0
2024-10-25,24180.80078125,372600,-0.00899959570008371,-0.008959220549493163,1.584962500721156,1.0,0.1158598173404778,0,0,-0.0,-0.008959220549493163,-0.0
2024-10-28,24339.150390625,278600,0.006527218917237164,0.0065485676346082045,1.584962500721156,1.0,0.11627271589655784,0,0,0.0,0.0065485676346082045,0.0
2024-10-29,24466.849609375,332000,0.0052329430871703615,0.0052466588480091225,1.584962500721156,1.0,0.11651891355683618,0,0,0.0,0.0052466588480091225,0.0
2024-10-30,24340.849609375,285200,-0.00516313130612327,-0.005149825253829232,1.584962500721156,1.0,0.11677042241382925,0,0,-0.0,-0.005149825253829232,-0.0
2024-10-31,24205.349609375,287000,-0.00558232586918934,-0.005566773640794054,1.584962500721156,1.0,0.11717862908034422,0,0,-0.0,-0.005566773640794054,-0.0
2024-11-01,24304.349609375,38800,0.004081663627652918,0.004090004961616156,1.584962500721156,1.0,0.11667643470023309,0,0,0.0,0.004090004961616156,0.0
2024-11-04,23995.349609375,285500,-0.012795285302364113,-0.0127137736646451,1.584962500721156,1.0,0.11826168588795959,0,0,-0.0,-0.0127137736646451,-0.0
2024-11-05,24213.30078125,289500,0.009042055940529129,0.00908305881860727,1.584962500721156,1.0,0.11859326437986902,0,0,0.0,0.00908305881860727,0.0
2024-11-06,24484.05078125,351100,0.011119815807918394,0.011181870759630508,1.584962500721156,1.0,0.11999325468827807,0,0,0.0,0.011181870759630508,0.0
2024-11-07,24199.349609375,322200,-0.011696159889418445,-0.011628025706147627,1.584962500721156,1.0,0.12129826823585692,0,0,-0.0,-0.011628025706147627,-0.0
2024-11-08,24148.19921875,298700,-0.0021159463488489003,-0.002113709312467793,1.584962500721156,1.0,0.12134454951581314,0,0,-0.0,-0.002113709312467793,-0.0
2024-11-11,24141.30078125,273400,-0.00028571169910344984,-0.00028567088740283353,1.584962500721156,1.0,0.12081299416343269,0,0,-0.0,-0.00028567088740283353,-0.0
2024-11-12,23883.44921875,255800,-0.010738381367723213,-0.010680930776533315,1.584962500721156,1.0,0.12211771930221592,0,0,-0.0,-0.010680930776533315,-0.0
2024-11-13,23559.05078125,304600,-0.013675649189030194,-0.013582562322921432,1.584962500721156,1.0,0.12416691941178111,0,0,-0.0,-0.013582562322921432,-0.0
2024-11-14,23532.69921875,257700,-0.0011191584619590343,-0.0011185324376894457,1.584962500721156,1.0,0.12417290667465203,0,0,-0.0,-0.0011185324376894457,-0.0
2024-11-18,23453.80078125,263300,-0.003358348106569627,-0.0033527151631265184,1.584962500721156,1.0,0.12398323688988716,0,0,-0.0,-0.0033527151631265184,-0.0
2024-11-19,23518.5,297500,0.002754783503889256,0.002758581406631766,1.584962500721156,1.0,0.12391094709899494,0,0,0.0,0.002758581406631766,0.0
2024-11-21,23349.900390625,420300,-0.007194627306794726,-0.007168807933116472,1.584962500721156,1.0,0.124435342004767,0,0,-0.0,-0.007168807933116472,-0.0
2024-11-22,23907.25,367600,0.02358904203763299,0.023869464111237804,1.584962500721156,1.0,0.13010622187341853,0,0,0.0,0.023869464111237804,0.0
2024-11-25,24221.900390625,687200,0.013075438521712217,0.013161295867362366,1.584962500721156,1.0,0.13187150331962386,0,0,0.0,0.013161295867362366,0.0
2024-11-26,24194.5,230700,-0.0011318641340202825,-0.0011312238174179257,1.584962500721156,1.0,0.1318645579447693,0,0,-0.0,-0.0011312238174179257,-0.0
2024-11-27,24274.900390625,295000,0.0033175761911502914,0.003323085437806128,1.584962500721156,1.0,0.13134132055276876,0,0,0.0,0.003323085437806128,0.0
2024-11-28,23914.150390625,366700,-0.0149725605075969,-0.014861029054492936,1.584962500721156,1.0,0.13243942092813743,0,0,-0.0,-0.014861029054492936,-0.0
2024-11-29,24131.099609375,282100,0.009031098528695802,0.009072001940535257,1.584962500721156,1.0,0.1333481182533417,0,0,0.0,0.009072001940535257,0.0
2024-12-02,24276.05078125,220400,0.005988850983542634,0.006006820004948565,1.584962500721156,1.0,0.1337325521293683,0,0,0.0,0.006006820004948565,0.0
2024-12-03,24457.150390625,339500,0.007432322879372628,0.007460011144599932,1.584962500721156,1.0,0.13424800450877156,0,0,0.0,0.007460011144599932,0.0
2024-12-04,24467.44921875,348000,0.0004210081782723239,0.00042109681465385407,1.584962500721156,1.0,0.13424853979514956,0,0,0.0,0.00042109681465385407,0.0
2024-12-05,24708.400390625,361500,0.009799651742121284,0.009847825562885104,1.584962500721156,1.0,0.13204260813967753,0,0,0.0,0.009847825562885104,0.0
2024-12-06,24677.80078125,226700,-0.0012391968835286232,-0.0012384293961259507,1.584962500721156,1.0,0.13205727814180684,0,0,-0.0,-0.0012384293961259507,-0.0
2024-12-09,24619.0,248100,-0.002385583169878571,-0.0023827399277279726,1.584962500721156,1.0,0.13210429180573294,0,0,-0.0,-0.0023827399277279726,-0.0
2024-12-10,24610.05078125,261000,-0.00036357470666444975,-0.0003635086213900074,1.584962500721156,1.0,0.13194190728392294,0,0,-0.0,-0.0003635086213900074,-0.0
2024-12-11,24641.80078125,187300,0.0012892918089711122,0.0012901233029631864,1.584962500721156,1.0,0.1318945875529495,0,0,0.0,0.0012901233029631864,0.0
2024-12-12,24548.69921875,266100,-0.003785351792322941,-0.003778196379659149,1.584962500721156,1.0,0.13056989057794743,0,0,-0.0,-0.003778196379659149,-0.0
2024-12-13,24768.30078125,310100,0.008905773422254015,0.008945547808588916,1.584962500721156,1.0,0.12312727755533703,0,0,0.0,0.008945547808588916,0.0
2024-12-16,24668.25,187600,-0.004047649614185296,-0.004039468921733236,1.584962500721156,1.0,0.12324676417773955,0,0,-0.0,-0.004039468921733236,-0.0
2024-12-17,24336.0,264900,-0.01356025614827435,-0.013468730047733413,1.584962500721156,1.0,0.12362416381175478,0,0,-0.0,-0.013468730047733413,-0.0
2024-12-18,24198.849609375,235300,-0.005651640286891943,-0.005635699812006956,1.584962500721156,1.0,0.12335179288964196,0,0,-0.0,-0.005635699812006956,-0.0
2024-12-19,23951.69921875,271100,-0.01026582529903898,-0.010213311567061067,1.584962500721156,1.0,0.12329952037041512,0,0,-0.0,-0.010213311567061067,-0.0
2024-12-20,23587.5,442700,-0.015322359236337606,-0.01520556915080562,1.584962500721156,1.0,0.12586994309556246,0,0,-0.0,-0.01520556915080562,-0.0
2024-12-23,23753.44921875,189800,0.007010839504245724,0.0070354729729729115,1.584962500721156,1.0,0.12568779419754553,0,0,0.0,0.0070354729729729115,0.0
2024-12-24,23727.650390625,177700,-0.0010866989549987555,-0.0010861087115143775,1.584962500721156,1.0,0.12569528079809364,0,0,-0.0,-0.0010861087115143775,-0.0
2024-12-26,23750.19921875,177700,0.0009498673594489271,0.0009503186263191132,1.584962500721156,1.0,0.1225680631670605,0,0,0.0,0.0009503186263191132,0.0
2024-12-27,23813.400390625,176800,0.002657545248501766,0.002661079652128029,1.584962500721156,1.0,0.12264192997915306,0,0,0.0,0.002661079652128029,0.0
2024-12-30,23644.900390625,364900,-0.007101000468431965,-0.007075847935867907,1.584962500721156,1.0,0.12280340382516171,0,0,-0.0,-0.007075847935867907,-0.0
2024-12-31,23644.80078125,193600,-4.2127301519090045e-06,-4.212721278373799e-06,1.584962500721156,1.0,0.12267406423923635,0,0,-0.0,-4.212721278373799e-06,-0.0
2025-01-01,23742.900390625,154900,0.004140304217561321,0.004148887118253564,1.584962500721156,1.0,0.12286843078160425,0,0,0.0,0.004148887118253564,0.0
2025-01-02,24188.650390625,283200,0.018599976157659907,0.018774033191665485,1.584962500721156,1.0,0.12694675026609822,0,0,0.0,0.018774033191665485,0.0
2025-01-03,24004.75,312300,-0.007631803596810856,-0.007602755327609123,1.584962500721156,1.0,0.1268393832736764,0,0,-0.0,-0.007602755327609123,-0.0
2025-01-06,23616.05078125,278100,-0.016325128725884954,-0.016192595996625703,1.584962500721156,1.0,0.12958019270394278,0,0,-0.0,-0.016192595996625703,-0.0
2025-01-07,23707.900390625,262300,0.0038817437019732417,0.0038892874268343647,1.584962500721156,1.0,0.12975806191177888,0,0,0.0,0.0038892874268343647,0.0
2025-01-08,23688.94921875,266400,-0.0007996806978147784,-0.0007993610384197103,1.584962500721156,1.0,0.12952655113598796,0,0,-0.0,-0.0007993610384197103,-0.0
2025-01-09,23526.5,269200,-0.006881216315863482,-0.006857594959147506,1.584962500721156,1.0,0.12976119521244292,0,0,-0.0,-0.006857594959147506,-0.0
2025-01-10,23431.5,261000,-0.004046174437066828,-0.004037999702463213,1.584962500721156,1.0,0.12980685911912063,0,0,-0.0,-0.004037999702463213,-0.0
2025-01-13,23085.94921875,316500,-0.014857097422370331,-0.014747275302477436,1.584962500721156,1.0,0.13189644691829738,0,0,-0.0,-0.014747275302477436,-0.0
2025-01-14,23176.05078125,311200,0.003895278043635164,0.003902874499386977,1.584962500721156,1.0,0.1320961397455382,0,0,0.0,0.003902874499386977,0.0
2025-01-15,23213.19921875,228000,0.0016015971562733668,0.0016028803979861728,1.584962500721156,1.0,0.1321477195790662,0,0,0.0,0.0016028803979861728,0.0
2025-01-16,23311.80078125,299400,0.004238654922064901,0.004247650725383689,1.584962500721156,1.0,0.13113849218546259,0,0,0.0,0.004247650725383689,0.0
2025-01-17,23203.19921875,272900,-0.004669537131428157,-0.004658651792672774,1.584962500721156,1.0,0.13111882809844944,0,0,-0.0,-0.004658651792672774,-0.0
2025-01-20,23344.75,301500,0.006081952909099664,0.006100485537167577,1.584962500721156,1.0,0.13136072819166608,0,0,0.0,0.006100485537167577,0.0
2025-01-21,23024.650390625,312900,-0.013806721311582606,-0.013711845677293555,1.584962500721156,1.0,0.13298635621346364,0,0,-0.0,-0.013711845677293555,-0.0
2025-01-22,23155.349609375,276000,0.0056604403518015324,0.0056764909144164655,1.584962500721156,1.0,0.1292878679492839,0,0,0.0,0.0056764909144164655,0.0
2025-01-23,23205.349609375,275600,0.0021570002277194853,0.0021593282262408753,1.584962500721156,1.0,0.12939642785598068,0,0,0.0,0.0021593282262408753,0.0
2025-01-24,23092.19921875,264300,-0.00488797436469754,-0.004876047658393667,1.584962500721156,1.0,0.1295123297007129,0,0,-0.0,-0.004876047658393667,-0.0
2025-01-27,22829.150390625,257400,-0.011456619090824587,-0.011391241935562957,1.584962500721156,1.0,0.13060717118505835,0,0,-0.0,-0.011391241935562957,-0.0
2025-01-28,22957.25,361900,0.005595545512054291,0.005611229817278129,1.584962500721156,1.0,0.1310977248436442,0,0,0.0,0.005611229817278129,0.0
2025-01-29,23163.099609375,226300,0.008926687592645893,0.008966649288351114,1.584962500721156,1.0,0.13210179660768326,0,0,0.0,0.008966649288351114,0.0
2025-01-30,23249.5,361900,0.003723148074350194,0.003730087599762788,1.584962500721156,1.0,0.12967128636056566,0,0,0.0,0.003730087599762788,0.0
2025-01-31,23508.400390625,304900,0.011074194280356322,0.011135740150325812,1.584962500721156,1.0,0.1307786795217439,0,0,0.0,0.011135740150325812,0.0
2025-02-01,23482.150390625,281000,-0.001117246011978889,-0.0011166221250199504,1.584962500721156,1.0,0.13076432145637978,0,0,-0.0,-0.0011166221250199504,-0.0
2025-02-03,23361.05078125,329700,-0.005170435671733403,-0.005157091976693451,1.584962500721156,1.0,0.1307988819606349,0,0,-0.0,-0.005157091976693451,-0.0
2025-02-04,23739.25,376700,0.016059657410686868,0.016189306820631133,1.584962500721156,1.0,0.1330553090206066,0,0,0.0,0.016189306820631133,0.0
2025-02-05,23696.30078125,267000,-0.0018108456539069108,-0.001809207062143936,1.584962500721156,1.0,0.13305958044634336,0,0,-0.0,-0.001809207062143936,-0.0
2025-02-06,23603.349609375,307000,-0.003930316218479903,-0.003922602634608197,1.584962500721156,1.0,0.13130748548950635,0,0,-0.0,-0.003922602634608197,-0.0
2025-02-07,23559.94921875,368100,-0.0018404311807618838,-0.0018387386257991967,1.584962500721156,1.0,0.13131280770277598,0,0,-0.0,-0.0018387386257991967,-0.0
2025-02-10,23381.599609375,234200,-0.0075988318246352615,-0.007570033692307909,1.584962500721156,1.0,0.12719986615291692,0,0,-0.0,-0.007570033692307909,-0.0
2025-02-11,23071.80078125,268000,-0.013338245144624153,-0.013249684936046169,1.584962500721156,1.0,0.12812197505368747,0,0,-0.0,-0.013249684936046169,-0.0
2025-02-12,23045.25,279700,-0.001151451956867338,-0.0011507892904301098,1.584962500721156,1.0,0.12742592126279148,0,0,-0.0,-0.0011507892904301098,-0.0
2025-02-13,23031.400390625,265700,-0.0006011552347958088,-0.0006009745771905495,1.584962500721156,1.0,0.1263997673900695,0,0,-0.0,-0.0006009745771905495,-0.0
2025-02-14,22929.25,254500,-0.00444513112662715,-0.004435266153706374,1.584962500721156,1.0,0.12653660206663145,0,0,-0.0,-0.004435266153706374,-0.0
2025-02-17,22959.5,207400,0.001318406118349223,0.0013192755977626813,1.584962500721156,1.0,0.12656514505244484,0,0,0.0,0.0013192755977626813,0.0
2025-02-18,22945.30078125,210600,-0.0006186376571162799,-0.0006184463402948426,1.584962500721156,1.0,0.12656426162199721,0,0,-0.0,-0.0006184463402948426,-0.0
2025-02-19,22932.900390625,207000,-0.0005405787764224007,-0.0005404326900405598,1.584962500721156,1.0,0.12593354854627906,0,0,-0.0,-0.0005404326900405598,-0.0
2025-02-20,22913.150390625,240800,-0.0008615791713867465,-0.0008612081186238907,1.584962500721156,1.0,0.1258969948613316,0,0,-0.0,-0.0008612081186238907,-0.0
2025-02-21,22795.900390625,242800,-0.005130286241460248,-0.005117148798882476,1.584962500721156,1.0,0.12602169146840117,0,0,-0.0,-0.005117148798882476,-0.0
2025-02-24,22553.349609375,214300,-0.010697116011174177,-0.010640105330068539,1.584962500721156,1.0,0.12637416976354568,0,0,-0.0,-0.010640105330068539,-0.0
2025-02-25,22547.55078125,250300,-0.00025714910818764225,-0.00025711604818956513,1.584962500721156,1.0,0.12607117928079004,0,0,-0.0,-0.00025711604818956513,-0.0
2025-02-27,22545.05078125,289200,-0.00011088293493540093,-0.00011087678764998277,1.584962500721156,1.0,0.1260420324424734,0,0,-0.0,-0.00011087678764998277,-0.0
2025-02-28,22124.69921875,551300,-0.01882096814125905,-0.018644959666695105,1.584962500721156,1.0,0.12808287633026108,0,0,-0.0,-0.018644959666695105,-0.0
2025-03-03,22119.30078125,282400,-0.0002440302652016664,-0.00024400049223838316,1.584962500721156,1.0,0.12808960851346007,0,0,-0.0,-0.00024400049223838316,-0.0
2025-03-04,22082.650390625,253300,-0.001658315891150207,-0.0016569416451024388,1.584962500721156,1.0,0.12809144102861933,0,0,-0.0,-0.0016569416451024388,-0.0
2025-03-05,22337.30078125,305900,0.01146571185468711,0.011531695069225467,1.584962500721156,1.0,0.129095365921024,0,0,0.0,0.011531695069225467,0.0
2025-03-06,22544.69921875,372100,0.00924200854408832,0.009284847776867,1.584962500721156,1.0,0.12961536523348305,0,0,0.0,0.009284847776867,0.0
2025-03-07,22552.5,289800,0.00034595413741610534,0.00034601398645017767,1.584962500721156,1.0,0.12922323561214344,0,0,0.0,0.00034601398645017767,0.0
2025-03-10,22460.30078125,293900,-0.004096583464717347,-0.004088203913091726,1.584962500721156,1.0,0.12913602551353282,0,0,-0.0,-0.004088203913091726,-0.0
2025-03-11,22497.900390625,347900,0.0016726478000064651,0.0016740474556060647,1.584962500721156,1.0,0.12896064878023816,0,0,0.0,0.0016740474556060647,0.0
2025-03-12,22470.5,369700,-0.001218651042867137,-0.0012179087892316698,1.584962500721156,1.0,0.12869577210448038,0,0,-0.0,-0.0012179087892316698,-0.0
2025-03-13,22397.19921875,287500,-0.00326742167482874,-0.003262089461738671,1.584962500721156,1.0,0.12717484877500662,0,0,-0.0,-0.003262089461738671,-0.0
2025-03-17,22508.75,251100,0.004968206335327962,0.004980568336268254,1.584962500721156,1.0,0.1264659834112838,0,0,0.0,0.004980568336268254,0.0
2025-03-18,22834.30078125,272600,0.014359703182661372,0.01446329899483545,1.584962500721156,1.0,0.12744385121981866,0,0,0.0,0.01446329899483545,0.0
2025-03-19,22907.599609375,324000,0.0032048904937790478,0.0032100316461272094,1.584962500721156,1.0,0.12626200145023794,0,0,0.0,0.0032100316461272094,0.0
2025-03-20,23190.650390625,313700,0.012280480863664548,0.012356195589090069,1.584962500721156,1.0,0.1280609249096253,0,0,0.0,0.012356195589090069,0.0
2025-03-21,23350.400390625,541000,0.0068649342763162065,0.0068885519512889015,1.584962500721156,1.0,0.12864448783208746,0,0,0.0,0.0068885519512889015,0.0
2025-03-24,23658.349609375,311900,0.013101970335000056,0.013188177230298859,1.584962500721156,1.0,0.12938717000343042,0,0,0.0,0.013188177230298859,0.0
2025-03-25,23668.650390625,338200,0.0004353025297464832,0.00043539728764163677,1.584962500721156,1.0,0.12733487507165495,0,0,0.0,0.00043539728764163677,0.0
2025-03-26,23486.849609375,278600,-0.007710730752587225,-0.007681079328545448,1.584962500721156,1.0,0.1279825283646192,0,0,-0.0,-0.007681079328545448,-0.0
2025-03-27,23591.94921875,510300,0.004464845602965276,0.004474827877002596,1.584962500721156,1.0,0.12807447908708625,0,0,0.0,0.004474827877002596,0.0
2025-03-28,23519.349609375,295400,-0.003082049047667123,-0.0030773044101545244,1.584962500721156,1.0,0.12809982795394648,0,0,-0.0,-0.0030773044101545244,-0.0
2025-04-01,23165.69921875,314300,-0.015150767296533939,-0.015036571865236992,1.584962500721156,1.0,0.13004221761173027,0,0,-0.0,-0.015036571865236992,-0.0
2025-04-02,23332.349609375,341000,0.007168090205371445,0.0071938424586863725,1.584962500721156,1.0,0.1243553393448332,0,0,0.0,0.0071938424586863725,0.0
2025-04-03,23250.099609375,283200,-0.003531376595912815,-0.0035251486188494496,1.584962500721156,1.0,0.12239837838736298,0,0,-0.0,-0.0035251486188494496,-0.0
2025-04-04,22904.44921875,466800,-0.014978235581472139,-0.014866619775066536,1.584962500721156,1.0,0.12478485526922,0,0,-0.0,-0.014866619775066536,-0.0
2025-04-07,22161.599609375,647100,-0.032970136904421674,-0.03243254628305536,1.584962500721156,1.0,0.1358360826583575,0,0,-0.0,-0.03243254628305536,-0.0
2025-04-08,22535.849609375,468300,0.01674631338889978,0.016887318902814252,1.584962500721156,1.0,0.13697033224779664,0,0,0.0,0.016887318902814252,0.0
2025-04-09,22399.150390625,383800,-0.006084328049671031,-0.006065856008070525,1.584962500721156,1.0,0.13627584788556335,0,0,-0.0,-0.006065856008070525,-0.0
2025-04-11,22828.55078125,402200,0.018988950673859396,0.019170387409190415,1.584962500721156,1.0,0.13980746258074048,0,0,0.0,0.019170387409190415,0.0
2025-04-15,23328.55078125,388300,0.02166598602930882,0.02190239778210845,1.584962500721156,1.0,0.14410945329597002,0,0,0.0,0.02190239778210845,0.0
2025-04-16,23437.19921875,348400,0.004646504460063537,0.004657316201027051,1.584962500721156,1.0,0.1443612250671845,0,0,0.0,0.004657316201027051,0.0
2025-04-17,23851.650390625,505300,0.017528943393621495,0.017683476937954135,1.584962500721156,1.0,0.1464830945185787,0,0,0.0,0.017683476937954135,0.0
2025-04-21,24125.55078125,406100,0.011418063566753105,0.011483498464016417,1.584962500721156,1.0,0.1478010748494856,0,0,0.0,0.011483498464016417,0.0
2025-04-22,24167.25,440900,0.0017269335569158489,0.0017284255654137493,1.584962500721156,1.0,0.14779314114325115,0,0,0.0,0.0017284255654137493,0.0
2025-04-23,24328.94921875,415000,0.006668556323176313,0.006690840652122221,1.584962500721156,1.0,0.1482396410663127,0,0,0.0,0.006690840652122221,0.0
2025-04-24,24246.69921875,358800,-0.0033864737270896763,-0.0033807460922566923,1.584962500721156,1.0,0.14831954912447945,0,0,-0.0,-0.0033807460922566923,-0.0
2025-04-25,24039.349609375,387700,-0.008588438645809417,-0.00855166336268387,1.584962500721156,1.0,0.14886691503995744,0,0,-0.0,-0.00855166336268387,-0.0
2025-04-28,24328.5,320500,0.011956447831200931,0.012028211882747275,1.584962500721156,1.0,0.14948342810210305,0,0,0.0,0.012028211882747275,0.0
2025-04-29,24335.94921875,357600,0.00030614622903455367,0.0003061930965739812,1.584962500721156,1.0,0.14934350748108255,0,0,0.0,0.0003061930965739812,0.0
2025-04-30,24334.19921875,424500,-7.191266338548166e-05,-7.191007773188485e-05,1.584962500721156,1.0,0.1476097352706475,0,0,-0.0,-7.191007773188485e-05,-0.0
2025-05-02,24346.69921875,421100,0.0005135484625769229,0.0005136803511647248,1.584962500721156,1.0,0.14730164221948083,0,0,0.0,0.0005136803511647248,0.0
2025-05-05,24461.150390625,291500,0.004689876016656186,0.004700890697612925,1.584962500721156,1.0,0.1464543719458355,0,0,0.0,0.004700890697612925,0.0
2025-05-06,24379.599609375,302400,-0.0033394596535795407,-0.0033338898599493128,1.584962500721156,1.0,0.14420581750655098,0,0,-0.0,-0.0033338898599493128,-0.0
2025-05-07,24414.400390625,330100,0.001426437150093386,0.0014274549954715887,1.584962500721156,1.0,0.1437794570847563,0,0,0.0,0.0014274549954715887,0.0
2025-05-08,24273.80078125,411400,-0.005775526588332327,-0.005758880297096702,1.584962500721156,1.0,0.14412162310174143,0,0,-0.0,-0.005758880297096702,-0.0
2025-05-09,24008.0,335600,-0.011010503428714508,-0.0109501096942064,1.584962500721156,1.0,0.1453422656145546,0,0,-0.0,-0.0109501096942064,-0.0
2025-05-12,24924.69921875,368700,0.03747214018466671,0.038183073090219954,1.584962500721156,1.0,0.15817212868745942,0,0,0.0,0.038183073090219954,0.0
2025-05-13,24578.349609375,423000,-0.013993290077199355,-0.01389583907654357,1.584962500721156,1.0,0.15952544691549567,0,0,-0.0,-0.01389583907654357,-0.0
2025-05-14,24666.900390625,345500,0.003596321541244558,0.0036027960647213586,1.584962500721156,1.0,0.1596114325366809,0,0,0.0,0.0036027960647213586,0.0
2025-05-15,25062.099609375,500800,0.015894449466611917,0.01602143814146184,1.584962500721156,1.0,0.16157644894605952,0,0,0.0,0.01602143814146184,0.0
2025-05-16,25019.80078125,432700,-0.0016891866264205442,-0.0016877607536591732,1.584962500721156,1.0,0.15871842542152031,0,0,-0.0,-0.0016877607536591732,-0.0
2025-05-19,24945.44921875,255300,-0.002976133107706799,-0.0029717088137536374,1.584962500721156,1.0,0.1582438700653948,0,0,-0.0,-0.0029717088137536374,-0.0
2025-05-20,24683.900390625,414800,-0.010540184450815589,-0.010484831354666824,1.584962500721156,1.0,0.15679932417938558,0,0,-0.0,-0.010484831354666824,-0.0
2025-05-21,24813.44921875,332700,0.0052345883147392296,0.00524831270888626,1.584962500721156,1.0,0.1568984585951476,0,0,0.0,0.00524831270888626,0.0
2025-05-22,24609.69921875,403300,-0.008245170966734258,-0.008211272774042211,1.584962500721156,1.0,0.15756717451609728,0,0,-0.0,-0.008211272774042211,-0.0
2025-05-23,24853.150390625,270500,0.009843878373448323,0.009892488718005854,1.584962500721156,1.0,0.15785685413898976,0,0,0.0,0.009892488718005854,0.0
2025-05-26,25001.150390625,302800,0.0059373186446142635,0.005954979456279652,1.584962500721156,1.0,0.15790709131987984,0,0,0.0,0.005954979456279652,0.0
2025-05-27,24826.19921875,525700,-0.00702232377173064,-0.0069977248703164685,1.584962500721156,1.0,0.15625422776651673,0,0,-0.0,-0.0069977248703164685,-0.0
2025-05-28,24752.44921875,684400,-0.002975073210803887,-0.0029706520659956714,1.584962500721156,1.0,0.15629272147149612,0,0,-0.0,-0.0029706520659956714,-0.0
2025-05-29,24833.599609375,345400,0.003273116733106363,0.003278479228775888,1.584962500721156,1.0,0.1563440985241926,0,0,0.0,0.003278479228775888,0.0
2025-05-30,24750.69921875,853900,-0.0033438193068198903,-0.00333823496911434,1.584962500721156,1.0,0.15637982511292356,0,0,-0.0,-0.00333823496911434,-0.0
2025-06-02,24716.599609375,311100,-0.001378673005562118,-0.0013777230725331435,1.584962500721156,1.0,0.15615873354071264,0,0,-0.0,-0.0013777230725331435,-0.0
2025-06-03,24542.5,349300,-0.007068758288164619,-0.007043833380258491,1.584962500721156,1.0,0.15642613794523158,0,0,-0.0,-0.007043833380258491,-0.0
2025-06-04,24620.19921875,280900,0.0031609038835467354,0.003165904807986175,1.584962500721156,1.0,0.15458073150883117,0,0,0.0,0.003165904807986175,0.0
2025-06-05,24750.900390625,388400,0.005294655304090157,0.005308696762106768,1.584962500721156,1.0,0.1545490025177479,0,0,0.0,0.005308696762106768,0.0
2025-06-06,25003.05078125,335600,0.010135980900817266,0.01018752395450262,1.584962500721156,1.0,0.15533081433531457,0,0,0.0,0.01018752395450262,0.0
2025-06-09,25103.19921875,279200,0.003997448256890138,0.004005448710087123,1.584962500721156,1.0,0.15511627113531984,0,0,0.0,0.004005448710087123,0.0
2025-06-10,25104.25,307300,4.18575835460567e-05,4.18584595869298e-05,1.584962500721156,1.0,0.1537037720541975,0,0,0.0,4.18584595869298e-05,0.0
2025-06-11,25141.400390625,301200,0.001478750781646587,0.0014798446727146697,1.584962500721156,1.0,0.1535137208436031,0,0,0.0,0.0014798446727146697,0.0
2025-06-12,24888.19921875,328300,-0.010122141121121413,-0.010071084662786611,1.584962500721156,1.0,0.1540404298502605,0,0,-0.0,-0.010071084662786611,-0.0
2025-06-13,24718.599609375,318700,-0.006837783295332098,-0.006814458847919758,1.584962500721156,1.0,0.1544856479396893,0,0,-0.0,-0.006814458847919758,-0.0
2025-06-16,24946.5,305800,0.00917755091754434,0.00921979376770854,1.584962500721156,1.0,0.15415659923861338,0,0,0.0,0.00921979376770854,0.0
2025-06-17,24853.400390625,242400,-0.0037389519699400583,-0.0037319707924959866,1.584962500721156,1.0,0.1543045182390384,0,0,-0.0,-0.0037319707924959866,-0.0
2025-06-18,24812.05078125,237600,-0.0016651260767121068,-0.0016637405234334324,1.584962500721156,1.0,0.1540426442247127,0,0,-0.0,-0.0016637405234334324,-0.0
2025-06-19,24793.25,274600,-0.0007580150449296773,-0.0007577278241026608,1.584962500721156,1.0,0.15183992056324264,0,0,-0.0,-0.0007577278241026608,-0.0
2025-06-20,25112.400390625,574700,0.012790324902965947,0.01287247095983779,1.584962500721156,1.0,0.15317527204795145,0,0,0.0,0.01287247095983779,0.0
2025-06-23,24971.900390625,248500,-0.005610555258512813,-0.0055948454872697395,1.584962500721156,1.0,0.15334308785042208,0,0,-0.0,-0.0055948454872697395,-0.0
2025-06-24,25044.349609375,450200,0.0028970292423300638,0.0029012296868362597,1.584962500721156,1.0,0.15333221665856506,0,0,0.0,0.0029012296868362597,0.0
2025-06-25,25244.75,260600,0.00796997571939643,0.008001820520425307,1.584962500721156,1.0,0.15316543243961026,0,0,0.0,0.008001820520425307,0.0
2025-06-26,25549.0,428900,0.011979963629751521,0.012052010814129765,1.584962500721156,1.0,0.15238101412481034,0,0,0.0,0.012052010814129765,0.0
2025-06-27,25637.80078125,564000,0.00346967847107354,0.003475704773181043,1.584962500721156,1.0,0.15238103566548006,0,0,0.0,0.003475704773181043,0.0
2025-06-30,25517.05078125,271000,-0.004720968611190444,-0.004709842354665206,1.584962500721156,1.0,0.15267339167601568,0,0,-0.0,-0.004709842354665206,-0.0
2025-07-01,25541.80078125,260700,0.0009694695897414579,0.0009699396772837598,1.584962500721156,1.0,0.1523812286089902,0,0,0.0,0.0009699396772837598,0.0
2025-07-02,25453.400390625,309800,-0.0034670116851196766,-0.0034610085397696055,1.584962500721156,1.0,0.152580868727248,0,0,-0.0,-0.0034610085397696055,-0.0
2025-07-03,25405.30078125,293400,-0.0018915002785163046,-0.00188971251922454,1.584962500721156,1.0,0.15263740015829197,0,0,-0.0,-0.00188971251922454,-0.0
2025-07-04,25461.0,193500,0.0021900252291445488,0.0021924250859925998,1.584962500721156,1.0,0.15262108614559772,0,0,0.0,0.0021924250859925998,0.0
2025-07-07,25461.30078125,196100,1.181334092876479e-05,1.1813410706551508e-05,1.584962500721156,1.0,0.1525952933345578,0,0,0.0,1.1813410706551508e-05,0.0
2025-07-08,25522.5,210400,0.0024007330644550996,0.0024036171315751087,1.584962500721156,1.0,0.15223457786744418,0,0,0.0,0.0024036171315751087,0.0
2025-07-09,25476.099609375,239100,-0.0018196736296237606,-0.00181801902732881,1.584962500721156,1.0,0.15098064577985829,0,0,-0.0,-0.00181801902732881,-0.0
2025-07-10,25355.25,219600,-0.004754933244868607,-0.004743646446198069,1.584962500721156,1.0,0.151303786130287,0,0,-0.0,-0.004743646446198069,-0.0
2025-07-11,25149.849609375,250000,-0.00813389240519248,-0.008100901810276007,1.584962500721156,1.0,0.1521096677025211,0,0,-0.0,-0.008100901810276007,-0.0
2025-07-14,25082.30078125,259500,-0.0026894675348791744,-0.002685854157148504,1.584962500721156,1.0,0.1484442036930824,0,0,-0.0,-0.002685854157148504,-0.0
2025-07-15,25195.80078125,241300,0.004514895720960817,0.004525103218794291,1.584962500721156,1.0,0.14850908370014165,0,0,0.0,0.004525103218794291,0.0
2025-07-16,25212.05078125,228800,0.0006447408512447503,0.0006449487413033861,1.584962500721156,1.0,0.14842270777985753,0,0,0.0,0.0006449487413033861,0.0
2025-07-17,25111.44921875,243400,-0.003998199509757984,-0.003990217351728331,1.584962500721156,1.0,0.14772867476987903,0,0,-0.0,-0.003990217351728331,-0.0
2025-07-18,24968.400390625,317000,-0.005712845317742711,-0.0056965580472427835,1.584962500721156,1.0,0.14757182222329362,0,0,-0.0,-0.0056965580472427835,-0.0
2025-07-21,25090.69921875,305200,0.004886187422514114,0.004898144302865282,1.584962500721156,1.0,0.14769862931393093,0,0,0.0,0.004898144302865282,0.0
2025-07-22,25060.900390625,483700,-0.0011883501967580668,-0.0011876443882732346,1.584962500721156,1.0,0.14748418170845914,0,0,-0.0,-0.0011876443882732346,-0.0
2025-07-23,25219.900390625,271500,0.006324502693684897,0.006344544590244583,1.584962500721156,1.0,0.14773005682663184,0,0,0.0,0.006344544590244583,0.0
2025-07-24,25062.099609375,338700,-0.006276651657225533,-0.006256994627491075,1.584962500721156,1.0,0.14821287901816702,0,0,-0.0,-0.006256994627491075,-0.0
2025-07-25,24837.0,278100,-0.009022252428611252,-0.008981674037030651,1.584962500721156,1.0,0.14901609060805507,0,0,-0.0,-0.008981674037030651,-0.0
2025-07-28,24680.900390625,262100,-0.006304795850755804,-0.006284962329387578,1.584962500721156,1.0,0.14939143815763262,0,0,-0.0,-0.006284962329387578,-0.0
2025-07-29,24821.099609375,284700,0.005664401180259817,0.005680474234370125,1.584962500721156,1.0,0.14789464250611972,0,0,0.0,0.005680474234370125,0.0
2025-07-30,24855.05078125,243900,0.001366900490246142,0.001367835124523431,1.584962500721156,1.0,0.1478464578977169,0,0,0.0,0.001367835124523431,0.0
2025-07-31,24768.349609375,346300,-0.003494369971240235,-0.0034882717656889994,1.584962500721156,1.0,0.1467627112108663,0,0,-0.0,-0.0034882717656889994,-0.0
2025-08-01,24565.349609375,263400,-0.008229715141942045,-0.008195943742782208,1.584962500721156,1.0,0.14714947340782053,0,0,-0.0,-0.008195943742782208,-0.0
2025-08-04,24722.75,259300,0.006386974825463857,0.006407415043054421,1.584962500721156,1.0,0.1459535269598495,0,0,0.0,0.006407415043054421,0.0
2025-08-05,24649.55078125,251800,-0.0029651959185494695,-0.0029608040671041946,1.584962500721156,1.0,0.1460679399636496,0,0,-0.0,-0.0029608040671041946,-0.0
2025-08-06,24574.19921875,225100,-0.003061596134311999,-0.003056914228121266,1.584962500721156,1.0,0.1455385826321927,0,0,-0.0,-0.003056914228121266,-0.0
2025-08-07,24596.150390625,616700,0.0008928622028389917,0.0008932609229541644,1.584962500721156,1.0,0.14538590612662652,0,0,0.0,0.0008932609229541644,0.0
2025-08-08,24363.30078125,312600,-0.00951200879308063,-0.009466912735407229,1.584962500721156,1.0,0.14622556341254317,0,0,-0.0,-0.009466912735407229,-0.0
2025-08-11,24585.05078125,241100,0.009060632685991908,0.009101804471857822,1.584962500721156,1.0,0.14454156995876202,0,0,0.0,0.009101804471857822,0.0
2025-08-12,24487.400390625,237000,-0.003979850901478695,-0.003971941790719136,1.584962500721156,1.0,0.14432404833389517,0,0,-0.0,-0.003971941790719136,-0.0
2025-08-13,24619.349609375,236000,0.0053739877432256436,0.005388453516712133,1.584962500721156,1.0,0.14438255907570516,0,0,0.0,0.005388453516712133,0.0
2025-08-14,24631.30078125,270200,0.00048532037708285097,0.00048543816407109475,1.584962500721156,1.0,0.1419456182860988,0,0,0.0,0.00048543816407109475,0.0
2025-08-18,24876.94921875,363100,0.009923616908863717,0.009973019276634965,1.584962500721156,1.0,0.13074957952467386,0,0,0.0,0.009973019276634965,0.0
2025-08-19,24980.650390625,252300,0.004159900285259885,0.004168564680625764,1.584962500721156,1.0,0.1282066647379591,0,0,0.0,0.004168564680625764,0.0
2025-08-20,25050.55078125,287100,0.002794273751954044,0.0027981813736617234,1.584962500721156,1.0,0.12764881805464565,0,0,0.0,0.0027981813736617234,0.0
2025-08-21,25083.75,226500,0.0013244115539841486,0.0013252889742787488,1.584962500721156,1.0,0.1240675044178738,0,0,0.0,0.0013252889742787488,0.0
2025-08-22,24870.099609375,210200,-0.008553963109247331,-0.008517482060098724,1.584962500721156,1.0,0.1200882935239709,0,0,-0.0,-0.008517482060098724,-0.0
2025-08-25,24967.75,213000,0.003918729092601476,0.003926417350905487,1.584962500721156,1.0,0.12002692061418883,0,0,0.0,0.003926417350905487,0.0
2025-08-26,24712.05078125,750500,-0.010293981565065833,-0.010241179872034878,1.584962500721156,1.0,0.1179952884311774,0,0,-0.0,-0.010241179872034878,-0.0
2025-08-28,24500.900390625,326600,-0.00858114302373062,-0.008544430103923584,1.584962500721156,1.0,0.11744893559824303,0,0,-0.0,-0.008544430103923584,-0.0
2025-08-29,24426.849609375,325500,-0.003026946376657732,-0.0030223697933294824,1.584962500721156,1.0,0.11754002784166895,0,0,-0.0,-0.0030223697933294824,-0.0
2025-09-01,24625.05078125,229300,0.008081328102276956,0.008114070174605414,1.584962500721156,1.0,0.11778645155571067,0,0,0.0,0.008114070174605414,0.0
2025-09-02,24579.599609375,271600,-0.0018474345185382894,-0.0018457290617897026,1.584962500721156,1.0,0.11768429893402768,0,0,-0.0,-0.0018457290617897026,-0.0
2025-09-03,24715.05078125,340300,0.005495586709857895,0.0055107151470170646,1.584962500721156,1.0,0.11708087586466777,0,0,0.0,0.0055107151470170646,0.0
2025-09-04,24734.30078125,314100,0.0007785744550393448,0.0007788776228048189,1.584962500721156,1.0,0.11541419912816447,0,0,0.0,0.0007788776228048189,0.0
2025-09-05,24741.0,210100,0.0002708106342015157,0.00027084730671167456,1.584962500721156,1.0,0.11541410821788523,0,0,0.0,0.00027084730671167456,0.0
2025-09-08,24773.150390625,213200,0.0012986346282709543,0.0012994782193525012,1.584962500721156,1.0,0.11542830778764342,0,0,0.0,0.0012994782193525012,0.0
2025-09-09,24868.599609375,226900,0.0038455266535053208,0.003852930178235292,1.584962500721156,1.0,0.11558858924676337,0,0,0.0,0.003852930178235292,0.0
2025-09-10,24973.099609375,244100,0.004193282121674665,0.0042020862308871365,1.584962500721156,1.0,0.115537381160176,0,0,0.0,0.0042020862308871365,0.0
2025-09-11,25005.5,224600,0.0012965707489705478,0.0012974116602184615,1.584962500721156,1.0,0.11539216476598639,0,0,0.0,0.0012974116602184615,0.0
2025-09-12,25114.0,225700,0.004329658895022681,0.004339045410009845,1.584962500721156,1.0,0.11557583246902593,0,0,0.0,0.004339045410009845,0.0
2025-09-15,25069.19921875,185400,-0.001785489719644452,-0.0017838966811339896,1.584962500721156,1.0,0.11517272947929444,0,0,-0.0,-0.0017838966811339896,-0.0
2025-09-16,25239.099609375,240100,0.0067543940269436074,0.006777256391098607,1.584962500721156,1.0,0.11403816804621192,0,0,0.0,0.006777256391098607,0.0
2025-09-17,25330.25,268900,0.003604969810507005,0.003611475529465391,1.584962500721156,1.0,0.09558322211680442,0,0,0.0,0.003611475529465391,0.0
2025-09-18,25423.599609375,272200,0.0036785274558399,0.0036853015416349333,1.584962500721156,1.0,0.09269444600212405,0,0,0.0,0.0036853015416349333,0.0
2025-09-19,25327.05078125,380400,-0.0038048357551339826,-0.0037976065391384095,1.584962500721156,1.0,0.09279360176200557,0,0,-0.0,-0.0037976065391384095,-0.0
2025-09-22,25202.349609375,254500,-0.00493579674708062,-0.004923635718664832,1.584962500721156,1.0,0.08936037083653807,0,0,-0.0,-0.004923635718664832,-0.0
2025-09-23,25169.5,299200,-0.001304284606843299,-0.0013034343973540308,1.584962500721156,1.0,0.08934133239444685,0,0,-0.0,-0.0013034343973540308,-0.0
2025-09-24,25056.900390625,244400,-0.004483689738311146,-0.00447365300760838,1.584962500721156,1.0,0.08952212542546675,0,0,-0.0,-0.00447365300760838,-0.0
2025-09-25,24890.849609375,342500,-0.006649003929024595,-0.006626948212322681,1.584962500721156,1.0,0.08844917970402305,0,0,-0.0,-0.006626948212322681,-0.0
2025-09-26,24654.69921875,291500,-0.009532730366893805,-0.009487437927231501,1.584962500721156,1.0,0.08946436695810744,0,0,-0.0,-0.009487437927231501,-0.0
